Store,Dept,SKU_ID,Total_Sales,Avg_Weekly_Demand,Demand_StdDev,Weeks_Observed,Store_Size,Forecasted_Weekly_Demand,Lead_Time_Weeks,Safety_Stock_Value,Reorder_Point_Value,Stock_Cover_Weeks,Current_Stock_Value,Stock_Status,Cumulative_Sales,Cumulative_Sales_Percentage,ABC_Class,Action_Recommendation
14,92,14_92,23758069.98,181359.31282442747,23260.60997858315,131,200898,160118.875,2,54277.52566629235,374515.27566629235,7,1269515.1897709924,Stock Sufficient,23758069.98,0.0038465110799887257,A,Stock Sufficient
20,92,20_92,21665113.02,165382.54213740458,20049.359398494864,131,203742,169743.125,3,57298.74007671278,566528.1150767128,5,826912.7106870229,Stock Sufficient,45423183.0,0.007354165420210431,A,Stock Sufficient
2,92,2_92,21626728.16,165089.5279389313,20310.399387328795,131,202307,165392.390625,2,47393.34974677806,378178.1309967781,1,165089.5279389313,Reorder Required,67049911.16,0.010855605123072362,A,Urgent Reorder - High Priority SKU
13,92,13_92,21358729.13,163043.7338167939,18692.483919892285,131,219622,168272.609375,2,43618.0210520219,380163.2398020219,4,652174.9352671755,Stock Sufficient,88408640.28999999,0.014313654885623946,A,Stock Sufficient
4,92,4_92,21014052.32,160412.613129771,19577.991048186446,131,205863,168240.671875,2,45684.30976620113,382165.6535162011,6,962475.678778626,Stock Sufficient,109422692.60999998,0.017715900318539486,A,Stock Sufficient
20,95,20_95,19739332.85,150681.93015267176,13143.536385819752,131,203742,152069.21875,4,43373.67007320518,651650.5450732051,1,150681.93015267176,Reorder Required,129162025.45999998,0.020911764401060823,A,Urgent Reorder - High Priority SKU
4,95,4_95,19496767.91,148830.28938931297,14740.040636489895,131,205863,156735.625,1,24321.067050208327,181056.69205020834,3,446490.8681679389,Stock Sufficient,148658793.36999997,0.02406835640760493,A,Stock Sufficient
27,92,27_92,19103305.64,145826.76061068702,12483.513730208637,131,204184,140736.671875,3,35676.43206221331,457886.4476872133,6,874960.5636641221,Stock Sufficient,167762099.01,0.027161245555188427,A,Stock Sufficient
2,95,2_95,18848731.38,143883.44564885495,10474.39517595691,131,202307,150626.6875,2,24441.502330564414,325694.8773305644,8,1151067.5651908396,Stock Sufficient,186610830.39,0.030212918277675336,A,Stock Sufficient
14,95,14_95,18787642.7,143417.11984732823,19953.644481676183,131,200898,112761.3671875,3,57025.19796340868,395309.29952590866,1,143417.11984732823,Reorder Required,205398473.08999997,0.03325470053832424,A,Urgent Reorder - High Priority SKU
10,72,10_72,18520019.89,141374.19763358778,76996.90199472623,131,126512,113365.6171875,1,127044.88829129827,240410.50547879827,2,282748.39526717557,Stock Sufficient,223918492.97999996,0.03625315376994051,A,Stock Sufficient
13,95,13_95,18071708.46,137951.97297709924,14024.0123839168,131,219622,150085.1875,1,23139.620433462722,173224.80793346273,7,965663.8108396947,Stock Sufficient,241990201.43999997,0.03917902387993823,A,Stock Sufficient
1,92,1_92,17829360.32,136101.98717557252,17011.698884612164,131,151315,147051.890625,3,48617.45920549826,489773.1310804983,1,136101.98717557252,Reorder Required,259819561.75999996,0.042065657014604636,A,Urgent Reorder - High Priority SKU
31,92,31_92,16704643.52,127516.3627480916,13833.961697233097,131,203750,127752.859375,3,39535.85547378968,422794.4335987897,2,255032.7254961832,Reorder Required,276524205.28,0.04477019473341061,A,Urgent Reorder - High Priority SKU
24,92,24_92,16015491.03,122255.65671755724,12751.858050827028,131,203819,133814.84375,1,21040.565783864597,154855.4095338646,2,244511.31343511448,Stock Sufficient,292539696.30999994,0.04736315635656494,A,Stock Sufficient
1,95,1_95,15920246.38,121528.59832061069,10228.971247194453,131,151315,125910.0859375,3,29233.211550348264,406963.46936284826,2,243057.19664122138,Reorder Required,308459942.68999994,0.04994069755197228,A,Urgent Reorder - High Priority SKU
27,95,27_95,15649115.03,119458.89335877862,13555.905177501421,131,204184,113668.2421875,2,31632.059171239176,258968.54354623918,8,955671.1468702289,Stock Sufficient,324109057.7199999,0.05247434167397318,A,Stock Sufficient
41,92,41_92,15357545.83,117233.17427480916,14684.029495008615,131,196321,127251.8046875,2,34264.48354251076,288768.0929175108,4,468932.69709923666,Stock Sufficient,339466603.5499999,0.05496077976621966,A,Stock Sufficient
13,90,13_90,15264469.85,116522.67061068703,11172.677045467803,131,219622,124897.2734375,1,18434.917125021875,143332.19056252186,3,349568.0118320611,Stock Sufficient,354731073.3999999,0.0574321485456536,A,Stock Sufficient
19,92,19_92,14889540.43,113660.61396946564,11152.179667878429,131,203819,119909.8359375,3,31871.63396983837,391601.1417823384,1,113660.61396946564,Reorder Required,369620613.8299999,0.059842814996596314,A,Urgent Reorder - High Priority SKU
39,92,39_92,14586812.47,111349.71351145039,15170.839860114247,131,184109,125695.4609375,1,25031.885769188506,150727.34670668852,8,890797.7080916031,Stock Sufficient,384207426.29999995,0.062204468777177224,A,Stock Sufficient
20,38,20_38,14468262.51,110444.75198473282,10182.283295882226,131,203742,115738.046875,3,29099.782809121032,376313.923434121,2,220889.50396946564,Reorder Required,398675688.80999994,0.0645469289222879,A,Urgent Reorder - High Priority SKU
10,2,10_2,14306257.68,109208.07389312977,7945.741973146335,131,126512,102938.15625,1,13110.474255691452,116048.63050569146,8,873664.5911450381,Stock Sufficient,412981946.48999995,0.06686315994297344,A,Stock Sufficient
31,95,31_95,14050778.98,107257.85480916032,7701.351207217553,131,203750,106153.6328125,2,17970.736287645028,230278.00191264504,1,107257.85480916032,Reorder Required,427032725.46999997,0.06913802810669802,A,Urgent Reorder - High Priority SKU
3,38,3_38,13976140.53,106688.09564885496,17599.23384009762,131,37392,86351.7109375,2,41066.9740536686,213770.39592866861,1,106688.09564885496,Reorder Required,441008865.99999994,0.07140081205545228,A,Urgent Reorder - High Priority SKU
14,90,14_90,13948286.0,106475.46564885497,12078.845128697993,131,200898,89913.4140625,2,28185.409888034676,208012.2380130347,3,319426.3969465649,Stock Sufficient,454957151.99999994,0.07365908626253295,A,Stock Sufficient
39,95,39_95,13645287.46,104162.4996946565,9540.82664778428,131,184109,119005.7265625,2,22263.064628552816,260274.51775355282,1,104162.4996946565,Reorder Required,468602439.4599999,0.07586830399144383,A,Urgent Reorder - High Priority SKU
26,38,26_38,13560665.64,103516.53160305344,8931.14080851255,131,152513,98121.0546875,1,14736.382334045706,112857.4370215457,1,103516.53160305344,Reorder Required,482163105.0999999,0.0780638211643536,A,Urgent Reorder - High Priority SKU
14,38,14_38,13399811.28,102288.63572519083,10824.521335943695,131,200898,81347.3515625,3,30935.224520421896,274977.2792079219,8,818309.0858015267,Stock Sufficient,495562916.3799999,0.0802332954777834,A,Stock Sufficient
4,72,4_72,13330412.57,101758.87458015267,48695.706279259815,131,205863,98289.640625,3,139166.6716871125,434035.59356211254,8,814070.9966412213,Stock Sufficient,508893328.94999987,0.08239153390769337,A,Stock Sufficient
32,92,32_92,13166927.51,100510.89702290077,10951.369283565597,131,203007,101669.8125,2,25554.498696168077,228894.12369616807,5,502554.4851145038,Stock Sufficient,522060256.45999986,0.08452330355898485,A,Stock Sufficient
6,92,6_92,12964578.16,98966.24549618321,12623.008964654078,131,202505,98754.5546875,1,20827.964791679227,119582.51947917923,6,593797.4729770992,Stock Sufficient,535024834.6199999,0.08662231217297581,A,Stock Sufficient
10,40,10_40,12946204.62,98825.98946564885,6379.602089165886,131,126512,95463.46875,4,21052.686894247425,402906.5618942474,2,197651.9789312977,Reorder Required,547971039.2399999,0.0887183460493198,A,Urgent Reorder - High Priority SKU
28,92,28_92,12917798.64,98609.14992366412,22999.283808493,131,206302,89983.15625,2,53667.73349328391,233634.04599328391,8,788873.199389313,Stock Sufficient,560888837.8799999,0.09080978090238875,A,Stock Sufficient
2,90,2_90,12792667.74,97653.95221374046,8950.753800414745,131,202307,100827.25,4,29537.487541368657,432846.48754136864,1,97653.95221374046,Reorder Required,573681505.6199999,0.09288095664376622,A,Urgent Reorder - High Priority SKU
19,95,19_95,12694969.09,96908.16099236641,9460.668770646904,131,203819,95954.453125,1,15610.10347156739,111564.55659656739,6,581448.9659541985,Stock Sufficient,586376474.7099999,0.09493631464657987,A,Stock Sufficient
40,92,40_92,12660393.8,96644.22748091603,12103.390306877169,131,155083,102548.125,1,19970.594006347328,122518.71900634732,1,96644.22748091603,Reorder Required,599036868.5099999,0.09698607479417247,A,Urgent Reorder - High Priority SKU
20,90,20_90,12589224.3,96100.94885496184,9548.551508598615,131,203742,97386.2109375,1,15755.109989187715,113141.32092668771,2,192201.89770992368,Stock Sufficient,611626092.8099998,0.09902431236141501,A,Stock Sufficient
28,95,28_95,12572621.17,95974.20740458016,15701.111752504452,131,206302,88128.875,1,25906.834391632343,114035.70939163235,1,95974.20740458016,Reorder Required,624198713.9799998,0.10105986182631753,A,Urgent Reorder - High Priority SKU
27,90,27_90,12569194.59,95948.05030534351,7589.248517088533,131,204184,91182.4375,1,12522.260053196078,103704.69755319608,7,671636.3521374046,Stock Sufficient,636767908.5699998,0.10309485651644469,A,Stock Sufficient
4,2,4_2,12387833.26,94563.61267175572,7828.812348182339,131,205863,97275.4921875,3,22373.83623745779,314200.3127999578,5,472818.0633587786,Stock Sufficient,649155741.8299998,0.10510048819998445,A,Stock Sufficient
24,95,24_95,12350091.01,94275.50389312977,12137.383637464849,131,203819,94428.2421875,2,28322.006710516333,217178.49108551635,4,377102.0155725191,Stock Sufficient,661505832.8399998,0.10710000928687512,A,Stock Sufficient
14,72,14_72,12108958.99,92434.80145038168,53625.63641965767,131,200898,76117.1640625,3,153255.83933065404,381607.331518154,2,184869.60290076336,Reorder Required,673614791.8299998,0.10906049029233447,A,Urgent Reorder - High Priority SKU
20,72,20_72,11944548.41,91179.75885496184,52768.11326584855,131,203742,78760.7265625,1,87067.3868886501,165828.1134511501,7,638258.3119847329,Stock Sufficient,685559340.2399998,0.1109943526743884,A,Stock Sufficient
14,91,14_91,11810421.61,90155.89015267175,12015.6590724072,131,200898,73911.484375,1,19825.837469471877,93737.32184447188,6,540935.3409160306,Stock Sufficient,697369761.8499998,0.11290649947841946,A,Stock Sufficient
41,95,41_95,11797101.34,90054.20870229008,9506.740512249638,131,196321,99787.5625,2,22183.526254535554,221758.65125453557,2,180108.41740458016,Reorder Required,709166863.1899998,0.11481648968613666,A,Urgent Reorder - High Priority SKU
4,90,4_90,11762625.52,89791.03450381679,9046.53651615496,131,205863,96267.1796875,4,29853.570503311366,414922.28925331135,4,359164.13801526715,Reorder Required,720929488.7099998,0.11672089814315889,A,Urgent Reorder - High Priority SKU
6,95,6_95,11701141.24,89321.68885496183,11105.69315247009,131,202505,90543.3125,2,25914.606095032406,207001.23109503242,5,446608.44427480915,Stock Sufficient,732630629.9499998,0.11861535208937853,A,Stock Sufficient
10,38,10_38,11522836.39,87960.583129771,11954.775187010242,131,126512,83097.59375,2,27895.898587575542,194091.08608757553,8,703684.665038168,Stock Sufficient,744153466.3399998,0.1204809378833569,A,Stock Sufficient
20,40,20_40,11331170.12,86497.48183206106,5387.3550532060035,131,203742,88800.515625,3,15396.434906433453,281797.98178143345,5,432487.40916030534,Stock Sufficient,755484636.4599998,0.1223154922664574,A,Stock Sufficient
31,90,31_90,11327741.76,86471.31114503817,7737.163553936958,131,203750,89342.9296875,1,12766.319863995981,102109.24955149597,2,172942.62229007634,Stock Sufficient,766812378.2199998,0.12414949158659455,A,Stock Sufficient
10,8,10_8,11311588.61,86348.00465648854,3972.3280819056026,131,126512,84236.859375,3,11352.45220261866,264063.03032761865,8,690784.0372519083,Stock Sufficient,778123966.8299998,0.1259808756576604,A,Stock Sufficient
26,92,26_92,11212383.05,85590.71030534351,11377.827982018627,131,152513,94698.6640625,3,32516.510638647964,316612.50282614795,2,171181.42061068703,Reorder Required,789336349.8799998,0.1277961980163877,A,Urgent Reorder - High Priority SKU
35,72,35_72,11181764.08,85356.97770992367,73096.55256928314,131,103681,82672.890625,3,208901.45579841078,456920.1276734108,4,341427.91083969467,Reorder Required,800518113.9599998,0.12960656306134916,A,Urgent Reorder - High Priority SKU
32,95,32_95,11139278.18,85032.65786259541,5738.362372480234,131,203007,84769.625,3,16399.573049272458,270708.44804927247,6,510195.9471755725,Stock Sufficient,811657392.1399997,0.13141004949684312,A,Stock Sufficient
42,92,42_92,10994388.9,83926.63282442748,13060.886590259553,131,39690,82834.90625,4,43100.92574785653,374440.5507478565,2,167853.26564885495,Reorder Required,822651781.0399997,0.13319007787276574,A,Urgent Reorder - High Priority SKU
13,38,13_38,10979110.34,83810.00259541985,9273.573075506103,131,219622,88410.9140625,2,21639.441144813864,198461.26926981387,6,502860.0155725191,Stock Sufficient,833630891.3799998,0.13496763259866645,A,Stock Sufficient
43,92,43_92,10898863.84,83197.43389312977,8349.06514280082,131,41062,80309.015625,3,23860.658288004983,264787.705163005,3,249592.30167938932,Reorder Required,844529755.2199998,0.13673219514752416,A,Urgent Reorder - High Priority SKU
1,90,1_90,10888451.55,83117.95076335878,8348.399150671736,131,151315,88792.59375,2,19480.591849923596,197065.7793499236,2,166235.90152671756,Reorder Required,855418206.7699997,0.1384950719117669,A,Urgent Reorder - High Priority SKU
2,38,2_38,10884017.540000001,83084.10335877864,10426.98127384305,131,202307,69167.40625,1,17204.519101841033,86371.92535184103,7,581588.7235114505,Stock Sufficient,866302224.3099997,0.14025723079494407,A,Stock Sufficient
13,91,13_91,10613006.97,81015.3203816794,5379.755549133823,131,219622,82784.7890625,2,12553.403378731,178122.981503731,5,405076.601908397,Stock Sufficient,876915231.2799997,0.1419755121594012,A,Stock Sufficient
6,72,6_72,10539518.38,80454.33877862596,37457.24633980729,131,202505,74153.390625,4,123608.91292136404,420222.47542136407,8,643634.7102290076,Stock Sufficient,887454749.6599997,0.14368189547507215,A,Stock Sufficient
31,38,31_38,10538440.15,80446.10801526718,7864.945004374738,131,203750,72292.2109375,4,25954.318514436636,315123.16226443666,3,241338.32404580154,Reorder Required,897993189.8099997,0.14538810422169582,A,Urgent Reorder - High Priority SKU
2,91,2_91,10529887.59,80380.82129770992,5424.800166033117,131,202307,80978.5,4,17901.840547909287,341815.84054790926,8,643046.5703816793,Stock Sufficient,908523077.3999997,0.14709292828021855,A,Stock Sufficient
4,38,4_38,10481445.07,80011.03106870229,7805.479255951533,131,205863,74597.1328125,4,25758.081544640056,324146.61279464007,4,320044.12427480915,Reorder Required,919004522.4699998,0.148789909332551,A,Urgent Reorder - High Priority SKU
39,90,39_90,10439338.07,79689.60358778626,8129.996552261161,131,184109,86224.9453125,2,18970.95978731949,191420.8504123195,5,398448.0179389313,Stock Sufficient,929443860.5399998,0.15048007312059467,A,Stock Sufficient
27,2,27_2,10392058.18,79328.68839694656,8277.558832562972,131,204184,79064.2109375,2,19315.289341180403,177443.7112161804,4,317314.7535877862,Stock Sufficient,939835918.7199998,0.15216258213613792,A,Stock Sufficient
4,40,4_40,10308584.01,78691.48099236641,5378.449811469378,131,205863,80832.5078125,2,12550.356502072967,174215.37212707297,5,393457.4049618321,Stock Sufficient,950144502.7299998,0.1538315764040578,A,Stock Sufficient
1,38,1_38,10297213.4,78604.68244274809,11691.646081137527,131,151315,75352.6484375,2,27281.899349778047,177987.19622477805,4,314418.72977099236,Stock Sufficient,960441716.1299998,0.15549872973214596,A,Stock Sufficient
20,2,20_2,10285553.4,78515.67480916031,6825.661946905884,131,203742,78003.921875,1,11262.342212394708,89266.26408739471,3,235547.02442748094,Stock Sufficient,970727269.5299997,0.1571639952671924,A,Stock Sufficient
9,38,9_38,10251247.05,78253.79427480916,9053.97689456832,131,125833,67899.515625,3,25875.214186712576,229573.76106171258,8,626030.3541984733,Stock Sufficient,980978516.5799997,0.15882370648930433,A,Stock Sufficient
17,38,17_38,10238149.93,78153.81625954199,9694.173413705006,131,93188,82069.9140625,2,22620.892004136203,186760.7201291362,3,234461.44877862596,Stock Sufficient,991216666.5099996,0.1604812972438346,A,Stock Sufficient
20,91,20_91,10223580.52,78042.59938931298,9541.022808570508,131,203742,77537.859375,2,22263.522360405892,177339.24111040588,6,468255.5963358779,Stock Sufficient,1001440247.0299996,0.16213652916210242,A,Stock Sufficient
2,40,2_40,10167960.27,77618.01732824427,4999.109910003641,131,202307,77462.828125,4,16497.062703012012,326348.375203012,8,620944.1386259542,Stock Sufficient,1011608207.2999996,0.16378275597565944,A,Stock Sufficient
19,38,19_38,10164628.65,77592.58511450382,7972.389341408286,131,203819,70605.015625,1,13154.442413323672,83759.45803832368,7,543148.0958015267,Stock Sufficient,1021772835.9499996,0.16542844338878304,A,Stock Sufficient
13,40,13_40,10159860.59,77556.18770992366,4150.256354953838,131,219622,80038.421875,4,13695.845971347666,333849.53347134765,4,310224.75083969464,Reorder Required,1031932696.5399996,0.16707335883702754,A,Urgent Reorder - High Priority SKU
11,95,11_95,10144431.459999999,77438.40809160305,6560.868224080156,131,207499,78162.515625,4,21650.865139464513,334300.9276394645,1,77438.40809160305,Reorder Required,1042077127.9999996,0.16871577625746298,A,Urgent Reorder - High Priority SKU
14,2,14_2,10143060.15,77427.94007633589,9420.378865182867,131,200898,63637.83984375,1,15543.62512755173,79181.46497130173,6,464567.6404580153,Stock Sufficient,1052220188.1499996,0.17035797165821778,A,Stock Sufficient
11,92,11_92,10124821.88,77288.71664122138,8427.595553205208,131,207499,80242.1640625,2,19665.392883737688,180149.7210087377,8,618309.7331297711,Stock Sufficient,1062345010.0299996,0.17199721422199157,A,Stock Sufficient
23,72,23_72,10079318.18,76941.36015267175,44144.08371974139,131,114533,71759.7109375,4,145675.4762751466,432714.3200251466,2,153882.7203053435,Reorder Required,1072424328.2099996,0.17362908958437326,A,Urgent Reorder - High Priority SKU
20,8,20_8,10043951.78,76671.38763358779,6017.5694406703,131,203742,80926.453125,2,14041.7117206044,175894.6179706044,5,383356.93816793896,Stock Sufficient,1082468279.9899995,0.175255239008176,A,Stock Sufficient
13,72,13_72,10040745.61,76646.91305343511,31993.108720687553,131,219622,69699.515625,2,74654.3956212009,214053.4268712009,2,153293.82610687023,Reorder Required,1092509025.5999994,0.17688086934232036,A,Urgent Reorder - High Priority SKU
13,2,13_2,10032485.34,76583.8575572519,7533.672594387566,131,219622,78454.6875,2,17579.466229811307,174488.8412298113,1,76583.8575572519,Reorder Required,1102541510.9399993,0.1785051623110935,A,Urgent Reorder - High Priority SKU
6,38,6_38,10020482.54,76492.23312977099,9247.92690906804,131,202505,69659.7421875,3,26429.500797462257,235408.72735996224,8,611937.8650381679,Stock Sufficient,1112561993.4799993,0.18012751198635713,A,Stock Sufficient
13,94,13_94,9907806.58,75632.11129770993,10001.429440384965,131,219622,76946.1875,2,23337.859310221458,177230.23431022145,1,75632.11129770993,Reorder Required,1122469800.0599992,0.1817316190464187,A,Urgent Reorder - High Priority SKU
12,2,12_2,9781628.43,74668.9193129771,5001.6615852747,131,112238,75470.75,2,11671.139119688392,162612.6391196884,8,597351.3545038168,Stock Sufficient,1132251428.4899993,0.18331529744150726,A,Stock Sufficient
10,95,10_95,9578388.78,73117.47160305343,7771.851629269652,131,126512,70174.9296875,2,18135.245665126553,158485.10504012654,1,73117.47160305343,Reorder Required,1141829817.2699993,0.18486607065674424,A,Urgent Reorder - High Priority SKU
24,90,24_90,9572388.61,73071.66877862594,6634.876431170722,131,203819,75943.5,1,10947.546111431691,86891.04611143169,3,219215.0063358778,Stock Sufficient,1151402205.8799992,0.18641587242436755,A,Stock Sufficient
11,38,11_38,9539499.73,72820.6086259542,8372.377011598111,131,207499,66623.625,3,23927.280900945858,223798.15590094586,2,145641.2172519084,Reorder Required,1160941705.6099992,0.18796034937219555,A,Urgent Reorder - High Priority SKU
43,95,43_95,9534684.15,72783.84847328244,7531.822785295576,131,41062,69807.9140625,1,12427.5075957377,82235.4216582377,2,145567.6969465649,Stock Sufficient,1170476389.7599993,0.18950404666149734,A,Stock Sufficient
2,72,2_72,9510988.16,72602.96305343512,35119.358134457456,131,202307,70894.0234375,2,81949.34974971956,223737.39662471955,4,290411.85221374047,Stock Sufficient,1179987377.9199994,0.19104390749067576,A,Stock Sufficient
1,93,1_93,9499528.41,72515.48404580152,9201.631821980089,131,151315,75411.3984375,1,15182.692506267145,90594.09094376715,4,290061.9361832061,Stock Sufficient,1189486906.3299994,0.19258191294795798,A,Stock Sufficient
14,40,14_40,9420164.6,71909.6534351145,6597.843666118703,131,200898,66020.4609375,4,21772.88409819172,285854.72784819175,7,503367.5740458015,Stock Sufficient,1198907070.9299994,0.19410706913866374,A,Stock Sufficient
41,90,41_90,9397974.5,71740.26335877863,7188.922451896348,131,196321,78708.90625,4,23723.44409125795,338559.06909125793,6,430441.5801526718,Stock Sufficient,1208305045.4299994,0.19562863267787936,A,Stock Sufficient
19,72,19_72,9391240.04,71688.85526717556,39787.47726187063,131,203819,67214.1953125,2,92842.18342797515,227270.57405297516,8,573510.8421374045,Stock Sufficient,1217696285.4699993,0.1971491058854717,A,Stock Sufficient
11,72,11_72,9353036.73,71397.22694656489,27361.35688546035,131,207499,76062.8984375,3,78195.57947790906,306384.2747904091,5,356986.1347328244,Stock Sufficient,1227049322.1999993,0.19866339384925716,A,Stock Sufficient
2,93,2_93,9335608.14,71264.18427480916,8513.75324405301,131,202307,75830.25,2,19866.43775232221,171526.9377523222,4,285056.73709923663,Stock Sufficient,1236384930.3399994,0.2001748600659647,A,Stock Sufficient
22,38,22_38,9268371.86,70750.93022900763,8913.455082400667,131,119557,73074.3359375,4,29414.4017719222,321711.7455219222,5,353754.65114503814,Stock Sufficient,1245653302.1999993,0.2016754405038099,A,Stock Sufficient
23,2,23_2,9266025.03,70733.0154961832,11911.869653027037,131,114533,76865.28125,3,34042.73969609812,264638.58344609814,1,70733.0154961832,Reorder Required,1254919327.2299993,0.2031756409820201,A,Urgent Reorder - High Priority SKU
26,95,26_95,9256769.7,70662.3641221374,8887.582119672015,131,152513,74508.25,2,20738.749631068895,169755.2496310689,3,211987.0923664122,Stock Sufficient,1264176096.9299994,0.2046743429913133,A,Stock Sufficient
31,91,31_91,9197617.21,70210.81839694658,5272.808324054911,131,203750,70192.2109375,4,17400.267469381208,298169.1112193812,3,210632.4551908397,Reorder Required,1273373714.1399994,0.2061634680144125,A,Urgent Reorder - High Priority SKU
27,40,27_40,9186575.63,70126.53152671756,4056.2664474253224,131,204184,71153.28125,2,9465.104587203909,151771.6670872039,8,561012.2522137405,Stock Sufficient,1282560289.7699995,0.2076508053687387,A,Stock Sufficient
2,94,2_94,9156726.07,69898.67229007634,7292.328794482558,131,202307,71356.890625,2,17016.301966027775,159730.08321602776,8,559189.3783206107,Stock Sufficient,1291717015.8399994,0.20913330997935423,A,Stock Sufficient
4,13,4_13,9145912.12,69816.1230534351,4762.594345634756,131,205863,75414.671875,4,15716.561340594693,317375.24884059466,1,69816.1230534351,Reorder Required,1300862927.9599993,0.2106140637752559,A,Urgent Reorder - High Priority SKU
34,95,34_95,9145371.85,69811.99885496183,5038.186710988493,131,158114,70710.125,1,8313.008073131014,79023.13307313102,1,69811.99885496183,Reorder Required,1310008299.8099992,0.21209473009963556,A,Urgent Reorder - High Priority SKU
27,94,27_94,9098801.5,69456.5,9917.809184985059,131,204184,61223.6015625,3,28343.946523476206,212014.75121097622,5,347282.5,Stock Sufficient,1319107101.3099992,0.21356785652841664,A,Stock Sufficient
31,94,31_94,9061666.42,69173.02610687022,7036.671673824705,131,203750,69618.96875,3,20109.99021115445,228966.89646115445,6,415038.1566412214,Stock Sufficient,1328168767.7299993,0.21503497066340463,A,Stock Sufficient
4,93,4_93,9025730.04,68898.70259541985,8069.5927171669955,131,205863,76323.4375,1,13314.827983325542,89638.26548332554,7,482290.91816793894,Stock Sufficient,1337194497.7699993,0.2164962665781432,A,Stock Sufficient
4,94,4_94,8988162.24,68611.9254961832,7981.229733711289,131,205863,73186.34375,2,18623.81950081935,164996.50700081934,2,137223.8509923664,Reorder Required,1346182660.0099993,0.2179514801402718,A,Urgent Reorder - High Priority SKU
39,2,39_2,8959091.49,68390.0113740458,7672.734582507247,131,184109,75013.375,3,21927.784114323993,246967.909114324,3,205170.0341221374,Reorder Required,1355141751.4999993,0.2194019870506365,A,Urgent Reorder - High Priority SKU
34,92,34_92,8930532.06,68172.00045801527,8575.433559838053,131,158114,72518.9609375,1,14149.465373732786,86668.42631123279,2,136344.00091603055,Stock Sufficient,1364072283.5599992,0.2208478700936573,A,Stock Sufficient
37,38,37_38,8929446.75,68163.71564885497,9431.706158027586,131,39910,61162.0,2,22008.437162250742,144332.43716225075,1,68163.71564885497,Reorder Required,1373001730.3099992,0.22229357742135517,A,Urgent Reorder - High Priority SKU
27,72,27_72,8866141.56,67680.46992366413,46509.256695419215,131,204184,55613.3671875,2,108527.13563101333,219753.8700060133,4,270721.8796946565,Stock Sufficient,1381867871.8699992,0.22372903542682435,A,Stock Sufficient
19,90,19_90,8831720.959999999,67417.71725190838,6272.461768026853,131,203819,66118.2109375,4,20699.123834488615,285171.9675844886,6,404506.3035114503,Stock Sufficient,1390699592.8299992,0.22515892062190151,A,Stock Sufficient
40,95,40_95,8756272.72,66841.77648854963,8276.267779973223,131,155083,68742.0859375,4,27311.683673911633,302280.0274239116,4,267367.1059541985,Reorder Required,1399455865.5499992,0.22657659049429588,A,Urgent Reorder - High Priority SKU
22,72,22_72,8695229.92,66375.80091603054,44920.46132633974,131,119557,58464.1640625,3,128377.46017247789,303769.9523599779,3,199127.4027480916,Reorder Required,1408151095.4699993,0.22798437733297786,A,Urgent Reorder - High Priority SKU
4,91,4_91,8686791.19,66311.38312977098,5459.581757230985,131,205863,69279.9296875,2,12739.67403383531,151299.5334088353,4,265245.53251908394,Stock Sufficient,1416837886.6599994,0.22939079791301709,A,Stock Sufficient
27,91,27_91,8647529.45,66011.67519083968,5556.229101502265,131,204184,61829.32421875,2,12965.196009144356,136623.84444664436,8,528093.4015267175,Stock Sufficient,1425485416.1099994,0.2307908618858884,A,Stock Sufficient
10,23,10_23,8642989.04,65977.01557251907,16486.19637635891,131,126512,54923.953125,3,47115.634083229044,211887.49345822906,5,329885.0778625953,Stock Sufficient,1434128405.1499994,0.23219019075117786,A,Stock Sufficient
2,2,2_2,8626228.48,65849.07236641222,4960.030837121084,131,202307,65720.9765625,3,14175.191938053476,211338.12162555347,4,263396.2894656489,Stock Sufficient,1442754633.6299994,0.23358680602568319,A,Stock Sufficient
6,40,6_40,8593847.19,65601.88694656487,4167.05721582563,131,202505,65857.5859375,2,9723.629569178705,141438.8014441787,3,196805.6608396946,Stock Sufficient,1451348480.8199995,0.23497817866091378,A,Stock Sufficient
28,90,28_90,8593157.72,65596.6238167939,10154.32989507359,131,206302,63469.9140625,1,16754.64432687142,80224.55838937142,8,524772.9905343512,Stock Sufficient,1459941638.5399995,0.23636943966864277,A,Stock Sufficient
1,91,1_91,8453464.95,64530.266793893126,6168.705511246664,131,151315,66003.265625,1,10178.364093556995,76181.629718557,4,258121.0671755725,Stock Sufficient,1468395103.4899995,0.23773808394916912,A,Stock Sufficient
10,9,10_9,8438912.17,64419.17687022901,10742.855755521368,131,126512,61321.3046875,2,25067.942308325702,147710.5516833257,5,322095.884351145,Stock Sufficient,1476834015.6599996,0.23910437208588572,A,Stock Sufficient
18,38,18_38,8422251.06,64291.992824427485,6642.18760573598,131,120653,58665.2578125,2,15499.228463166191,132829.7440881662,7,450043.9497709924,Stock Sufficient,1485256266.7199996,0.24046796273310614,A,Stock Sufficient
43,90,43_90,8333038.5200000005,63610.98106870229,4145.17587778859,131,41062,61972.046875,1,6839.540198351173,68811.58707335117,8,508887.8485496183,Stock Sufficient,1493589305.2399995,0.2418171095713862,A,Stock Sufficient
14,94,14_94,8329925.03,63587.21396946565,10069.278480804012,131,200898,49686.19921875,3,28776.828175115632,177835.42583136563,1,63587.21396946565,Reorder Required,1501919230.2699995,0.24316575232521018,A,Urgent Reorder - High Priority SKU
20,94,20_94,8304621.21,63394.05503816794,8842.344023064974,131,203742,60174.44921875,3,25270.392024820012,205793.73968107,3,190182.16511450382,Reorder Required,1510223851.4799995,0.24451029830585025,A,Urgent Reorder - High Priority SKU
18,2,18_2,8287336.34,63262.10946564886,8067.762336050364,131,120653,59614.01171875,2,18825.739207514693,138053.76264501468,7,442834.76625954197,Stock Sufficient,1518511187.8199995,0.24585204580816158,A,Stock Sufficient
1,94,1_94,8279918.43,63205.48419847328,6737.567554908355,131,151315,62425.11328125,4,22233.97293119757,271934.42605619755,6,379232.90519083967,Stock Sufficient,1526791106.2499995,0.2471925923260062,A,Stock Sufficient
8,95,8_95,8262190.38,63070.155572519085,4576.742341143661,131,155078,63983.15625,2,10679.610299048718,138645.9227990487,6,378420.9334351145,Stock Sufficient,1535053296.6299996,0.24853026861319621,A,Stock Sufficient
4,8,4_8,8211731.66,62684.9745038168,3450.861173092262,131,205863,60004.51171875,2,8052.420210208779,128061.44364770877,4,250739.8980152672,Stock Sufficient,1543265028.2899997,0.24985977546466498,A,Stock Sufficient
10,13,10_13,8170283.83,62368.57885496183,3850.9503521867346,131,126512,61226.01171875,3,11005.56875123093,194683.60390748092,5,311842.89427480916,Stock Sufficient,1551435312.1199996,0.2511825717736751,A,Stock Sufficient
32,90,32_90,8099029.32,61824.65129770993,5236.653282175909,131,203007,62968.4296875,2,12219.481053612944,138156.34042861295,8,494597.2103816794,Stock Sufficient,1559534341.4399996,0.2524938317389315,A,Stock Sufficient
14,93,14_93,8089726.41,61753.63671755725,9516.93229294758,131,200898,48992.3359375,4,31405.876566727013,227375.220316727,1,61753.63671755725,Reorder Required,1567624067.8499997,0.2538035855319095,A,Urgent Reorder - High Priority SKU
42,95,42_95,8073801.26,61632.0706870229,6351.762556602359,131,39690,61125.41015625,2,14821.535441659089,137072.3557541591,6,369792.42412213737,Stock Sufficient,1575697869.1099997,0.25511076098977964,A,Stock Sufficient
23,40,23_40,8063512.59,61553.53122137405,5088.080091431802,131,114533,66346.515625,1,8395.332150862474,74741.84777586248,2,123107.0624427481,Stock Sufficient,1583761381.6999996,0.2564162706775267,A,Stock Sufficient
32,38,32_38,8058397.36,61514.48366412214,7473.73031235738,131,203007,67900.046875,2,17439.59376927028,153239.6875192703,8,492115.8693129771,Stock Sufficient,1591819779.0599995,0.25772095219240926,A,Stock Sufficient
40,90,40_90,8036760.24,61349.31480916031,5628.979258131339,131,155083,63243.26953125,3,16086.968815227492,205816.7774089775,4,245397.25923664123,Stock Sufficient,1599856539.2999995,0.25902213058511525,A,Stock Sufficient
30,38,30_38,8016335.69,61193.40221374046,5929.384840800589,131,42988,56353.24609375,4,19566.969974641943,244979.95434964195,8,489547.2177099237,Stock Sufficient,1607872874.9899995,0.2603200021747878,A,Stock Sufficient
23,92,23_92,7993430.47,61018.553206106866,12368.978000359246,131,114533,74681.7734375,1,20408.813700592753,95090.58713809276,3,183055.65961832058,Stock Sufficient,1615866305.4599996,0.26161416533264775,A,Stock Sufficient
13,7,13_7,7981043.14,60923.9934351145,42132.171484521234,131,219622,45643.671875,1,69518.08294946003,115161.75482446003,5,304619.96717557247,Stock Sufficient,1623847348.5999997,0.26290632294030364,A,Stock Sufficient
18,40,18_40,7976143.7,60886.59312977099,5097.113714451936,131,120653,58316.76953125,3,14566.958876888344,189517.26747063836,3,182659.77938931296,Reorder Required,1631823492.2999997,0.2641976873122185,A,Urgent Reorder - High Priority SKU
39,91,39_91,7948675.76,60676.91419847328,3729.750583155755,131,184109,65736.296875,2,8703.195367296918,140175.78911729692,2,121353.82839694656,Reorder Required,1639772168.0599997,0.26548460453267525,A,Urgent Reorder - High Priority SKU
8,92,8_92,7941442.57,60621.69900763359,7856.0300594449645,131,155078,64772.546875,2,18331.67202318834,147876.76577318835,8,484973.59206106875,Stock Sufficient,1647713610.6299996,0.26677035067545174,A,Stock Sufficient
39,94,39_94,7899899.57,60304.57687022901,5988.5791866303025,131,184109,67259.984375,1,9881.155657939998,77141.14003293999,7,422132.0380916031,Stock Sufficient,1655613510.1999996,0.2680493708674279,A,Stock Sufficient
18,72,18_72,7852608.39,59943.575496183206,38926.49005955674,131,120653,51481.359375,2,90833.1107933809,193795.82954338088,4,239774.30198473283,Stock Sufficient,1663466118.5899997,0.2693207344590149,A,Stock Sufficient
14,13,14_13,7826904.07,59747.3593129771,6154.641260905117,131,200898,51651.1640625,4,20310.316160986884,226914.9724109869,8,477978.8745038168,Stock Sufficient,1671293022.6599996,0.2705879364351269,A,Stock Sufficient
39,40,39_40,7822438.66,59713.272213740456,5867.900594520653,131,184109,69658.5546875,3,16769.778239731095,225745.4423022311,8,477706.17770992365,Stock Sufficient,1679115461.3199997,0.2718544154464082,A,Stock Sufficient
10,7,10_7,7806511.21,59591.6886259542,51849.24393780625,131,126512,46424.57421875,3,148179.11597661648,287452.8386328665,1,59591.6886259542,Reorder Required,1686921972.5299997,0.2731183157502039,A,Urgent Reorder - High Priority SKU
37,92,37_92,7805178.76,59581.51725190839,5560.149768478299,131,39910,61326.65625,2,12974.344698822597,135627.6571988226,3,178744.55175572517,Stock Sufficient,1694727151.2899997,0.27438200032588306,A,Stock Sufficient
12,72,12_72,7782020.62,59404.73755725191,40109.99960575019,131,112238,49032.55078125,1,66181.49934948781,115214.05013073781,1,59404.73755725191,Reorder Required,1702509171.9099996,0.2756419355211548,A,Urgent Reorder - High Priority SKU
8,38,8_38,7763854.04,59266.0613740458,7577.308536167078,131,155078,60822.8046875,1,12502.559084675679,73325.36377217568,2,118532.1227480916,Stock Sufficient,1710273025.9499996,0.2768989294862965,A,Stock Sufficient
24,38,24_38,7753088.91,59183.88480916031,7178.518650683317,131,203819,56621.34765625,1,11844.555773627473,68465.90342987748,7,414287.19366412214,Stock Sufficient,1718026114.8599997,0.2781541805408459,A,Stock Sufficient
31,2,31_2,7686989.56,58679.30961832061,3290.2458656481076,131,203750,57782.26953125,2,7677.632039123571,123242.17110162356,1,58679.30961832061,Reorder Required,1725713104.4199996,0.2793987298893068,A,Urgent Reorder - High Priority SKU
31,93,31_93,7669284.87,58544.1593129771,6978.067542903063,131,203750,62121.640625,2,16282.988301242869,140526.26955124288,2,117088.3186259542,Reorder Required,1733382389.2899995,0.2806404127891753,A,Urgent Reorder - High Priority SKU
2,8,2_8,7649854.04,58395.832366412214,3683.5874589936243,131,202307,58585.01953125,2,8595.47591544878,125765.51497794878,5,291979.1618320611,Stock Sufficient,1741032243.3299994,0.28187894977260564,A,Stock Sufficient
32,40,32_40,7638902.89,58312.23580152672,3108.7282113811198,131,203007,60264.8671875,2,7254.069237140606,127783.8036121406,3,174936.70740458014,Stock Sufficient,1748671146.2199996,0.2831157137281828,A,Stock Sufficient
1,40,1_40,7626016.97,58213.869999999995,4180.067450875,131,151315,57941.6171875,1,6897.111293943749,64838.72848144375,1,58213.869999999995,Reorder Required,1756297163.1899996,0.2843503914101654,A,Urgent Reorder - High Priority SKU
43,38,43_38,7603388.64,58041.134656488546,8383.667727778111,131,41062,59538.51953125,2,19562.889395038164,138639.92845753816,1,58041.134656488546,Reorder Required,1763900551.8299997,0.2855814054897535,A,Urgent Reorder - High Priority SKU
22,95,22_95,7593224.59,57963.54648854962,6388.928952318635,131,119557,56092.62890625,2,14908.261456121785,127093.51926862178,5,289817.7324427481,Stock Sufficient,1771493776.4199996,0.28681077397561394,A,Stock Sufficient
24,72,24_72,7571601.27,57798.48297709924,27212.81201174942,131,203819,52792.22265625,3,77771.05548493154,236147.72345368154,5,288992.4148854962,Stock Sufficient,1779065377.6899996,0.28803664157356396,A,Stock Sufficient
18,95,18_95,7570124.14,57787.20717557252,9104.727646224008,131,120653,57886.18359375,3,26020.253939356007,199678.80472060601,1,57787.20717557252,Reorder Required,1786635501.8299997,0.2892622700192211,A,Urgent Reorder - High Priority SKU
28,2,28_2,7520364.62,57407.363511450385,4290.827125605165,131,206302,53915.5625,1,7079.8647572485215,60995.42725724852,3,172222.09053435115,Stock Sufficient,1794155866.4499996,0.2904798422319781,A,Stock Sufficient
28,91,28_91,7516648.63,57378.99717557252,13410.688524147003,131,206302,52531.39453125,2,31293.203026156367,136355.99208865638,6,344273.9830534351,Stock Sufficient,1801672515.0799997,0.29169681281351173,A,Stock Sufficient
26,90,26_90,7508826.34,57319.28503816794,5979.376842095787,131,152513,59931.91796875,1,9865.971789458048,69797.88975820805,5,286596.4251908397,Stock Sufficient,1809181341.4199996,0.2929125169401026,A,Stock Sufficient
10,5,10_5,7492488.68,57194.57007633588,33391.57288967536,131,126512,46435.7109375,4,110192.19053592868,295935.0342859287,5,285972.85038167937,Reorder Required,1816673830.0999997,0.2941255759448354,A,Urgent Reorder - High Priority SKU
11,2,11_2,7474122.7,57054.371755725195,4813.905015494257,131,207499,56118.2578125,4,15885.886551131047,240358.91780113106,4,228217.48702290078,Reorder Required,1824147952.7999997,0.2953356614359105,A,Urgent Reorder - High Priority SKU
4,4,4_4,7451481.39,56881.537328244274,4218.616034386855,131,205863,58403.125,3,12056.314560151564,187265.68956015157,7,398170.7612977099,Stock Sufficient,1831599434.1899998,0.29654208122308573,A,Stock Sufficient
31,40,31_40,7445285.69,56834.24190839695,3416.548709578386,131,203750,56612.09375,4,11274.610741608672,237722.98574160866,5,284171.2095419848,Stock Sufficient,1839044719.8799999,0.29774749790568555,A,Stock Sufficient
20,13,20_13,7403504.03,56515.2979389313,4133.2802287233,131,203742,58888.6015625,4,13639.824754786889,249194.23100478688,3,169545.8938167939,Reorder Required,1846448223.9099998,0.29894614999763197,A,Urgent Reorder - High Priority SKU
38,38,38_38,7400712.12,56493.98564885496,16089.692121835165,131,39690,71396.203125,1,26547.992001028022,97944.19512602802,4,225975.94259541985,Stock Sufficient,1853848936.0299997,0.3001443500700011,A,Stock Sufficient
13,5,13_5,7326115.0600000005,55924.5424427481,31277.255362641143,131,219622,48575.6484375,2,72983.98590062864,170135.28277562864,4,223698.1697709924,Stock Sufficient,1861175051.0899997,0.3013304726285795,A,Stock Sufficient
41,72,41_72,7282528.24,55591.8186259542,32569.90862866883,131,196321,57350.94921875,4,107480.69847460712,336884.49534960714,7,389142.7303816794,Stock Sufficient,1868457579.3299997,0.30250953833505617,A,Stock Sufficient
39,13,39_13,7282345.18,55590.42122137405,4669.10518616626,131,184109,62975.0625,4,15408.047114348657,267308.2971143487,3,166771.26366412215,Reorder Required,1875739924.5099998,0.3036885744035059,A,Urgent Reorder - High Priority SKU
5,38,5_38,7267181.7,55474.669465648854,8046.244134118749,131,34875,56747.4921875,3,22995.231023154585,193237.70758565457,6,332848.0167938931,Stock Sufficient,1883007106.2099998,0.304865155453771,A,Stock Sufficient
39,72,39_72,7223808.97,55143.57992366412,40414.512313919375,131,184109,57098.24609375,2,94305.33986121474,208501.83204871474,7,386005.05946564884,Stock Sufficient,1890230915.1799998,0.3060347143138223,A,Stock Sufficient
41,40,41_40,7212284.82,55055.6093129771,4412.955337558721,131,196321,62175.20703125,4,14562.75261394378,263263.58073894377,3,165166.8279389313,Reorder Required,1897443199.9999998,0.3072024073754017,A,Urgent Reorder - High Priority SKU
10,46,10_46,7194844.98,54922.480763358784,9055.897872697076,131,126512,46806.66015625,3,25880.704119049307,166300.6845877993,4,219689.92305343514,Stock Sufficient,1904638044.9799998,0.3083672768684905,A,Stock Sufficient
27,93,27_93,7184668.9,54844.800763358784,6143.428022197707,131,204184,53820.25,3,17557.20362069653,179017.95362069653,6,329068.80458015273,Stock Sufficient,1911822713.8799999,0.3095304988201544,A,Stock Sufficient
23,95,23_95,7147791.12,54563.29099236641,8369.585920468675,131,114533,58330.99609375,2,19530.030168286612,136192.0223557866,7,381943.0369465649,Stock Sufficient,1918970504.9999998,0.31068775013575656,A,Stock Sufficient
22,40,22_40,7117341.43,54330.85061068702,3330.6059237406894,131,119557,55436.2578125,3,9518.484821849432,175827.25825934944,5,271654.2530534351,Stock Sufficient,1926087846.4299998,0.31184007154459176,A,Stock Sufficient
14,7,14_7,7087978.09,54106.70297709924,47643.52523063855,131,200898,34747.20703125,2,111173.89724171573,180668.31130421575,5,270533.5148854962,Stock Sufficient,1933175824.5199997,0.31298763893036224,A,Stock Sufficient
19,91,19_91,7074132.24,54001.00946564886,5005.605908235793,131,203819,49799.875,1,8259.249748589058,58059.124748589056,6,324006.05679389316,Stock Sufficient,1940249956.7599998,0.31413296462665713,A,Stock Sufficient
19,40,19_40,7066269.61,53940.98938931298,3070.6653166691735,131,203819,54103.5546875,4,10133.195545008271,226547.41429500826,8,431527.9151145038,Stock Sufficient,1947316226.3699996,0.31527701733682817,A,Stock Sufficient
28,72,28_72,7047497.22,53797.68870229008,40227.46153487239,131,206302,44270.3203125,2,93868.86577605657,182409.50640105657,8,430381.5096183206,Stock Sufficient,1954363723.5899997,0.31641803073420177,A,Stock Sufficient
17,92,17_92,7046272.45,53788.3393129771,12705.845675911061,131,93188,65844.5,3,36311.830935282014,233845.33093528202,5,268941.6965648855,Stock Sufficient,1961409996.0399997,0.31755884583721145,A,Stock Sufficient
42,90,42_90,7044255.28,53772.94106870229,5671.89958053455,131,39690,54075.17578125,4,18717.268615764016,235017.971740764,6,322637.64641221374,Stock Sufficient,1968454251.3199997,0.3186993343536439,A,Stock Sufficient
6,90,6_90,7037673.12,53722.695572519086,5584.848269405102,131,202505,52475.8828125,3,15960.847576035041,173388.49601353504,2,107445.39114503817,Reorder Required,1975491924.4399996,0.31983875719633303,A,Urgent Reorder - High Priority SKU
45,38,45_38,7022221.14,53604.74152671755,5684.607168842011,131,118221,53521.828125,3,16245.946921882643,176811.43129688266,7,375233.19068702287,Stock Sufficient,1982514145.5799997,0.3209756783117216,A,Stock Sufficient
22,2,22_2,7019074.45,53580.72099236641,5435.636642077037,131,119557,53506.50390625,3,15534.418078674846,176053.92979742485,7,375065.04694656486,Stock Sufficient,1989533220.0299997,0.32211208996746293,A,Stock Sufficient
11,40,11_40,6996137.94,53405.633129771,3542.3113983262965,131,207499,54904.43359375,2,8265.814955742055,118074.68214324205,2,106811.266259542,Reorder Required,1996529357.9699998,0.32324478812543594,A,Urgent Reorder - High Priority SKU
20,93,20_93,6975059.08,53244.72580152672,7580.787025334702,131,203742,54483.0390625,1,12508.298591802257,66991.33765430226,8,425957.8064122138,Stock Sufficient,2003504417.0499997,0.32437407354539566,A,Stock Sufficient
45,95,45_95,6962861.01,53151.610763358774,5042.735910456,131,118221,50971.58203125,3,14411.553430002123,167326.29952375212,2,106303.22152671755,Reorder Required,2010467278.0599997,0.325501384056979,A,Urgent Reorder - High Priority SKU
14,8,14_8,6960073.72,53130.333740458016,5404.0783785250605,131,200898,44012.96875,3,15444.228227488235,147483.13447748823,8,425042.6699236641,Stock Sufficient,2017427351.7799997,0.3266282432969785,A,Stock Sufficient
13,79,13_79,6948646.71,53043.10465648855,4600.52871319044,131,219622,53224.94921875,3,13147.776630326758,172822.62428657676,4,212172.4186259542,Stock Sufficient,2024375998.4899998,0.32775325246579745,A,Stock Sufficient
41,91,41_91,6947498.84,53034.34229007633,3520.3408295475183,131,196321,55777.7421875,4,11617.12473750681,234728.09348750682,5,265171.71145038167,Stock Sufficient,2031323497.3299997,0.32887807579061995,A,Stock Sufficient
30,92,30_92,6937868.79,52960.83045801527,5600.1521630897005,131,42988,54457.6015625,3,16004.584326370381,179377.3890138704,6,317764.9827480916,Stock Sufficient,2038261366.1199996,0.33000133997810266,A,Stock Sufficient
27,13,27_13,6932135.42,52917.06427480916,4607.575608998906,131,204184,53486.9375,4,15204.99950969639,229152.74950969638,5,264585.3213740458,Stock Sufficient,2045193501.5399997,0.3311236759137851,A,Stock Sufficient
14,4,14_4,6930072.68,52901.31816793893,5912.05084820225,131,200898,42679.5546875,1,9754.883899533712,52434.438587033714,6,317407.90900763357,Stock Sufficient,2052123574.2199998,0.3322456778849548,A,Stock Sufficient
17,72,17_72,6892292.53,52612.92007633588,21333.860848149478,131,93188,53473.2734375,2,49781.54832623506,156728.09520123506,6,315677.52045801526,Stock Sufficient,2059015866.7499998,0.3333615631233385,A,Stock Sufficient
15,38,15_38,6868457.89,52430.97625954198,5172.677081363981,131,123737,48029.203125,3,14782.910201514685,158870.5195765147,1,52430.97625954198,Reorder Required,2065884324.6399999,0.3344735894536996,A,Urgent Reorder - High Priority SKU
4,79,4_79,6858411.79,52354.288473282446,3986.392825626553,131,205863,55194.9765625,4,13155.096324567625,233935.00257456762,8,418834.30778625957,Stock Sufficient,2072742736.4299998,0.33558398928683286,A,Stock Sufficient
12,38,12_38,6847928.34,52274.26213740458,8089.6921791443465,131,112238,56966.58984375,4,26695.984191176343,254562.34356617634,4,209097.0485496183,Reorder Required,2079590664.7699997,0.3366926918143089,A,Urgent Reorder - High Priority SKU
24,91,24_91,6844684.07,52249.49671755725,5302.794186265671,131,203819,52258.078125,2,12373.817703538683,116889.97395353869,7,365746.47702290077,Stock Sufficient,2086435348.8399997,0.33780086908360896,A,Stock Sufficient
16,38,16_38,6841298.17,52223.650152671755,6978.662333685116,131,57197,47101.84765625,2,16284.376217207613,110488.07152970761,7,365565.5510687023,Stock Sufficient,2093276647.0099998,0.3389084981643619,A,Stock Sufficient
4,7,4_7,6835618.12,52180.29099236641,40909.72601109083,131,205863,46767.0546875,1,67501.04791829987,114268.10260579987,6,313081.7459541985,Stock Sufficient,2100112265.1299996,0.34001520762600107,A,Stock Sufficient
24,94,24_94,6818837.04,52052.19114503817,7930.028290514731,131,203819,49286.40234375,1,13084.546679349307,62370.94902309931,6,312313.146870229,Stock Sufficient,2106931102.1699996,0.3411192001745994,A,Stock Sufficient
22,92,22_92,6792899.22,51854.19251908397,6159.917923432138,131,119557,54535.06640625,2,14373.87512619769,123444.00793869769,3,155562.5775572519,Stock Sufficient,2113724001.3899996,0.342218993303291,A,Stock Sufficient
20,4,20_4,6781558.22,51767.619999999995,3818.4592022149454,131,203742,51774.515625,2,8910.192705382195,112459.2239553822,2,103535.23999999999,Reorder Required,2120505559.6099997,0.3433169502861089,A,Urgent Reorder - High Priority SKU
37,95,37_95,6755993.15,51572.46679389313,2852.614456121654,131,39910,53791.22265625,1,4706.813852600729,58498.03650885073,3,154717.40038167938,Stock Sufficient,2127261552.7599998,0.3444107681984932,A,Stock Sufficient
17,95,17_95,6729931.2,51373.520610687025,6791.448091220855,131,93188,56323.20703125,1,11205.88935051441,67529.09638176441,2,102747.04122137405,Stock Sufficient,2133991483.9599998,0.34550036659390804,A,Stock Sufficient
23,9,23_9,6704296.2,51177.83358778626,18778.228864878034,131,114533,50208.4453125,1,30984.077627048755,81192.52293954875,4,204711.33435114505,Stock Sufficient,2140695780.1599998,0.34658581459698806,A,Stock Sufficient
18,92,18_92,6669529.38,50912.43801526717,14067.037806648754,131,120653,69311.0390625,2,32824.76282015328,171446.84094515326,1,50912.43801526717,Reorder Required,2147365309.54,0.3476656337354988,A,Urgent Reorder - High Priority SKU
43,94,43_94,6647328.72,50742.967328244275,6008.614153434768,131,41062,49024.99609375,4,19828.426706334732,215928.41108133472,6,304457.80396946566,Stock Sufficient,2154012638.2599998,0.34874185851281997,A,Stock Sufficient
19,2,19_2,6642817.46,50708.530229007636,6222.765537109495,131,203819,49501.19921875,3,17783.94102187276,166287.53867812277,5,253542.6511450382,Stock Sufficient,2160655455.72,0.3498173529020419,A,Stock Sufficient
32,2,32_2,6640053.32,50687.42992366412,3680.5210585585683,131,203007,52501.38671875,1,6072.859746621637,58574.24646537164,5,253437.14961832063,Stock Sufficient,2167295509.04,0.3508923997677426,A,Stock Sufficient
13,93,13_93,6620430.06,50537.634045801526,5654.989082261899,131,219622,52666.3203125,3,16161.301871096093,174160.2628085961,6,303225.80427480914,Stock Sufficient,2173915939.1,0.3519642695619438,A,Stock Sufficient
10,92,10_92,6609233.12,50452.161221374045,4094.365361800762,131,126512,51499.30859375,3,11701.220571791928,166199.14635304193,8,403617.28977099236,Stock Sufficient,2180525172.22,0.3530343265340678,A,Stock Sufficient
6,2,6_2,6597382.87,50361.70129770992,5458.90256017402,131,202505,49941.9140625,4,18014.378448574265,217782.03469857428,1,50361.70129770992,Reorder Required,2187122555.0899997,0.35410246491103803,A,Urgent Reorder - High Priority SKU
20,7,20_7,6592051.14,50321.00106870229,38097.127411069094,131,203742,47949.0546875,2,88897.83254911302,184795.94192411302,4,201284.00427480915,Stock Sufficient,2193714606.2299995,0.3551697400630688,A,Stock Sufficient
24,8,24_8,6443634.75,49188.05152671756,3355.5190828987443,131,203819,52092.6015625,4,11073.212973565856,219443.61922356585,3,147564.15458015268,Reorder Required,2200158240.9799995,0.35621298610460916,A,Urgent Reorder - High Priority SKU
28,38,28_38,6437001.76,49137.418015267176,6201.551335431683,131,206302,47309.68359375,3,17723.313297878583,159652.36407912857,2,98274.83603053435,Reorder Required,2206595242.74,0.3572551582428591,A,Urgent Reorder - High Priority SKU
11,90,11_90,6432944.17,49106.44404580152,3636.9448939248264,131,207499,49771.640625,3,10393.9660119999,159708.8878869999,1,49106.44404580152,Reorder Required,2213028186.91,0.3582966734437018,A,Urgent Reorder - High Priority SKU
41,2,41_2,6423548.14,49034.7186259542,4924.182912930012,131,196321,51706.734375,2,11490.346327467936,114903.81507746794,5,245173.593129771,Stock Sufficient,2219451735.0499997,0.35933666739582626,A,Stock Sufficient
6,9,6_9,6403838.27,48884.261603053434,14437.941339394496,131,202505,54929.8203125,2,33690.24855061613,143549.88917561615,7,342189.83122137404,Stock Sufficient,2225855573.3199997,0.36037347025400235,A,Stock Sufficient
32,94,32_94,6388889.93,48770.15213740458,4429.475095160915,131,203007,48304.1484375,1,7308.633907015509,55612.78234451551,1,48770.15213740458,Reorder Required,2232244463.2499995,0.3614078529258802,A,Urgent Reorder - High Priority SKU
34,38,34_38,6382848.66,48724.03557251908,5117.415441830914,131,158114,46502.48046875,2,11941.24523152239,104946.20616902239,2,97448.07114503816,Reorder Required,2238627311.9099994,0.3624412574959167,A,Urgent Reorder - High Priority SKU
10,4,10_4,6350021.62,48473.44748091603,2809.4957514604585,131,126512,45540.08203125,1,4635.667989909756,50175.75002115976,8,387787.57984732825,Stock Sufficient,2244977333.5299993,0.363469347258261,A,Stock Sufficient
32,91,32_91,6318894.74,48235.83770992367,2624.221449840393,131,203007,46492.7578125,4,8659.930784473296,194630.96203447328,3,144707.513129771,Reorder Required,2251296228.269999,0.3644923974745098,A,Urgent Reorder - High Priority SKU
28,93,28_93,6318806.14,48235.1613740458,14794.73431553531,131,206302,43686.62890625,2,34522.80796921549,121896.0657817155,1,48235.1613740458,Reorder Required,2257615034.409999,0.36551543334612185,A,Urgent Reorder - High Priority SKU
12,40,12_40,6313920.1,48197.863358778624,4110.1650345302205,131,112238,49052.23828125,2,9590.874373450126,107695.35093595012,3,144593.59007633588,Stock Sufficient,2263928954.509999,0.3665376781514978,A,Stock Sufficient
10,10,10_10,6299532.26,48088.032519083965,4340.796494164022,131,126512,48239.1171875,1,7162.314215370636,55401.431402870636,7,336616.2276335878,Stock Sufficient,2270228486.769999,0.36755759351740236,A,Stock Sufficient
45,92,45_92,6297007.58,48068.760152671755,4631.597680834752,131,118221,48627.53125,3,13236.568130649552,159119.16188064954,2,96137.52030534351,Reorder Required,2276525494.349999,0.36857710012916134,A,Urgent Reorder - High Priority SKU
21,2,21_2,6293006.2299999995,48038.215496183206,4460.403713641629,131,140167,45500.80078125,3,12747.315659588734,149249.71800333873,8,384305.72396946565,Stock Sufficient,2282818500.579999,0.3695959589089574,A,Stock Sufficient
23,23,23_23,6273585.89,47889.9686259542,14146.29227905601,131,114533,49323.19140625,1,23341.382260442413,72664.57366669242,2,95779.9372519084,Stock Sufficient,2289092086.469999,0.37061167347068147,A,Stock Sufficient
6,8,6_8,6253637.34,47737.68961832061,3561.1905116926587,131,202505,47486.953125,4,11751.928688585773,201699.74118858576,7,334163.8273282443,Stock Sufficient,2295345723.809999,0.37162415829536594,A,Stock Sufficient
13,13,13_13,6250434.13,47713.237633587785,3112.5273888793913,131,219622,51592.71484375,3,8895.241702856518,163673.38623410653,2,95426.47526717557,Reorder Required,2301596157.939999,0.37263612450962597,A,Urgent Reorder - High Priority SKU
41,94,41_94,6244550.15,47668.32175572519,5371.553959113406,131,196321,52155.30859375,2,12534.265358995168,116844.88254649517,2,95336.64351145038,Reorder Required,2307840708.089999,0.3736471380878224,A,Urgent Reorder - High Priority SKU
17,40,17_40,6224218.41,47513.11763358779,4621.57071022676,131,93188,51409.83203125,3,13207.912213460131,167437.40830721013,8,380104.9410687023,Stock Sufficient,2314064926.499999,0.3746548598892351,A,Stock Sufficient
41,38,41_38,6217517.07,47461.96236641222,7246.0021092131465,131,196321,53151.05859375,4,23911.80696040338,236516.0413354034,1,47461.96236641222,Reorder Required,2320282443.569999,0.3756614967212634,A,Urgent Reorder - High Priority SKU
1,87,1_87,6211392.51,47415.21,8224.358382417622,131,151315,51464.2890625,2,19191.148624282552,122119.72674928255,7,331906.47,Stock Sufficient,2326493836.0799994,0.3766671419665206,A,Stock Sufficient
6,10,6_10,6206014.52,47374.15664122137,5688.649019543904,131,202505,46745.09375,4,18772.541764494883,205752.91676449488,6,284244.93984732823,Stock Sufficient,2332699850.5999994,0.3776719164971894,A,Stock Sufficient
4,23,4_23,6174891.9,47136.57938931298,12186.196936711047,131,205863,43404.51171875,1,20107.224945573227,63511.73666432322,6,282819.4763358779,Stock Sufficient,2338874742.4999995,0.3786716521714709,A,Stock Sufficient
12,13,12_13,6142211.22,46887.108549618315,2414.8616362427697,131,112238,45332.94921875,2,5634.964627427864,96300.86306492786,1,46887.108549618315,Reorder Required,2345016953.7199993,0.3796660967342342,A,Urgent Reorder - High Priority SKU
1,72,1_72,6103959.49,46595.11061068702,23290.3971523366,131,151315,46183.5703125,1,38429.15530135539,84612.7256138554,8,372760.88488549617,Stock Sufficient,2351120913.209999,0.3806543482138305,A,Stock Sufficient
13,1,13_1,6073426.98,46362.03801526718,27745.926827047148,131,219622,42499.0859375,3,79294.63569643107,206791.89350893107,4,185448.15206106871,Reorder Required,2357194340.189999,0.3816376563778244,A,Urgent Reorder - High Priority SKU
1,2,1_2,6043987.84,46137.31175572519,3520.5447774086333,131,151315,45409.8125,4,11617.79776544849,193257.0477654485,4,184549.24702290076,Reorder Required,2363238328.0299993,0.3826161982464799,A,Urgent Reorder - High Priority SKU
44,38,44_38,6040381.77,46109.78450381679,6519.439064203916,131,39910,49735.0390625,1,10757.074455936461,60492.11351843646,8,368878.2760305343,Stock Sufficient,2369278709.799999,0.383594156280328,A,Stock Sufficient
7,72,7_72,6009137.47,45871.27839694656,24351.469733590704,131,70713,43186.6953125,4,80359.85012084933,253106.63137084933,6,275227.6703816794,Stock Sufficient,2375287847.269999,0.38456705575738936,A,Stock Sufficient
2,13,2_13,6006272.74,45849.41022900763,2857.511050134218,131,202307,45848.53125,3,8166.434631336237,145712.02838133625,1,45849.41022900763,Reorder Required,2381294120.009999,0.38553949142507166,A,Urgent Reorder - High Priority SKU
4,5,4_5,5989371.93,45720.39641221374,22281.724693542812,131,205863,40618.32421875,3,63678.58076163906,185533.55341788905,3,137161.18923664122,Reorder Required,2387283491.9399986,0.38650919079502516,A,Urgent Reorder - High Priority SKU
2,4,2_4,5985853.68,45693.539541984734,3641.812172308399,131,202307,44614.015625,2,8497.995273395036,97726.02652339503,7,319854.77679389314,Stock Sufficient,2393269345.6199985,0.3874783205485234,A,Stock Sufficient
28,40,28_40,5979040.07,45641.5272519084,4459.707453945494,131,206302,43749.65625,2,10406.51496321707,97905.82746321707,4,182566.1090076336,Stock Sufficient,2399248385.6899986,0.38844634715574833,A,Stock Sufficient
38,92,38_92,5971997.37,45587.766183206106,6024.357268114096,131,39690,48401.9765625,2,14057.550792694006,110861.503917694,5,227938.83091603054,Stock Sufficient,2405220383.0599985,0.38941323352626184,A,Stock Sufficient
39,4,39_4,5957741.46,45478.94244274809,5257.076642711973,131,184109,49922.8359375,2,12267.137992820848,112112.80986782085,5,227394.71221374045,Stock Sufficient,2411178124.5199986,0.39037781181721265,A,Stock Sufficient
24,40,24_40,5947617.28,45401.6586259542,2770.7291399012784,131,203819,47831.8046875,2,6465.364500062702,102128.9738750627,5,227008.29312977102,Stock Sufficient,2417125741.7999988,0.39134075096952226,A,Stock Sufficient
36,94,36_94,5941793.79,45357.20450381679,12296.45222391834,131,39910,30426.59765625,3,35141.8320077053,126421.62497645529,5,226786.02251908396,Stock Sufficient,2423067535.5899987,0.39230274727930176,A,Stock Sufficient
34,65,34_65,5934619.94,45302.44229007634,7265.2651069072435,131,158114,50982.6015625,2,16953.150139899994,118918.3532649,5,226512.2114503817,Stock Sufficient,2429002155.529999,0.39326358211874574,A,Stock Sufficient
6,91,6_91,5928183.16,45253.3065648855,3061.4332114786134,131,202505,44299.3515625,3,8749.220479328527,141647.27516682853,2,90506.613129771,Reorder Required,2434930338.6899986,0.39422337482195513,A,Urgent Reorder - High Priority SKU
30,95,30_95,5920612.78,45195.517404580154,3329.3420191153414,131,42988,45311.2109375,3,9514.872729254843,145448.50554175483,8,361564.13923664123,Stock Sufficient,2440850951.469999,0.3951819418552943,A,Stock Sufficient
31,72,31_72,5910139.94,45115.572061068706,30422.365925503855,131,203750,40420.03515625,1,50196.90377708136,90616.93893333136,7,315809.0044274809,Stock Sufficient,2446761091.409999,0.39613881330077083,A,Stock Sufficient
20,87,20_87,5903283.2,45063.23053435115,10949.912356449135,131,203742,51253.88671875,1,18067.35538814107,69321.24210689106,4,180252.9221374046,Stock Sufficient,2452664374.6099987,0.39709457461708253,A,Stock Sufficient
35,2,35_2,5865960.6,44778.32519083969,7385.527645429722,131,103681,48514.0,1,12186.12061495904,60700.12061495904,7,313448.27633587783,Stock Sufficient,2458530335.2099986,0.39804429327948526,A,Stock Sufficient
34,90,34_90,5847968.14,44640.97816793893,4335.868496586233,131,158114,45162.5390625,4,14308.366038734568,194958.52228873456,2,89281.95633587785,Reorder Required,2464378303.3499985,0.39899109890236906,A,Urgent Reorder - High Priority SKU
37,90,37_90,5830583.3,44508.26946564885,2971.3741839948893,131,39910,45383.81640625,1,4902.767403591567,50286.58380984157,1,44508.26946564885,Reorder Required,2470208886.6499987,0.3999350898614465,A,Urgent Reorder - High Priority SKU
32,72,32_72,5828300.01,44490.83977099237,25170.336367676548,131,203007,48028.109375,3,71933.89736348382,216018.22548848382,8,355926.71816793893,Stock Sufficient,2476037186.659999,0.4008787111482276,A,Stock Sufficient
25,38,25_38,5823640.84,44455.27358778626,5175.54493982214,131,128107,41772.3515625,2,12076.88764683706,95621.59077183706,1,44455.27358778626,Reorder Required,2481860827.499999,0.40182157809978525,A,Urgent Reorder - High Priority SKU
23,38,23_38,5795346.56,44239.28671755725,4871.965892696141,131,114533,46830.3046875,2,11368.500397435542,105029.10977243553,5,221196.43358778622,Stock Sufficient,2487656174.059999,0.40275986411267184,A,Stock Sufficient
25,95,25_95,5784766.79,44158.52511450382,5333.309705933568,131,128107,45761.984375,3,15241.979582242324,152527.93270724232,5,220792.6255725191,Stock Sufficient,2493440940.849999,0.4036964372253707,A,Stock Sufficient
27,7,27_7,5764641.61,44004.89778625954,31505.826161757264,131,204184,30453.6328125,3,90039.99121688394,181400.88965438394,5,220024.4889312977,Stock Sufficient,2499205582.459999,0.4046297520040415,A,Stock Sufficient
27,4,27_4,5735535.33,43782.712442748096,4079.7242360138266,131,204184,41645.2734375,3,11659.377935116012,136595.198247616,6,262696.27465648856,Stock Sufficient,2504941117.789999,0.4055583543785224,A,Stock Sufficient
12,95,12_95,5714065.03,43618.81702290077,5322.626022792001,131,112238,41800.3046875,1,8782.332937606801,50582.6376251068,3,130856.4510687023,Stock Sufficient,2510655182.819999,0.40648348063954337,A,Stock Sufficient
39,38,39_38,5700473.45,43515.06450381679,6432.646116683632,131,184109,46435.703125,2,15010.273377265014,107881.67962726501,4,174060.25801526717,Stock Sufficient,2516355656.269999,0.407406406378253,A,Stock Sufficient
23,7,23_7,5682688.76,43379.30351145038,31249.407524890375,131,114533,31880.86328125,4,103123.04483213823,230646.49795713823,3,130137.91053435113,Reorder Required,2522038345.0299993,0.40832645271610235,A,Urgent Reorder - High Priority SKU
36,92,36_92,5662738.39,43227.01061068702,8857.809229959983,131,39910,32165.197265625,3,25314.58978957135,121810.18158644636,8,345816.0848854962,Stock Sufficient,2527701083.419999,0.40924326902224795,A,Stock Sufficient
10,34,10_34,5662284.63,43223.54679389313,7284.32070581499,131,126512,35298.625,2,16997.61547248388,87594.86547248389,6,259341.2807633588,Stock Sufficient,2533363368.049999,0.4101600118631302,A,Stock Sufficient
42,91,42_91,5648352.79,43117.19687022901,6162.910443613357,131,39690,42356.55859375,3,17612.88211787805,144682.55789912806,4,172468.78748091604,Stock Sufficient,2539011720.839999,0.41107449909246785,A,Stock Sufficient
28,79,28_79,5646455.63,43102.714732824425,3658.571473518114,131,206302,40715.0234375,2,8537.102304655049,89967.14917965505,8,344821.7178625954,Stock Sufficient,2544658176.4699993,0.41198867916524917,A,Stock Sufficient
40,91,40_91,5626500.39,42950.384656488546,5125.165466323436,131,155083,42502.30078125,4,16913.04603886734,186922.24916386732,1,42950.384656488546,Reorder Required,2550284676.859999,0.41289962841785743,A,Urgent Reorder - High Priority SKU
13,4,13_4,5623758.27,42929.45244274809,3411.101220023345,131,219622,45608.46484375,2,7959.642253174302,99176.5719406743,2,85858.90488549617,Reorder Required,2555908435.129999,0.4138101337120561,A,Urgent Reorder - High Priority SKU
12,79,12_79,5614034.48,42855.22503816794,3337.9681061794654,131,112238,42062.37109375,1,5507.6473751961175,47570.01846894612,5,214276.1251908397,Stock Sufficient,2561522469.609999,0.41471906469209524,A,Stock Sufficient
29,38,29_38,5596615.1,42722.25267175572,4608.780269566713,131,93638,41610.0078125,3,13171.358619887378,138001.38205738738,2,85444.50534351144,Reorder Required,2567119084.709999,0.4156251754161862,A,Urgent Reorder - High Priority SKU
31,13,31_13,5593053.51,42695.06496183206,2254.4385728931015,131,203750,44049.62109375,3,6442.923548809974,138591.78683005998,5,213475.32480916032,Stock Sufficient,2572712138.2199993,0.4165307095069308,A,Stock Sufficient
26,94,26_94,5573136.79,42543.02893129771,6707.0125072970395,131,152513,40189.7890625,1,11066.570637040115,51256.35969954012,5,212715.14465648856,Stock Sufficient,2578285275.0099993,0.41743301901401925,A,Stock Sufficient
17,2,17_2,5568130.25,42504.81106870229,6577.237459002101,131,93188,45519.53515625,3,18796.980596520814,155355.58606527082,8,340038.48854961834,Stock Sufficient,2583853405.2599993,0.4183345179455181,A,Stock Sufficient
35,95,35_95,5566874.56,42495.22564885496,9506.86230544176,131,103681,43278.51953125,1,15686.322803978903,58964.8423352289,5,212476.12824427482,Stock Sufficient,2589420279.819999,0.4192358135766015,A,Stock Sufficient
19,8,19_8,5547513.77,42347.433358778624,2996.683936816112,131,203819,42164.8359375,3,8564.174574105196,135058.6823866052,2,84694.86671755725,Reorder Required,2594967793.589999,0.4201339746309573,A,Urgent Reorder - High Priority SKU
26,72,26_72,5542495.41,42309.12526717557,21278.890825179093,131,152513,40274.078125,3,60812.59806257034,181634.83243757032,7,296163.876870229,Stock Sufficient,2600510288.999999,0.4210313231960258,A,Stock Sufficient
21,72,21_72,5540927.95,42297.15992366413,27975.141054624917,131,140167,35307.984375,2,65278.65941643903,135894.62816643904,3,126891.47977099239,Reorder Required,2606051216.949999,0.421928417984072,A,Urgent Reorder - High Priority SKU
25,40,25_40,5528292.46,42200.70580152672,2317.0701168906457,131,128107,44036.41796875,2,5406.77277405567,93479.60871155567,7,295404.940610687,Stock Sufficient,2611579509.409999,0.42282346704397916,A,Stock Sufficient
12,8,12_8,5521461.23,42148.559007633594,2251.982227152118,131,112238,39714.12890625,2,5254.893282971794,84683.1510954718,7,295039.91305343516,Stock Sufficient,2617100970.639999,0.423717410104876,A,Stock Sufficient
38,95,38_95,5517998.19,42122.123587786264,4206.585145689134,131,39690,44703.01953125,1,6940.865490387071,51643.88502163707,3,126366.37076335879,Stock Sufficient,2622618968.829999,0.42461079248800143,A,Stock Sufficient
18,13,18_13,5512680.11,42081.52755725191,4285.951728212687,131,120653,43252.50390625,2,10001.064251829399,96506.0720643294,8,336652.2204580153,Stock Sufficient,2628131648.939999,0.42550331385616813,A,Stock Sufficient
13,9,13_9,5510893.67,42067.89061068702,16160.840055992554,131,219622,38308.4921875,4,53330.77218477542,206564.74093477541,7,294475.23427480913,Stock Sufficient,2633642542.609999,0.42639554599371715,A,Stock Sufficient
27,8,27_8,5507374.33,42041.02541984733,3349.2055562692785,131,204184,41758.796875,1,5526.189167844309,47284.986042844306,1,42041.02541984733,Reorder Required,2639149916.939999,0.4272872083383362,A,Urgent Reorder - High Priority SKU
11,91,11_91,5491686.25,41921.26908396946,3564.45348888879,131,207499,41843.1796875,2,8317.482469617129,92003.84184461713,3,125763.80725190838,Stock Sufficient,2644641603.189999,0.42817633073027417,A,Stock Sufficient
20,10,20_10,5488159.43,41894.34679389313,5724.656885726763,131,203742,43284.34375,2,13358.214222750068,99926.90172275007,2,83788.69358778626,Reorder Required,2650129762.619999,0.42906488211824506,A,Urgent Reorder - High Priority SKU
13,46,13_46,5460570.7,41683.74580152672,6516.998135478889,131,219622,38936.15625,1,10753.046923540165,49689.20317354017,6,250102.4748091603,Stock Sufficient,2655590333.3199987,0.42994896679845235,A,Stock Sufficient
6,94,6_94,5459618.71,41676.47870229008,4928.780956650187,131,202505,40920.17578125,1,8132.4885784728085,49052.66435972281,8,333411.8296183206,Stock Sufficient,2661049952.029999,0.4308328973482911,A,Stock Sufficient
6,93,6_93,5438950.81,41518.70847328244,5196.609650634134,131,202505,43023.58984375,2,12126.041146371412,98173.22083387141,3,124556.12541984732,Stock Sufficient,2666488902.8399987,0.43171348169591656,A,Stock Sufficient
10,74,10_74,5434581.05,41485.35152671755,4934.999107215175,131,126512,37541.08984375,2,11515.585401742646,86597.76508924265,3,124456.05458015266,Stock Sufficient,2671923483.889999,0.4325933585647666,A,Stock Sufficient
2,7,2_7,5430660.84,41455.426259541986,35026.64505882833,131,202307,33998.92578125,3,100102.08261994385,202098.85996369383,4,165821.70503816794,Reorder Required,2677354144.729999,0.4334726007384914,A,Urgent Reorder - High Priority SKU
15,72,15_72,5414261.83,41330.24297709924,32724.381849615984,131,123737,33369.68359375,3,93522.48181620245,193631.53259745246,7,289311.70083969465,Stock Sufficient,2682768406.559999,0.43434918785758764,A,Stock Sufficient
6,87,6_87,5398524.87,41210.113511450385,6381.518521020124,131,202505,46664.97265625,3,18237.638607950277,158232.55657670027,6,247260.6810687023,Stock Sufficient,2688166931.429999,0.4352232271101671,A,Stock Sufficient
11,13,11_13,5392429.33,41163.58267175573,2933.9612620372313,131,207499,42850.40234375,1,4841.036082361431,47691.43842611143,5,205817.91335877863,Stock Sufficient,2693559360.759999,0.4360962794744106,A,Stock Sufficient
39,7,39_7,5391428.37,41155.941755725195,30973.627839352586,131,184109,37085.29296875,3,88519.03023560603,199774.909141856,1,41155.941755725195,Reorder Required,2698950789.1299987,0.4369691697798785,A,Urgent Reorder - High Priority SKU
24,2,24_2,5372774.77,41013.54786259541,5338.235321618501,131,203819,40760.3359375,2,12456.517905103776,93977.18978010377,1,41013.54786259541,Reorder Required,2704323563.8999987,0.4378390400050477,A,Urgent Reorder - High Priority SKU
2,97,2_97,5360012.03,40916.122366412215,2927.5959793349566,131,202307,41654.1328125,3,8366.729217400141,133329.12765490013,3,122748.36709923664,Reorder Required,2709683575.929999,0.4387068438998769,A,Urgent Reorder - High Priority SKU
20,5,20_5,5352503.59,40858.80603053435,24638.648183858375,131,203742,32995.62109375,1,40653.76950336632,73649.39059711632,3,122576.41809160306,Stock Sufficient,2715036079.519999,0.4395734321531292,A,Stock Sufficient
21,95,21_95,5345876.01,40808.21381679389,4979.742256916587,131,140167,38716.75390625,4,16433.149447824737,171300.16507282475,5,204041.06908396946,Stock Sufficient,2720381955.5299993,0.44043894737898814,A,Stock Sufficient
39,93,39_93,5253221.6,40100.92824427481,4462.0505301034045,131,184109,46166.11328125,1,7362.383374670617,53528.496655920615,5,200504.64122137404,Stock Sufficient,2725635177.129999,0.44128946154562904,A,Stock Sufficient
14,81,14_81,5248209.81,40062.670305343505,5510.2794521746655,131,200898,31533.49609375,2,12857.974690656481,75924.96687815648,4,160250.68122137402,Stock Sufficient,2730883386.939999,0.44213916428668776,A,Stock Sufficient
20,80,20_80,5246650.9799999995,40050.770839694655,2983.441182518559,131,203742,41780.3203125,4,9845.355902311243,176966.63715231125,7,280355.3958778626,Stock Sufficient,2736130037.919999,0.44298861464795,A,Stock Sufficient
21,38,21_38,5241881.5,40014.36259541985,5881.745642333456,131,140167,30837.43359375,3,16809.345778035335,109321.64655928533,3,120043.08778625955,Stock Sufficient,2741371919.419999,0.4438372928144303,A,Stock Sufficient
44,92,44_92,5235351.85,39964.5179389313,4704.3309416061975,131,39910,45521.00390625,1,7762.146053650225,53283.14995990023,3,119893.5538167939,Stock Sufficient,2746607271.269999,0.4446849138087121,A,Stock Sufficient
39,79,39_79,5214302.41,39803.835190839694,4330.924130016479,131,184109,44134.7578125,4,14292.049629054378,190831.08087905438,3,119411.50557251909,Reorder Required,2751821573.679999,0.4455291268281771,A,Urgent Reorder - High Priority SKU
10,14,10_14,5202202.85,39711.47213740458,11424.042755986033,131,126512,34895.76171875,2,26657.459734365173,96448.98317186517,6,238268.83282442746,Stock Sufficient,2757023776.529999,0.4463713808883646,A,Stock Sufficient
35,23,35_23,5200014.87,39694.770000000004,10695.251658673658,131,103681,35712.52734375,2,24956.860415337887,96381.91510283788,5,198473.85000000003,Stock Sufficient,2762223791.3999987,0.44721328070726396,A,Stock Sufficient
4,97,4_97,5199220.45,39688.70572519084,2940.7932442562474,131,205863,42233.4375,2,6862.200988767892,91329.07598876789,5,198443.5286259542,Stock Sufficient,2767423011.8499985,0.4480550519069053,A,Stock Sufficient
27,38,27_38,5192638.15,39638.45916030535,4814.885953679969,131,204184,38281.0859375,2,11235.307078006977,87797.47895300698,6,237830.75496183208,Stock Sufficient,2772615649.9999986,0.44889575741013693,A,Stock Sufficient
36,95,36_95,5187993.64,39603.00488549618,6367.999021274619,131,39910,32666.572265625,3,18199.00144820426,116198.71824507926,1,39603.00488549618,Reorder Required,2777803643.6399984,0.44973571095164805,A,Urgent Reorder - High Priority SKU
4,46,4_46,5180778.96,39547.93099236641,8367.338774486632,131,205863,35931.9140625,2,19524.786560151293,91388.61468515129,8,316383.4479389313,Stock Sufficient,2782984422.5999985,0.45057449641231,A,Stock Sufficient
8,90,8_90,5172796.91,39486.9993129771,3641.6749466739248,131,155078,41425.859375,2,8497.67506391196,91349.39381391196,2,78973.9986259542,Reorder Required,2788157219.5099983,0.45141198955235023,A,Urgent Reorder - High Priority SKU
21,40,21_40,5167019.23,39442.894885496185,2304.377529568574,131,140167,36894.828125,1,3802.222923788147,40697.05104878815,5,197214.47442748092,Stock Sufficient,2793324238.7399983,0.4522485472666528,A,Stock Sufficient
26,91,26_91,5145325.37,39277.29290076336,5117.356890600926,131,152513,40221.83203125,1,8443.638869491528,48665.47090074153,5,196386.4645038168,Stock Sufficient,2798469564.109998,0.45308159267238285,A,Stock Sufficient
25,92,25_92,5129572.78,39157.044122137406,4876.242984791098,131,128107,43607.125,1,8045.800924905311,51652.925924905314,7,274099.3088549618,Stock Sufficient,2803599136.8899984,0.45391208768104685,A,Stock Sufficient
20,1,20_1,5125933.49,39129.26328244275,19871.301079291963,131,203742,37473.6875,4,65575.29356166348,215470.04356166348,7,273904.84297709924,Stock Sufficient,2808725070.379998,0.45474199347647415,A,Stock Sufficient
4,96,4_96,5124185.85,39115.922519083964,6577.634274742812,131,205863,44254.7890625,2,15348.596339457812,103858.17446445781,1,39115.922519083964,Reorder Required,2813849256.229998,0.45557161632313375,A,Urgent Reorder - High Priority SKU
45,40,45_40,5116129.64,39054.424732824424,2769.493325223207,131,118221,37955.8828125,4,9139.327973236583,160962.8592232366,7,273380.97312977095,Stock Sufficient,2818965385.869998,0.4563999348424194,A,Stock Sufficient
12,23,12_23,5111706.39,39020.65946564885,8319.736154698408,131,112238,33787.40234375,3,23776.83944708385,125139.04647833385,3,117061.97839694656,Reorder Required,2824077092.259998,0.45722753722271947,A,Urgent Reorder - High Priority SKU
40,72,40_72,5103299.58,38956.48534351145,17848.013893523555,131,155083,35887.2421875,4,58898.44584862773,202447.4145986277,2,77912.9706870229,Reorder Required,2829180391.839998,0.45805377851233164,A,Urgent Reorder - High Priority SKU
20,9,20_9,5084862.91,38815.74740458016,12202.388453230195,131,203742,42585.48828125,2,28473.69235243994,113644.66891493995,6,232894.48442748096,Stock Sufficient,2834265254.7499976,0.45887703484333847,A,Stock Sufficient
1,13,1_13,5082350.93,38796.57198473282,2537.965237261298,131,151315,40015.0859375,3,7253.209818987279,127298.46763148728,3,116389.71595419847,Reorder Required,2839347605.6799974,0.4596998844763723,A,Urgent Reorder - High Priority SKU
10,1,10_1,5076962.19,38755.4365648855,22749.003324423917,131,126512,34778.2109375,2,53083.71590258704,122640.13777758705,6,232532.619389313,Stock Sufficient,2844424567.8699975,0.4605218616543568,A,Stock Sufficient
2,10,2_10,5075907.2,38747.383206106875,3917.717188648015,131,202307,36587.359375,2,9141.806489851557,82316.52523985156,7,271231.6824427481,Stock Sufficient,2849500475.0699973,0.4613436680259278,A,Stock Sufficient
42,38,42_38,5070385.85,38705.2354961832,6695.450698791993,131,39690,38446.05859375,4,22094.987306013576,175879.2216810136,8,309641.8839694656,Stock Sufficient,2854570860.919997,0.46216458047244646,A,Stock Sufficient
25,72,25_72,5065706.55,38669.51564885496,23326.13278838871,131,128107,33940.71484375,3,66663.37777041942,168485.5223016694,4,154678.06259541985,Reorder Required,2859636567.4699974,0.46298473532462725,A,Urgent Reorder - High Priority SKU
27,46,27_46,5059985.09,38625.84038167939,6522.25144201453,131,204184,36343.4609375,2,15219.363136732301,87906.2850117323,1,38625.84038167939,Reorder Required,2864696552.5599976,0.46380396385327655,A,Urgent Reorder - High Priority SKU
34,40,34_40,5036678.33,38447.92618320611,3317.9835023293786,131,158114,37178.34375,3,9482.41140777119,121017.44265777119,8,307583.4094656489,Stock Sufficient,2869733230.8899975,0.46461941893944275,A,Stock Sufficient
20,23,20_23,5023167.25,38344.78816793893,14154.25159847108,131,203742,34324.48828125,1,23354.515137477283,57679.00341872728,6,230068.72900763358,Stock Sufficient,2874756398.1399975,0.46543268653651726,A,Stock Sufficient
20,79,20_79,5010311.0,38246.64885496183,3532.725338865304,131,203742,37587.83984375,3,10096.11863056613,122859.63816181612,6,229479.893129771,Stock Sufficient,2879766709.1399975,0.4662438726636695,A,Stock Sufficient
24,93,24_93,5002072.31,38183.75809160305,5530.429915540031,131,203819,42568.11328125,3,15805.326242333409,143509.6660860834,2,76367.5161832061,Reorder Required,2884768781.4499974,0.46705372491932484,A,Urgent Reorder - High Priority SKU
28,13,28_13,4992773.3,38112.773282442744,3059.8608993872817,131,206302,36954.73046875,3,8744.726994023084,119608.91840027308,2,76225.54656488549,Reorder Required,2889761554.7499976,0.46786207163412485,A,Urgent Reorder - High Priority SKU
40,94,40_94,4976981.66,37992.22641221374,5885.58755498327,131,155083,33389.0859375,4,19422.43893144479,152978.78268144478,6,227953.35847328245,Stock Sufficient,2894738536.4099975,0.468667861629533,A,Stock Sufficient
8,40,8_40,4958475.1,37850.95496183206,3320.567089586771,131,155078,39694.859375,4,10957.871395636344,169737.30889563635,7,264956.68473282445,Stock Sufficient,2899697011.5099974,0.46947065535091076,A,Stock Sufficient
4,10,4_10,4942384.5,37728.12595419848,5004.43600311775,131,205863,38142.3125,1,8257.319405144288,46399.631905144284,2,75456.25190839695,Stock Sufficient,2904639396.0099974,0.4702708439502717,A,Stock Sufficient
6,13,6_13,4929667.18,37631.047175572516,2702.3831072157514,131,202505,36680.76171875,1,4458.932126905989,41139.69384565599,7,263417.33022900764,Stock Sufficient,2909569063.189997,0.4710689735729426,A,Stock Sufficient
34,94,34_94,4923727.13,37585.703282442744,4763.124425008062,131,158114,36505.96875,2,11114.52401584297,84126.46151584297,4,150342.81312977098,Stock Sufficient,2914492790.3199973,0.4718661414816292,A,Stock Sufficient
23,74,23_74,4923069.22,37580.68106870229,7830.972767279961,131,114533,43756.3671875,2,18273.202025201783,105785.93640020178,4,150322.72427480915,Stock Sufficient,2919415859.539997,0.4726632028724838,A,Stock Sufficient
23,13,23_13,4917663.96,37539.41954198473,5588.387039561028,131,114533,42411.81640625,1,9220.838615275696,51632.655021525694,5,187697.09770992366,Stock Sufficient,2924333523.499997,0.4734593891336458,A,Stock Sufficient
27,23,27_23,4913051.05,37504.206488549615,9715.65383016025,131,204184,36187.30859375,2,22671.01553299231,95045.63272049231,8,300033.6519083969,Stock Sufficient,2929246574.5499973,0.47425482854923323,A,Stock Sufficient
26,40,26_40,4910467.57,37484.48526717557,2206.332862043092,131,152513,40120.30859375,2,5148.3726634078,85388.9898509078,2,74968.97053435115,Reorder Required,2934157042.1199975,0.47504984969075825,A,Urgent Reorder - High Priority SKU
22,13,22_13,4903992.05,37435.053816793894,2847.170818194915,131,119557,39758.59375,2,6643.737516048848,86160.92501604884,1,37435.053816793894,Reorder Required,2939061034.1699977,0.475843822423913,A,Urgent Reorder - High Priority SKU
11,94,11_94,4899882.13,37403.68038167939,4540.222453225158,131,207499,38544.01171875,1,7491.36704782151,46035.378766571506,2,74807.36076335878,Stock Sufficient,2943960916.299998,0.4766371297472583,A,Stock Sufficient
19,94,19_94,4883862.12,37281.39022900764,5030.876089392758,131,203819,32705.037109375,3,14377.659439129275,112492.77076725427,8,298251.1218320611,Stock Sufficient,2948844778.4199977,0.47742784337734406,A,Stock Sufficient
14,79,14_79,4878118.02,37237.542137404576,4303.280784431094,131,200898,31745.71484375,2,10041.500779269274,73532.93046676928,2,74475.08427480915,Stock Sufficient,2953722896.4399977,0.4782176270184066,A,Stock Sufficient
19,93,19_93,4877875.47,37235.69061068702,3862.928813013763,131,203819,36291.33984375,3,11039.801800766594,119913.8213320166,6,223414.14366412215,Stock Sufficient,2958600771.9099975,0.4790073713898119,A,Stock Sufficient
22,8,22_8,4877528.08,37233.03877862595,2823.4042174291944,131,119557,37158.7578125,2,6588.279284977107,80905.7949099771,1,37233.03877862595,Reorder Required,2963478299.9899974,0.4797970595176131,A,Urgent Reorder - High Priority SKU
21,23,21_23,4867063.35,37153.15534351145,8695.450965738819,131,140167,32511.0078125,4,28694.988186938102,158739.0194369381,2,74306.3106870229,Reorder Required,2968345363.3399973,0.48058505337058777,A,Urgent Reorder - High Priority SKU
10,79,10_79,4859756.19,37097.37549618321,4640.31034725567,131,126512,35353.58984375,2,10827.94321407014,81535.12290157014,2,74194.75099236642,Reorder Required,2973205119.5299973,0.48137186416989153,A,Urgent Reorder - High Priority SKU
1,4,1_4,4857805.87,37082.48755725191,2970.7672360012684,131,151315,36413.22265625,2,6932.143871080935,79758.58918358093,7,259577.41290076336,Stock Sufficient,2978062925.399997,0.4821583592058569,A,Stock Sufficient
25,2,25_2,4856746.5,37074.400763358775,4425.886365932492,131,128107,36493.6796875,2,10327.595064969437,83314.95443996944,7,259520.80534351143,Stock Sufficient,2982919671.899997,0.4829446827262722,A,Stock Sufficient
45,72,45_72,4844852.85,36983.60954198473,27581.08503200233,131,118221,30955.859375,1,45508.79030280384,76464.64967780384,2,73967.21908396947,Reorder Required,2987764524.749997,0.4837290806249285,A,Urgent Reorder - High Priority SKU
27,10,27_10,4829972.96,36870.02259541985,3999.192159493557,131,204184,33921.015625,1,6598.667063164368,40519.682688164365,2,73740.0451908397,Stock Sufficient,2992594497.709997,0.48451106941957073,A,Stock Sufficient
8,72,8_72,4810542.91,36721.701603053436,18839.25594335479,131,155078,38545.15625,1,31084.772306535404,69629.92855653541,8,293773.6128244275,Stock Sufficient,2997405040.619997,0.4852899124240594,A,Stock Sufficient
40,38,40_38,4810518.96,36721.518778625956,4577.332173636994,131,155083,37577.65625,3,13081.483614967285,125814.45236496729,5,183607.5938931298,Stock Sufficient,3002215559.579997,0.4860687515509629,A,Stock Sufficient
23,8,23_8,4793822.87,36594.067709923664,3642.014966924337,131,114533,39996.890625,1,6009.324695425155,46006.21532042515,4,146376.27083969465,Stock Sufficient,3007009382.449997,0.4868448875249911,A,Stock Sufficient
27,79,27_79,4791696.24,36577.83389312977,2984.8597671504085,131,204184,35639.14453125,3,8530.38247078498,115447.81606453499,3,109733.5016793893,Reorder Required,3011801078.6899967,0.4876206791905016,A,Urgent Reorder - High Priority SKU
4,1,4_1,4790544.12,36569.03908396947,14946.97758780543,131,205863,39112.671875,2,34878.06039491586,113103.40414491587,4,146276.15633587787,Stock Sufficient,3016591622.8099966,0.48839628432392646,A,Stock Sufficient
23,46,23_46,4779131.18,36481.91740458015,7630.27333185834,131,114533,33649.3984375,1,12589.95099756626,46239.34943506626,1,36481.91740458015,Reorder Required,3021370753.9899964,0.48917004166415085,A,Urgent Reorder - High Priority SKU
39,8,39_8,4774626.88,36447.53343511451,3184.1712396803314,131,184109,38286.37890625,2,7430.1119509225555,84002.86976342255,3,109342.60030534351,Stock Sufficient,3026145380.8699965,0.4899430697431233,A,Stock Sufficient
18,23,18_23,4762679.29,36356.33045801527,10478.690593658443,131,120653,33045.2109375,1,17289.83947953643,50335.05041703643,6,218137.98274809163,Stock Sufficient,3030908060.1599965,0.49071416346727004,A,Stock Sufficient
34,72,34_72,4759640.94,36333.13694656489,19038.44641505308,131,158114,35151.43359375,2,44425.30805902447,114728.17524652448,6,217998.82167938934,Stock Sufficient,3035667701.0999966,0.4914847652723784,A,Stock Sufficient
14,23,14_23,4759601.84,36332.83847328244,12118.733897260852,131,200898,28695.8203125,2,28278.488429889803,85670.12905488981,4,145331.35389312977,Stock Sufficient,3040427302.9399967,0.49225536074706583,A,Stock Sufficient
43,93,43_93,4757401.35,36316.04083969465,3614.5708740619507,131,41062,35559.17578125,2,8434.429001224353,79552.78056372436,4,145264.1633587786,Stock Sufficient,3045184704.2899966,0.4930255999550542,A,Stock Sufficient
13,8,13_8,4736913.98,36159.64870229008,3083.2826650142747,131,219622,36667.01953125,1,5087.416397273553,41754.435928523555,6,216957.89221374044,Stock Sufficient,3049921618.2699966,0.4937925221892408,A,Stock Sufficient
31,79,31_79,4736820.44,36158.934656488556,5467.709360915975,131,203750,35179.5625,4,18043.440891022714,158761.6908910227,1,36158.934656488556,Reorder Required,3054658438.7099967,0.4945594292789882,A,Urgent Reorder - High Priority SKU
28,94,28_94,4734340.81,36140.006183206104,5548.495537468276,131,206302,35655.00390625,4,18310.03527364531,160930.0508986453,2,72280.01236641221,Reorder Required,3059392779.5199966,0.495325934908336,A,Urgent Reorder - High Priority SKU
23,5,23_5,4733581.4399999995,36134.20946564885,24263.160810617,131,114533,29009.880859375,3,69341.29500573446,156370.93758385946,8,289073.6757251908,Stock Sufficient,3064126360.9599967,0.4960923175931381,A,Stock Sufficient
11,5,11_5,4723702.75,36058.79961832061,15480.40557201261,131,207499,35095.80078125,4,51085.33838764161,191468.54151264162,2,72117.59923664122,Reorder Required,3068850063.7099967,0.49685710088495194,A,Urgent Reorder - High Priority SKU
42,94,42_94,4721000.85,36038.17442748091,3612.879821358612,131,39690,36477.8203125,2,8430.483010272566,81386.12363527257,8,288305.3954198473,Stock Sufficient,3073571064.5599966,0.4976214467301089,A,Stock Sufficient
41,93,41_93,4704110.46,35909.24015267176,4020.6457679214404,131,196321,40454.02734375,3,11490.538536306587,132852.6205675566,8,287273.92122137407,Stock Sufficient,3078275175.0199966,0.49838305796457,A,Stock Sufficient
45,2,45_2,4695303.25,35842.009541984735,3985.965349333711,131,118221,35751.3046875,2,9301.06032269196,80803.66969769196,2,71684.01908396947,Reorder Required,3082970478.2699966,0.4991432432822425,A,Urgent Reorder - High Priority SKU
8,2,8_2,4687948.34,35785.86519083969,2756.6476925557336,131,155078,36088.17578125,3,7878.178872422167,116142.70621617217,7,250501.05633587786,Stock Sufficient,3087658426.609997,0.49990223781535925,A,Stock Sufficient
35,38,35_38,4681421.38,35736.04106870229,4032.6795156921976,131,103681,36306.40625,2,9410.065605263517,82022.87810526352,2,71472.08213740458,Reorder Required,3092339847.989997,0.5006601756117975,A,Urgent Reorder - High Priority SKU
1,8,1_8,4677188.02,35703.72534351145,2492.2726805629504,131,151315,37040.99609375,4,8224.499845857736,156388.48422085773,5,178518.62671755723,Stock Sufficient,3097017036.009997,0.501417428013077,A,Stock Sufficient
14,80,14_80,4659687.25,35570.13167938931,3459.510992375864,131,200898,29606.109375,2,8072.604151584642,67284.82290158464,4,142280.52671755725,Stock Sufficient,3101676723.259997,0.5021718469810948,A,Stock Sufficient
1,97,1_97,4657754.77,35555.37992366412,3295.5075801307516,131,151315,36846.1953125,1,5437.58750721574,42283.782819715736,1,35555.37992366412,Reorder Required,3106334478.029997,0.50292595307413,A,Urgent Reorder - High Priority SKU
11,7,11_7,4630040.64,35343.82167938931,28847.519909980663,131,207499,32557.900390625,1,47598.407851468095,80156.3082420931,4,141375.28671755723,Stock Sufficient,3110964518.6699967,0.5036755721567218,A,Stock Sufficient
4,9,4_9,4626603.58,35317.584580152674,8194.052030404384,131,205863,39875.94921875,2,19120.430195111316,98872.32863261132,2,70635.16916030535,Reorder Required,3115591122.2499967,0.504424634767791,A,Urgent Reorder - High Priority SKU
6,7,6_7,4623714.16,35295.5279389313,26937.342577642874,131,202505,24896.759765625,2,62857.006092528085,112650.52562377808,2,70591.0558778626,Reorder Required,3120214836.4099965,0.5051732295720875,A,Urgent Reorder - High Priority SKU
38,90,38_90,4604624.26,35149.80351145038,3478.652535645851,131,39690,37402.24609375,1,5739.776683815654,43142.02277756565,5,175749.0175572519,Stock Sufficient,3124819460.6699967,0.5059187336576545,A,Stock Sufficient
31,4,31_4,4593585.34,35065.536946564884,2467.9024984392954,131,203750,34949.5703125,3,7052.978650448002,111901.689587948,1,35065.536946564884,Reorder Required,3129413046.009997,0.5066624505051113,A,Urgent Reorder - High Priority SKU
34,2,34_2,4593274.16,35063.16152671756,2369.606846707657,131,158114,33826.359375,4,7819.702594135268,143125.14009413528,5,175315.8076335878,Stock Sufficient,3134006320.1699967,0.5074061169714841,A,Stock Sufficient
35,40,35_40,4584145.98,34993.480763358784,5184.773536192096,131,103681,36130.01171875,4,17109.752669433914,161629.79954443392,4,139973.92305343514,Reorder Required,3138590466.1499968,0.5081483055549507,A,Urgent Reorder - High Priority SKU
7,95,7_95,4562934.05,34831.557633587785,8079.828541700892,131,70713,34714.27734375,4,26663.434187612944,165520.54356261293,4,139326.23053435114,Reorder Required,3143153400.199997,0.5088870598559254,A,Urgent Reorder - High Priority SKU
12,7,12_7,4558308.85,34796.250763358774,30408.124644523807,131,112238,28690.59765625,4,100346.81132692855,215109.20195192855,5,173981.25381679388,Reorder Required,3147711709.049997,0.5096250653215333,A,Urgent Reorder - High Priority SKU
36,90,36_90,4552340.89,34750.69381679389,5688.345969132978,131,39910,26667.59765625,3,16256.631978787103,96259.4249475371,7,243254.85671755724,Stock Sufficient,3152264049.9399967,0.5103621045544344,A,Stock Sufficient
41,7,41_7,4546234.32,34704.07877862595,25683.906980592106,131,196321,29717.4296875,1,42378.446517976976,72095.87620547698,8,277632.6302290076,Stock Sufficient,3156810284.259997,0.5110981551132057,A,Stock Sufficient
39,46,39_46,4540469.47,34660.072290076336,5438.755483275069,131,184109,34955.16796875,1,8973.946547403864,43929.114516153866,1,34660.072290076336,Reorder Required,3161350753.7299967,0.5118332723234592,A,Urgent Reorder - High Priority SKU
2,96,2_96,4538178.07,34642.580687022906,4934.545826105387,131,202307,35477.52734375,1,8142.000613073888,43619.52795682389,7,242498.06480916034,Stock Sufficient,3165888931.799997,0.5125680185483803,A,Stock Sufficient
2,9,2_9,4535601.63,34622.91320610687,9368.018642857382,131,202307,38387.9375,1,15457.23076071468,53845.16826071468,8,276983.30564885493,Stock Sufficient,3170424533.429997,0.5133023476390387,A,Stock Sufficient
43,91,43_91,4524195.48,34535.84335877863,4925.768893349875,131,41062,33310.015625,3,14077.275282880102,114007.3221578801,1,34535.84335877863,Reorder Required,3174948728.909997,0.5140348300358203,A,Urgent Reorder - High Priority SKU
30,90,30_90,4512897.06,34449.59587786259,2333.923120626887,131,42988,36111.55859375,3,6670.081152711031,115004.75693396103,4,137798.38351145037,Stock Sufficient,3179461625.969997,0.5147654831805728,A,Stock Sufficient
11,8,11_8,4505617.81,34394.029083969464,2618.9726101679503,131,207499,35051.7734375,3,7484.719480329578,112640.03979282957,1,34394.029083969464,Reorder Required,3183967243.779997,0.5154949577903769,A,Urgent Reorder - High Priority SKU
11,23,11_23,4499960.32,34350.84213740458,7796.273224536787,131,207499,30152.013671875,3,22280.843202067816,112736.88421769282,5,171754.2106870229,Stock Sufficient,3188467204.099997,0.5162235164336069,A,Stock Sufficient
6,4,6_4,4490861.72,34281.38717557252,3128.4443358493877,131,202505,33133.34765625,2,7300.075874664365,73566.77118716437,4,137125.54870229008,Stock Sufficient,3192958065.819997,0.5169506019830314,A,Stock Sufficient
19,7,19_7,4482530.39,34217.78923664122,22943.189233705787,131,203819,26126.09375,2,53536.839474358516,105789.02697435851,6,205306.7354198473,Stock Sufficient,3197440596.2099967,0.517676338662233,A,Stock Sufficient
34,91,34_91,4475735.03,34165.916259541984,2572.1646410225553,131,158114,35656.0859375,2,6002.023697984526,77314.19557298452,6,204995.4975572519,Stock Sufficient,3201916331.239997,0.5184009751498971,A,Stock Sufficient
6,5,6_5,4467565.44,34103.552977099236,16498.234217637102,131,202505,28373.875,3,47150.036835196064,132271.66183519608,1,34103.552977099236,Reorder Required,3206383896.679997,0.5191242889535859,A,Urgent Reorder - High Priority SKU
45,8,45_8,4459206.15,34039.74160305344,2610.0700683632763,131,118221,34860.7578125,2,6090.474207548637,75811.98983254864,4,136158.96641221375,Stock Sufficient,3210843102.829997,0.5198462493602337,A,Stock Sufficient
40,8,40_8,4455722.68,34013.15022900763,2512.923821225739,131,155083,36024.296875,1,4146.324305022469,40170.62118002247,2,68026.30045801526,Stock Sufficient,3215298825.509997,0.5205676457814247,A,Stock Sufficient
41,8,41_8,4452044.73,33985.074274809165,3399.007608893654,131,196321,35973.48828125,2,7931.422387526138,79878.39895002614,4,135940.29709923666,Stock Sufficient,3219750870.239997,0.5212884467301956,A,Stock Sufficient
41,9,41_9,4447934.79,33953.7006870229,12403.342558612989,131,196321,40810.8125,3,35447.31216707843,157879.74966707843,8,271629.6054961832,Stock Sufficient,3224198805.029997,0.5220085822659191,A,Stock Sufficient
29,72,29_72,4436794.72,33868.661984732826,31061.872140389925,131,93638,28719.13671875,4,102504.17806328674,217380.72493828676,7,237080.63389312977,Stock Sufficient,3228635599.7499967,0.5227269141870087,A,Stock Sufficient
1,79,1_79,4432611.55,33836.729389312975,5738.6372873739,131,151315,33777.6015625,1,9468.751524166935,43246.35308666693,3,101510.18816793893,Stock Sufficient,3233068211.299997,0.5234445688388686,A,Stock Sufficient
20,46,20_46,4428058.8,33801.975572519084,7319.182949725295,131,203742,29888.2421875,2,17078.964858435855,76855.44923343585,5,169009.87786259543,Stock Sufficient,3237496270.099997,0.5241614863852594,A,Stock Sufficient
19,13,19_13,4420337.94,33743.037709923665,3423.4190540516606,131,203819,34922.73828125,3,9783.733966407819,114551.94881015782,4,134972.15083969466,Stock Sufficient,3241916608.039997,0.524877153898564,A,Stock Sufficient
37,94,37_94,4419756.9,33738.60229007634,3068.675894075629,131,39910,34601.95703125,2,7160.609062083077,76364.52312458308,3,101215.80687022902,Stock Sufficient,3246336364.939997,0.5255927273395472,A,Stock Sufficient
23,14,23_14,4419511.14,33736.72625954198,12632.28736766145,131,114533,34984.765625,1,20843.274156641393,55828.03978164139,8,269893.81007633585,Stock Sufficient,3250755876.079997,0.5263082609911635,A,Stock Sufficient
33,92,33_92,4411168.4,33673.04122137405,4582.110272384755,131,39690,33430.14453125,2,10692.136110967736,77552.42517346774,1,33673.04122137405,Reorder Required,3255167044.479997,0.5270224439252393,A,Urgent Reorder - High Priority SKU
40,40,40_40,4391987.3,33526.62061068702,2242.588036816035,131,155083,36271.9609375,1,3700.2702607464576,39972.23119824646,7,234686.34427480918,Stock Sufficient,3259559031.7799973,0.5277335213750003,A,Stock Sufficient
13,81,13_81,4385560.65,33477.562213740464,3026.813722582083,131,219622,35577.05859375,4,9988.485284520873,152296.71965952087,5,167387.8110687023,Stock Sufficient,3263944592.4299974,0.5284435583286076,A,Stock Sufficient
13,82,13_82,4375593.41,33401.47641221374,14672.013751670955,131,219622,31748.150390625,2,34236.44537764708,97732.74615889708,7,233810.33488549618,Stock Sufficient,3268320185.8399973,0.5291519815526851,A,Stock Sufficient
20,81,20_81,4374121.32,33390.23908396947,2758.287303600789,131,203742,36308.46875,2,6436.33206756169,79053.26956756169,1,33390.23908396947,Reorder Required,3272694307.1599975,0.5298601664404625,A,Urgent Reorder - High Priority SKU
18,7,18_7,4366839.0,33334.64885496183,29423.968170941807,131,120653,24119.419921875,1,48549.54748205398,72668.96740392898,8,266677.19083969464,Stock Sufficient,3277061146.1599975,0.5305671722962482,A,Stock Sufficient
28,8,28_8,4350685.15,33211.33702290076,1906.5507597316607,131,206302,31956.0078125,2,4448.84540391265,68360.86102891265,3,99634.0110687023,Stock Sufficient,3281411831.3099976,0.5312715627896303,A,Stock Sufficient
12,46,12_46,4343787.83,33158.68572519084,5631.147466930291,131,112238,32771.32421875,2,13140.014447101934,78682.66288460193,5,165793.4286259542,Stock Sufficient,3285755619.1399975,0.5319748365838097,A,Stock Sufficient
42,93,42_93,4337281.48,33109.018931297716,5529.177553323713,131,39690,32316.654296875,3,15801.747136602975,112751.71002722798,2,66218.03786259543,Reorder Required,3290092900.6199975,0.5326770569781386,A,Urgent Reorder - High Priority SKU
10,11,10_11,4322417.86,32995.55618320611,5825.275772242555,131,126512,27974.228515625,2,13593.003602753563,69541.46063400357,8,263964.44946564885,Stock Sufficient,3294415318.4799976,0.5333768709026211,A,Stock Sufficient
41,13,41_13,4309188.59,32894.56938931298,3005.5051905328046,131,196321,36681.484375,2,7013.203233686471,80376.17198368646,6,197367.41633587788,Stock Sufficient,3298724507.069998,0.5340745429639943,A,Stock Sufficient
11,93,11_93,4303806.57,32853.48526717557,3973.7650914110973,131,207499,33136.015625,2,9272.591601831253,75544.62285183126,4,131413.9410687023,Stock Sufficient,3303028313.639998,0.5347713436583087,A,Stock Sufficient
35,92,35_92,4291317.93,32758.152137404577,5250.6088224613795,131,103681,36124.8984375,2,12252.045642277171,84501.84251727717,4,131032.60854961831,Stock Sufficient,3307319631.569998,0.5354661223999908,A,Stock Sufficient
14,46,14_46,4288691.36,32738.101984732828,7037.781768012003,131,200898,24624.65234375,2,16422.328601818714,65671.6332893187,8,261904.81587786262,Stock Sufficient,3311608322.929998,0.5361604758911952,A,Stock Sufficient
10,3,10_3,4281226.13,32681.115496183204,23541.022810596307,131,126512,21556.302734375,2,54931.8556559515,98044.4611247015,1,32681.115496183204,Reorder Required,3315889549.059998,0.5368536207366664,A,Urgent Reorder - High Priority SKU
23,1,23_1,4280481.51,32675.4313740458,18563.245137924263,131,114533,33649.953125,1,30629.35447757503,64279.307602575034,2,65350.8627480916,Stock Sufficient,3320170030.5699983,0.5375466450256665,A,Stock Sufficient
23,87,23_87,4258657.33,32508.834580152674,6048.656043504624,131,114533,37658.90625,3,17286.356315016612,130263.07506501662,4,130035.3383206107,Reorder Required,3324428687.899998,0.5382361359068496,A,Urgent Reorder - High Priority SKU
35,13,35_13,4254806.74,32479.44076335878,5805.968172291029,131,103681,34254.44140625,2,13547.95023773483,82056.83305023483,3,97438.32229007634,Stock Sufficient,3328683494.639998,0.5389250033646186,A,Stock Sufficient
14,5,14_5,4252686.12,32463.252824427484,21917.59817641404,131,200898,24270.255859375,2,51143.67158295211,99684.18330170211,2,64926.50564885497,Reorder Required,3332936180.759998,0.5396135274869089,A,Urgent Reorder - High Priority SKU
22,4,22_4,4249537.72,32439.21923664122,2761.7911508118236,131,119557,33915.7265625,1,4556.955398839509,38472.681961339506,4,129756.87694656488,Stock Sufficient,3337185718.4799976,0.5403015418726974,A,Stock Sufficient
2,79,2_79,4243530.1,32393.35954198473,4016.2584206933884,131,202307,31977.94921875,1,6626.826394144091,38604.77561289409,1,32393.35954198473,Reorder Required,3341429248.5799975,0.5409885836046924,A,Urgent Reorder - High Priority SKU
9,72,9_72,4223388.11,32239.603893129773,15861.087863445291,131,125833,30637.9140625,2,37011.09319128479,98286.92131628479,5,161198.01946564886,Stock Sufficient,3345652636.6899977,0.5416723642810639,A,Stock Sufficient
16,72,16_72,4213471.65,32163.90572519084,15419.519293302741,131,57197,30010.677734375,1,25442.20683394952,55452.884568324516,3,96491.71717557253,Stock Sufficient,3349866108.339998,0.5423545394493579,A,Stock Sufficient
23,11,23_11,4177504.84,31889.349923664122,15718.506334688005,131,114533,25349.658203125,2,36678.385983959255,87377.70239020925,8,255114.79938931298,Stock Sufficient,3354043613.179998,0.5430308914706834,A,Stock Sufficient
28,23,28_23,4172582.93,31851.778091603053,6896.507521467004,131,206302,25905.87109375,3,19709.417346236904,97427.0306274869,5,159258.89045801526,Stock Sufficient,3358216196.1099977,0.5437064466182996,A,Stock Sufficient
18,8,18_8,4149685.89,31676.991526717557,3473.201931718485,131,120653,30535.595703125,1,5730.7831873355,36266.3788904605,5,158384.9576335878,Stock Sufficient,3362365881.9999976,0.5443782946584727,A,Stock Sufficient
19,9,19_9,4146395.33,31651.872748091602,11155.66953342125,131,203819,45060.52734375,4,36813.70946029013,217055.81883529012,7,221563.1092366412,Stock Sufficient,3366512277.3299975,0.5450496099459639,A,Stock Sufficient
16,40,16_40,4142378.3,31621.208396946564,4568.508108625635,131,57197,29057.09765625,1,7538.038379232297,36595.1360354823,7,221348.45877862594,Stock Sufficient,3370654655.6299977,0.5457202748628476,A,Stock Sufficient
17,90,17_90,4141554.28,31614.91816793893,6074.719300321215,131,93188,38331.51953125,1,10023.286845530005,48354.806376780005,6,189689.50900763358,Stock Sufficient,3374796209.909998,0.5463908063681343,A,Stock Sufficient
44,90,44_90,4130756.86,31532.495114503818,3116.036904451491,131,39910,35459.69921875,2,7271.123724365118,78190.52216186511,1,31532.495114503818,Reorder Required,3378926966.769998,0.5470595897349695,A,Urgent Reorder - High Priority SKU
19,4,19_4,4121332.65,31460.55458015267,2847.9963745256373,131,203819,31558.501953125,1,4699.194017967301,36257.695971092304,7,220223.8820610687,Stock Sufficient,3383048299.419998,0.5477268472906501,A,Stock Sufficient
8,91,8_91,4118789.07,31441.137938931297,2807.944803436716,131,155078,32144.125,2,6552.2054786351755,70840.45547863518,2,62882.275877862594,Reorder Required,3387167088.4899983,0.548393693032212,A,Urgent Reorder - High Priority SKU
23,10,23_10,4116658.8,31424.87633587786,4856.3841279158105,131,114533,30417.953125,3,13878.981683525073,105132.84105852507,4,125699.50534351144,Stock Sufficient,3391283747.2899985,0.549060193875928,A,Stock Sufficient
31,97,31_97,4114748.34,31410.292671755724,2693.0334730916443,131,203750,31441.25,1,4443.505230601213,35884.755230601215,3,94230.87801526717,Stock Sufficient,3395398495.6299987,0.5497263854097731,A,Stock Sufficient
44,95,44_95,4114341.36,31407.185954198474,3392.9933632685274,131,39910,35091.59375,4,11196.87809878614,151563.25309878614,4,125628.7438167939,Reorder Required,3399512836.989999,0.5503925110521934,A,Urgent Reorder - High Priority SKU
7,40,7_40,4104910.11,31335.19167938931,6260.057379219847,131,70713,29927.88671875,2,14607.545777428692,74463.31921492869,8,250681.53343511448,Stock Sufficient,3403617747.099999,0.5510571097436598,A,Stock Sufficient
30,91,30_91,4102510.14,31316.871297709924,2232.5859381738014,131,42988,30321.61328125,2,5209.632966332602,65852.8595288326,2,62633.74259541985,Reorder Required,3407720257.239999,0.5517213198719472,A,Urgent Reorder - High Priority SKU
4,81,4_81,4097761.78,31280.624274809157,2118.822082749688,131,205863,33206.3984375,2,4944.170427372358,71356.96730237236,4,125122.49709923663,Stock Sufficient,3411818019.019999,0.5523847612248514,A,Stock Sufficient
7,38,7_38,4091895.57,31235.844045801525,4396.532106261579,131,70713,31276.90625,2,10259.098297938393,72812.9107979384,7,218650.90832061067,Stock Sufficient,3415909914.589999,0.5530472528187146,A,Stock Sufficient
41,4,41_4,4076774.91,31120.419160305344,3330.492225788866,131,196321,33932.234375,1,5495.3121725516285,39427.546547551625,5,155602.0958015267,Stock Sufficient,3419986689.499999,0.5537072963270945,A,Stock Sufficient
11,79,11_79,4074142.23,31100.322366412212,3998.723428013732,131,207499,31324.978515625,2,9330.83069172549,71980.7877229755,4,124401.28946564885,Stock Sufficient,3424060831.729999,0.5543669135957673,A,Stock Sufficient
20,82,20_82,4071540.87,31080.46465648855,12983.40842990411,131,203742,29872.361328125,2,30296.16527420928,90040.88793045928,5,155402.32328244275,Stock Sufficient,3428132372.599999,0.5550261096955458,A,Stock Sufficient
29,95,29_95,4070285.32,31070.88030534351,4098.7382189629525,131,93638,31161.515625,2,9564.21044349268,71887.24169349269,5,155354.40152671756,Stock Sufficient,3432202657.919999,0.5556851025175754,A,Stock Sufficient
7,9,7_9,4068170.42,31054.73603053435,15624.123689426246,131,70713,39630.48828125,3,44651.93048881414,163543.39533256413,7,217383.15221374045,Stock Sufficient,3436270828.339999,0.5563437529302135,A,Stock Sufficient
1,10,1_10,4065849.77,31037.02114503817,3625.2151355328397,131,151315,29144.607421875,3,10360.443725132443,97794.26599075744,2,62074.04229007634,Reorder Required,3440336678.109999,0.5570020276218463,A,Urgent Reorder - High Priority SKU
2,81,2_81,4055651.71,30959.173358778626,2067.5023839307664,131,202307,30560.60546875,4,6822.7578669715285,129065.17974197153,7,216714.2135114504,Stock Sufficient,3444392329.819999,0.5576586512134185,A,Stock Sufficient
32,93,32_93,4055468.74,30957.776641221375,2719.4159841988744,131,203007,31954.95703125,2,6345.6276948705745,70255.54175737058,5,154788.88320610687,Stock Sufficient,3448447798.559999,0.558315245181535,A,Stock Sufficient
37,91,37_91,4053143.55,30940.02709923664,1591.9390013620764,131,39910,31688.08984375,3,4549.5767343008,99613.8462655508,8,247520.2167938931,Stock Sufficient,3452500942.109999,0.558971462693605,A,Stock Sufficient
23,79,23_79,4034935.94,30801.037709923665,3665.1472495434964,131,114533,29264.255859375,3,10474.565068160591,98267.33264628559,1,30801.037709923665,Reorder Required,3456535878.049999,0.5596247323326505,A,Urgent Reorder - High Priority SKU
6,23,6_23,4021093.49,30695.370152671756,9096.132073718345,131,202505,25784.373046875,3,25995.68879166109,103348.80793228609,2,61390.74030534351,Reorder Required,3460556971.539999,0.5602757608326918,A,Urgent Reorder - High Priority SKU
6,96,6_96,4018235.76,30673.555419847326,5135.182119282066,131,202505,29626.12890625,2,11982.702927268443,71234.96073976844,1,30673.555419847326,Reorder Required,3464575207.299999,0.5609263266566774,A,Urgent Reorder - High Priority SKU
31,96,31_96,4017159.1,30665.336641221376,4125.633662316541,131,203750,28656.212890625,4,13614.591085644584,128239.44264814458,8,245322.693129771,Stock Sufficient,3468592366.399999,0.561576718165804,A,Stock Sufficient
15,40,15_40,4016661.08,30661.53496183206,1764.1236370872111,131,123737,30179.921875,4,5821.608002387797,126541.2955023878,6,183969.20977099237,Stock Sufficient,3472609027.479999,0.562227029043825,A,Stock Sufficient
13,23,13_23,4002855.47,30556.1486259542,9809.556386621376,131,219622,27830.759765625,3,28034.572601210984,111526.85189808598,6,183336.8917557252,Stock Sufficient,3476611882.949999,0.5628751047473611,A,Stock Sufficient
16,9,16_9,3983312.58,30406.966259541987,21673.673551440745,131,57197,43358.8203125,4,71523.12271975445,244958.40396975446,8,243255.7300763359,Reorder Required,3480595195.529999,0.5635200163915699,A,Urgent Reorder - High Priority SKU
22,23,22_23,3979818.57,30380.294427480916,8902.786294688627,131,119557,27712.109375,1,14689.597386236233,42401.70676123623,1,30380.294427480916,Reorder Required,3484575014.099999,0.5641643623438606,A,Urgent Reorder - High Priority SKU
2,5,2_5,3969202.87,30299.25854961832,18690.046513590813,131,202307,26463.568359375,1,30838.57674742484,57302.14510679984,4,121197.03419847328,Stock Sufficient,3488544216.969999,0.5648069895787761,A,Stock Sufficient
4,82,4_82,3964209.34,30261.14,11183.723136068777,131,205863,31128.87109375,3,31961.781537600185,125348.39481885018,1,30261.14,Reorder Required,3492508426.309999,0.5654488083444646,A,Urgent Reorder - High Priority SKU
35,7,35_7,3951715.44,30165.766717557253,25874.2938238453,131,103681,21516.62890625,3,73945.72599622834,138495.61271497834,8,241326.13374045803,Stock Sufficient,3496460141.749999,0.5660886043059092,A,Stock Sufficient
9,95,9_95,3944063.83,30107.35748091603,5304.776527632482,131,125833,35013.84375,2,12378.443402714911,82406.13090271491,2,60214.71496183206,Reorder Required,3500404205.579999,0.5667271614460746,A,Urgent Reorder - High Priority SKU
32,13,32_13,3936925.13,30052.863587786258,1718.6526856608739,131,203007,30992.115234375,3,4911.709724013404,97888.0554271384,1,30052.863587786258,Reorder Required,3504341130.709999,0.5673645628068071,A,Urgent Reorder - High Priority SKU
34,93,34_93,3924509.08,29958.084580152674,3606.9243298591136,131,158114,33065.2890625,1,5951.425144267537,39016.71420676754,5,149790.42290076337,Stock Sufficient,3508265639.789999,0.5679999539674715,A,Stock Sufficient
27,9,27_9,3921664.51,29936.37030534351,10221.730050879163,131,204184,28976.138671875,2,23851.9202936354,81804.1976373854,6,179618.22183206107,Stock Sufficient,3512187304.299999,0.5686348845827283,A,Stock Sufficient
25,8,25_8,3917853.52,29907.278778625954,2522.7745716184495,131,128107,30847.484375,2,5886.774323088098,67581.7430730881,7,209350.9514503817,Stock Sufficient,3516105157.819999,0.5692691981859435,A,Stock Sufficient
2,1,2_1,3912058.04,29863.038473282442,13349.065788477856,131,202307,29763.333984375,3,38150.07929571818,127440.08124884317,2,59726.076946564885,Reorder Required,3520017215.859999,0.5699025734815414,A,Urgent Reorder - High Priority SKU
13,74,13_74,3910798.6,29853.424427480917,4254.917135864767,131,219622,34090.5390625,4,14041.22654835373,150403.38279835373,4,119413.69770992367,Reorder Required,3523928014.459999,0.5705357448695862,A,Urgent Reorder - High Priority SKU
13,10,13_10,3906188.83,29818.23534351145,4724.566699008539,131,219622,31658.470703125,4,15591.070106728179,142224.95291922818,6,178909.4120610687,Stock Sufficient,3527834203.289999,0.5711681699204331,A,Stock Sufficient
1,81,1_81,3905858.22,29815.711603053438,1908.5230168434598,131,151315,30333.763671875,2,4453.447571960039,65120.97491571004,3,89447.13480916031,Stock Sufficient,3531740061.509999,0.5718005414444138,A,Stock Sufficient
27,1,27_1,3900737.47,29776.621908396948,14568.823467104477,131,204184,28165.33203125,2,33995.65576274764,90326.31982524764,2,59553.243816793896,Reorder Required,3535640798.9799986,0.5724320839018235,A,Urgent Reorder - High Priority SKU
2,46,2_46,3896086.98,29741.121984732825,7306.116666024374,131,202307,26795.052734375,1,12055.092498940217,38850.14523331522,6,178446.73190839693,Stock Sufficient,3539536885.9599986,0.5730628734293308,A,Stock Sufficient
14,16,14_16,3871705.08,29555.000610687024,28898.360314321097,131,200898,8367.328125,2,67432.94759331457,84167.60384331457,5,147775.00305343512,Stock Sufficient,3543408591.0399985,0.5736897154455891,A,Stock Sufficient
27,81,27_81,3871694.94,29554.92320610687,2607.6324010492663,131,204184,27520.7578125,3,7452.31048003225,90014.58391753225,8,236439.38564885495,Stock Sufficient,3547280285.9799986,0.5743165558201474,A,Stock Sufficient
28,7,28_7,3870453.73,29545.448320610685,25377.708266309837,131,206302,22817.7890625,3,72526.54215990037,140979.90934740036,6,177272.68992366412,Stock Sufficient,3551150739.7099986,0.5749431952386508,A,Stock Sufficient
24,13,24_13,3866430.2399999998,29514.73465648855,2942.362149496243,131,203819,31076.25390625,3,8408.929216371856,101637.69093512185,4,118058.9386259542,Stock Sufficient,3555017169.9499984,0.5755691832406511,A,Stock Sufficient
22,7,22_7,3862503.0,29484.75572519084,22825.116554760454,131,119557,20428.48046875,4,75322.8846307095,157036.80650570948,1,29484.75572519084,Reorder Required,3558879672.9499984,0.5761945354093456,A,Urgent Reorder - High Priority SKU
2,23,2_23,3858950.09,29457.63427480916,9907.58029248662,131,202307,23160.94921875,2,23118.86679289271,69440.76523039272,2,58915.26854961832,Reorder Required,3562738623.0399985,0.5768193123500148,A,Urgent Reorder - High Priority SKU
24,4,24_4,3853304.08,29414.53496183206,3043.751355827309,131,203819,30623.21875,3,8698.687789934267,100568.34403993427,3,88243.60488549618,Reorder Required,3566591927.1199985,0.5774431751827601,A,Urgent Reorder - High Priority SKU
10,16,10_16,3839063.69,29305.829694656488,14855.297171040784,131,126512,21373.0625,1,24511.24033221729,45884.30283221729,5,146529.14847328243,Stock Sufficient,3570430990.8099985,0.5780647324486828,A,Stock Sufficient
14,1,14_1,3838344.44,29300.339236641223,22448.713235497027,131,200898,23736.49609375,2,52383.00328051609,99855.99546801609,1,29300.339236641223,Reorder Required,3574269335.2499986,0.5786861732656221,A,Urgent Reorder - High Priority SKU
24,7,24_7,3816544.91,29133.930610687024,18549.109829961893,131,203819,23779.912109375,2,43283.464440942334,90843.28865969233,3,87401.79183206108,Reorder Required,3578085880.1599984,0.5793040846656621,A,Urgent Reorder - High Priority SKU
9,40,9_40,3816283.99,29131.938854961834,2157.8493115944566,131,125833,30165.625,1,3560.451364130853,33726.07636413085,5,145659.69427480918,Stock Sufficient,3581902164.149998,0.5799219538218804,A,Stock Sufficient
4,14,4_14,3786255.09,28902.710610687023,10696.725588538244,131,205863,27370.1015625,3,30569.999120051056,112680.30380755106,5,144513.5530534351,Stock Sufficient,3585688419.2399983,0.5805349611986416,A,Stock Sufficient
24,23,24_23,3783580.77,28882.295954198475,9576.17078179765,131,203819,27095.373046875,1,15800.68178996612,42896.05483684112,6,173293.77572519085,Stock Sufficient,3589472000.0099983,0.5811475355940402,A,Stock Sufficient
27,14,27_14,3779056.73,28847.761297709923,9927.843397524915,131,204184,25661.984375,1,16380.94160591611,42042.92598091611,2,57695.52259541985,Stock Sufficient,3593251056.7399983,0.5817593775322148,A,Stock Sufficient
11,4,11_4,3778034.44,28839.95755725191,2202.311436582061,131,207499,29216.771484375,3,6293.950248712718,93944.26470183772,4,115359.83022900764,Stock Sufficient,3597029091.1799984,0.5823710539582155,A,Stock Sufficient
24,5,24_5,3762075.88,28718.13648854962,14273.807593208989,131,203819,23450.796875,2,33307.25027028336,80208.84402028336,3,86154.40946564886,Stock Sufficient,3600791167.0599985,0.5829801466399174,A,Stock Sufficient
29,40,29_40,3761364.53,28712.70633587786,2079.8057522367885,131,93638,30726.927734375,2,4853.127678159492,66306.9831469095,7,200988.94435114504,Stock Sufficient,3604552531.5899987,0.5835891241516724,A,Stock Sufficient
41,46,41_46,3754531.35,28660.54465648855,4489.488604541178,131,196321,28262.181640625,2,10476.00785989163,67000.37114114163,5,143302.72328244275,Stock Sufficient,3608307062.9399986,0.5841969953487055,A,Stock Sufficient
26,8,26_8,3742769.41,28570.758854961834,2129.5053824945576,131,152513,29913.16796875,3,6085.879003828749,95825.38291007876,1,28570.758854961834,Reorder Required,3612049832.3499985,0.5848029622482697,A,Urgent Reorder - High Priority SKU
24,80,24_80,3740685.45,28554.85076335878,2575.9725377942555,131,203819,29170.830078125,4,8500.709374721042,125184.02968722105,8,228438.80610687024,Stock Sufficient,3615790517.7999983,0.5854085917477319,A,Stock Sufficient
19,16,19_16,3737161.65,28527.951526717556,25816.783713855086,131,203819,12292.7783203125,4,85195.38625572178,134366.4995369718,2,57055.90305343511,Reorder Required,3619527679.4499984,0.5860136507321753,A,Urgent Reorder - High Priority SKU
1,9,1_9,3732391.77,28491.540229007634,8505.643089698333,131,151315,36717.44921875,3,24308.13987096765,134460.48752721766,7,199440.78160305344,Stock Sufficient,3623260071.2199984,0.5866179374570755,A,Stock Sufficient
19,23,19_23,3720358.59,28399.68389312977,9606.903980142335,131,203819,28382.0625,3,27455.415565119616,112601.60306511962,8,227197.47114503817,Stock Sufficient,3626980429.8099985,0.5872202759698425,A,Stock Sufficient
1,96,1_96,3719431.01,33813.00918181818,5588.398006085994,110,151315,34708.78515625,1,9220.85671004189,43929.64186629189,2,67626.01836363637,Stock Sufficient,3630699860.8199987,0.5878224643043015,A,Stock Sufficient
32,4,32_4,3713623.17,28348.268473282442,1817.2439289664285,131,203007,28775.39453125,2,4240.452167299413,61791.241229799416,5,141741.34236641222,Stock Sufficient,3634413483.989999,0.588423712330018,A,Stock Sufficient
21,13,21_13,3707356.04,28300.42778625954,1880.7724671839933,131,140167,26729.46484375,3,5375.029226554919,85563.42375780492,4,113201.71114503816,Stock Sufficient,3638120840.029999,0.5890239456864029,A,Stock Sufficient
17,9,17_9,3681304.92,28101.56427480916,11146.03620738346,131,93188,31229.64453125,1,18390.95974218271,49620.604273432706,5,140507.8213740458,Stock Sufficient,3641802144.949999,0.5896199612792317,A,Stock Sufficient
16,95,16_95,3662695.63,27959.508625954197,5366.03722422433,131,57197,30584.609375,4,17707.92283994029,140046.3603399403,1,27959.508625954197,Reorder Required,3645464840.579999,0.5902129639656991,A,Urgent Reorder - High Priority SKU
19,5,19_5,3654916.97,27900.129541984734,17935.93614345761,131,203819,23573.2890625,4,59188.58927341011,153481.7455234101,4,111600.51816793894,Reorder Required,3649119757.5499988,0.5908047072610669,A,Urgent Reorder - High Priority SKU
13,97,13_97,3653697.06,27890.817251908396,2768.325530285286,131,219622,30170.6953125,4,9135.474249941442,129818.25549994144,1,27890.817251908396,Reorder Required,3652773454.6099987,0.5913962530489211,A,Urgent Reorder - High Priority SKU
19,10,19_10,3652283.12,27880.023816793895,4717.282499338829,131,203819,27213.181640625,3,13481.44538814208,95120.99031001708,8,223040.19053435116,Stock Sufficient,3656425737.7299986,0.5919875699151548,A,Stock Sufficient
8,93,8_93,3652090.98,27878.55709923664,3542.902751069327,131,155078,30244.578125,4,11691.579078528779,132669.89157852877,7,195149.8996946565,Stock Sufficient,3660077828.7099986,0.5925788556732792,A,Stock Sufficient
28,4,28_4,3651555.43,27874.46893129771,2653.31105922632,131,206302,26628.046875,3,7582.854778726228,87466.99540372622,4,111497.87572519084,Stock Sufficient,3663729384.1399984,0.5931700547240654,A,Stock Sufficient
35,14,35_14,3640607.29,27790.89534351145,7908.399191834377,131,103681,25735.015625,2,18453.87289969179,69923.90414969179,3,83372.68603053434,Stock Sufficient,3667369991.4299984,0.5937594812343273,A,Stock Sufficient
33,94,33_94,3634003.85,27740.48740458015,5378.616946287124,131,39690,24495.640625,3,15371.462411943428,88858.38428694343,8,221923.8992366412,Stock Sufficient,3671003995.2799983,0.5943478386255427,A,Stock Sufficient
4,11,4_11,3628039.0300000003,27694.95442748092,7440.204429305912,131,205863,21669.837890625,4,24552.674616709508,111232.02617920951,5,138474.7721374046,Stock Sufficient,3674632034.3099985,0.594935230292428,A,Stock Sufficient
28,5,28_5,3617694.07,27615.985267175573,13750.080603453498,131,206302,22107.4296875,4,45375.26599139654,133804.98474139653,3,82847.95580152672,Reorder Required,3678249728.3799987,0.5955209470756506,A,Urgent Reorder - High Priority SKU
27,74,27_74,3612231.67,27574.287557251908,4061.4982215456644,131,204184,25544.12109375,2,9477.31268296574,60565.55487046574,1,27574.287557251908,Reorder Required,3681861960.0499988,0.5961057794780233,A,Urgent Reorder - High Priority SKU
40,93,40_93,3612153.7,27573.692366412215,4067.9302128721674,131,155083,29501.201171875,3,11625.671987059468,100129.27550268447,8,220589.53893129772,Stock Sufficient,3685474113.7499986,0.5966905992567919,A,Stock Sufficient
39,96,39_96,3610528.11,27561.283282442746,4659.596982097097,131,184109,28949.44921875,3,13316.586881048186,100164.93453729819,3,82683.84984732824,Reorder Required,3689084641.8599987,0.5972751558470965,A,Urgent Reorder - High Priority SKU
26,2,26_2,3609032.98,27549.87007633588,3677.9267716647723,131,152513,28327.822265625,3,10511.087457817917,95494.55425469292,3,82649.61022900764,Reorder Required,3692693674.8399987,0.5978594703708479,A,Urgent Reorder - High Priority SKU
6,46,6_46,3608360.01,27544.732900763356,6361.567013196752,131,202505,21362.75,3,18180.61951630809,82268.86951630808,1,27544.732900763356,Reorder Required,3696302034.849999,0.5984436759385029,A,Urgent Reorder - High Priority SKU
23,4,23_4,3605196.74,27520.58580152672,3774.8891749802397,131,114533,30586.544921875,2,8808.524121725524,69981.61396547552,7,192644.10061068702,Stock Sufficient,3699907231.5899987,0.5990273693621531,A,Stock Sufficient
11,46,11_46,3602117.83,27497.082671755725,5488.944944360553,131,207499,25683.541015625,4,18113.518316389822,120847.68237888982,1,27497.082671755725,Reorder Required,3703509349.4199986,0.5996105642999652,A,Urgent Reorder - High Priority SKU
6,16,6_16,3594784.71,27441.10465648855,16743.329738738863,131,202505,15692.0859375,1,27626.49406891912,43318.58000641912,8,219528.8372519084,Stock Sufficient,3707104134.1299987,0.6001925719810953,A,Stock Sufficient
15,95,15_95,3586449.0100000002,27377.47335877863,3763.442733252997,131,123737,26138.59765625,2,8781.814395058416,61059.00970755842,6,164264.84015267176,Stock Sufficient,3710690583.139999,0.6007732300844848,A,Stock Sufficient
27,5,27_5,3582206.53,27345.088015267174,17670.693352580864,131,204184,21350.3203125,4,58313.28806351685,143714.56931351684,2,54690.17603053435,Reorder Required,3714272789.669999,0.6013532013161569,A,Urgent Reorder - High Priority SKU
24,10,24_10,3581027.99,27336.09152671756,4021.505085253429,131,203819,26531.8046875,1,6635.483390668158,33167.28807816816,8,218688.73221374047,Stock Sufficient,3717853817.659999,0.6019329817382568,A,Stock Sufficient
14,82,14_82,3567479.48,27232.667786259542,14091.771017930632,131,200898,21886.140625,1,23251.42217958554,45137.56280458554,5,136163.3389312977,Stock Sufficient,3721421297.139999,0.6025105686112228,A,Stock Sufficient
12,5,12_5,3559362.43,27170.705572519084,14803.339085768359,131,112238,23101.580078125,1,24425.50949151779,47527.08956964279,1,27170.705572519084,Reorder Required,3724980659.5699987,0.6030868413066148,A,Urgent Reorder - High Priority SKU
33,95,33_95,3556180.72,27146.417709923666,3467.5389647346688,131,39690,28669.28515625,3,9909.82354583963,95917.67901458964,7,190024.92396946566,Stock Sufficient,3728536840.2899985,0.6036625988725045,A,Stock Sufficient
20,16,20_16,3555869.24,27144.04,24828.26509595512,131,203742,9605.857421875,3,70956.29740647234,99773.86967209734,1,27144.04,Reorder Required,3732092709.5299983,0.6042383060087393,A,Urgent Reorder - High Priority SKU
34,8,34_8,3550205.88,27100.80824427481,1696.4060558983008,131,158114,27911.826171875,1,2799.069992232196,30710.896164107195,7,189705.65770992366,Stock Sufficient,3735642915.4099984,0.6048130962280271,A,Stock Sufficient
45,13,45_13,3549561.98,27095.892977099236,1741.0526491490025,131,118221,27590.521484375,1,2872.736871095854,30463.258355470854,4,108383.57190839695,Stock Sufficient,3739192477.3899984,0.6053877821977491,A,Stock Sufficient
37,40,37_40,3546663.7,27073.76870229008,1743.3394133494282,131,39910,27703.796875,1,2876.5100320265565,30580.306907026556,5,135368.8435114504,Stock Sufficient,3742739141.0899982,0.6059619989262345,A,Stock Sufficient
17,79,17_79,3544262.49,27055.438854961834,2077.1866220893935,131,93188,26447.626953125,4,6854.7158528949985,112645.223665395,5,135277.19427480918,Stock Sufficient,3746283403.579998,0.6065358268907808,A,Stock Sufficient
17,5,17_5,3544143.7,27054.532061068705,14897.091429609945,131,93188,24184.427734375,4,49160.40171771282,145898.1126552128,1,27054.532061068705,Reorder Required,3749827547.279998,0.6071096356228284,A,Urgent Reorder - High Priority SKU
23,17,23_17,3537749.65,27005.722519083967,6074.326062435029,131,114533,28876.8984375,1,10022.638003017797,38899.5364405178,8,216045.78015267174,Stock Sufficient,3753365296.929998,0.6076824091367715,A,Stock Sufficient
7,92,7_92,3530557.19,26950.818244274808,5557.252549743577,131,70713,26419.060546875,2,12967.58417687672,65805.70527062673,3,80852.45473282442,Stock Sufficient,3756895854.119998,0.6082540181673578,A,Stock Sufficient
10,17,10_17,3522123.82,26886.4413740458,4140.0987376855865,131,126512,25472.337890625,2,9660.723244257833,60605.39902550783,7,188205.0896183206,Stock Sufficient,3760417977.939998,0.6088242618071034,A,Stock Sufficient
40,2,40_2,3519796.84,26868.67816793893,4025.096681528723,131,155083,27533.76171875,3,11503.258730344643,94104.54388659465,6,161212.0690076336,Stock Sufficient,3763937774.7799983,0.6093941287009953,A,Stock Sufficient
13,3,13_3,3512891.14,26815.96290076336,20528.1293903207,131,219622,30272.3984375,2,47901.412340003095,108446.2092150031,2,53631.92580152672,Reorder Required,3767450665.919998,0.6099628775389345,A,Urgent Reorder - High Priority SKU
27,82,27_82,3511590.27,26806.03259541985,12561.339224085612,131,204184,25609.048828125,2,29311.286882247154,80529.38453849715,3,80418.09778625955,Reorder Required,3770962256.189998,0.6105314157616649,A,Urgent Reorder - High Priority SKU
27,80,27_80,3510707.97,26799.297480916033,2181.4092546553243,131,204184,24653.939453125,3,6234.214240920562,80196.03260029556,7,187595.08236641224,Stock Sufficient,3774472964.159998,0.6110998111370711,A,Stock Sufficient
32,46,32_46,3508475.36,26782.25465648855,3703.150144328745,131,203007,26207.572265625,3,10583.17292675512,89205.88972363013,6,160693.5279389313,Stock Sufficient,3777981439.519998,0.6116678450454428,A,Stock Sufficient
12,4,12_4,3504697.43,26753.415496183206,1893.8938372538273,131,112238,26718.82421875,3,5412.528577937598,85569.0012341876,4,107013.66198473283,Stock Sufficient,3781486136.949998,0.6122352672942977,A,Stock Sufficient
18,4,18_4,3502285.53,26735.004045801525,2395.911112868297,131,120653,28013.984375,4,7906.50667246538,119962.44417246537,6,160410.02427480914,Stock Sufficient,3784988422.479998,0.6128022990484667,A,Stock Sufficient
2,16,2_16,3479822.6,26563.531297709924,17792.773844068284,131,202307,12141.89453125,2,41518.590436155755,65802.37949865576,2,53127.06259541985,Reorder Required,3788468245.079998,0.613365693979055,A,Urgent Reorder - High Priority SKU
13,14,13_14,3475293.79,26528.960229007633,11227.394341493313,131,219622,25643.375,2,26198.590023953802,77485.3400239538,1,26528.960229007633,Reorder Required,3791943538.869998,0.6139283556801404,A,Urgent Reorder - High Priority SKU
8,8,8_8,3458780.35,26402.903435114506,1840.9815246943174,131,155078,28181.265625,3,5261.311335334189,89805.10821033419,1,26402.903435114506,Reorder Required,3795402319.219998,0.614488343799997,A,Urgent Reorder - High Priority SKU
28,96,28_96,3454344.04,26369.038473282442,6261.555882278592,131,206302,27716.5859375,3,17894.799322188177,101044.55713468818,4,105476.15389312977,Stock Sufficient,3798856663.259998,0.6150476136664103,A,Stock Sufficient
15,2,15_2,3447843.46,26319.41572519084,3553.757079838621,131,123737,24415.66015625,2,8292.522908483852,57123.84322098385,8,210555.32580152672,Stock Sufficient,3802304506.719998,0.6156058310671555,A,Stock Sufficient
17,46,17_46,3440122.3,26260.47557251908,3270.0604512660143,131,93188,27371.6796875,1,5395.599744588923,32767.279432088922,2,52520.95114503816,Stock Sufficient,3805744629.019998,0.6161627983862435,A,Stock Sufficient
20,97,20_97,3419341.34,26101.842290076336,2948.964033537245,131,203742,26427.173828125,3,8427.7966340366,87709.3181184116,4,104407.36916030534,Stock Sufficient,3809163970.359998,0.6167164011983257,A,Stock Sufficient
20,11,20_11,3413862.85,26060.021755725193,8997.572478759907,131,203742,20474.3671875,1,14845.994589953845,35320.36177745384,6,156360.13053435116,Stock Sufficient,3812577833.209998,0.617269117024533,A,Stock Sufficient
24,87,24_87,3406458.9,26003.503053435114,3518.352712915495,131,203819,28296.30078125,1,5805.281976310566,34101.582757560565,6,156021.0183206107,Stock Sufficient,3815984292.109998,0.6178206341264444,A,Stock Sufficient
2,80,2_80,3399684.48,25951.78992366412,1736.8204464952146,131,202307,25693.5703125,2,4052.7878008867046,55439.928425886705,5,129758.9496183206,Stock Sufficient,3819383976.5899982,0.6183710544270746,A,Stock Sufficient
32,7,32_7,3393970.33,25908.17045801527,21306.29775428021,131,203007,18837.5859375,2,49717.23115930311,87392.4030343031,1,25908.17045801527,Reorder Required,3822777946.919998,0.6189205495876868,A,Urgent Reorder - High Priority SKU
39,16,39_16,3390734.43,25883.46893129771,15749.429387644894,131,184109,17107.572265625,2,36750.543455413914,70965.68798666392,5,129417.34465648855,Stock Sufficient,3826168681.349998,0.6194695208452542,A,Stock Sufficient
26,93,26_93,3389726.17,25875.772290076337,4219.032355737431,131,152513,27193.09375,3,12057.504358208495,93636.78560820849,7,181130.40603053436,Stock Sufficient,3829558407.519998,0.6200183288621516,A,Stock Sufficient
23,34,23_34,3384735.51,25837.67564885496,5677.950222685066,131,114533,26398.595703125,3,16226.922143086966,95422.70925246197,1,25837.67564885496,Reorder Required,3832943143.0299983,0.6205663288744846,A,Urgent Reorder - High Priority SKU
6,14,6_14,3373960.67,25755.42496183206,10007.253812803481,131,202505,21716.3046875,1,16511.968791125742,38228.27347862574,4,103021.69984732824,Stock Sufficient,3836317103.6999984,0.6211125844041436,A,Stock Sufficient
41,5,41_5,3368629.87,25714.73183206107,16401.09399065927,131,196321,23070.8984375,3,46872.42135103183,116085.11666353184,1,25714.73183206107,Reorder Required,3839685733.5699983,0.6216579768594332,A,Urgent Reorder - High Priority SKU
31,46,31_46,3364697.2,25684.71145038168,3174.402907880744,131,203750,23166.25,4,10475.529596006454,103140.52959600645,1,25684.71145038168,Reorder Required,3843050430.769998,0.622202732602282,A,Urgent Reorder - High Priority SKU
14,74,14_74,3363533.82,25675.8306870229,4163.533087106374,131,200898,19715.78125,3,11898.893895672853,71046.23764567285,4,102703.3227480916,Stock Sufficient,3846413964.5899982,0.6227472999900133,A,Stock Sufficient
38,91,38_91,3354075.48,25603.62961832061,3284.1811901780147,131,39690,27211.6796875,3,9385.808326373071,91020.84738887307,7,179225.40732824427,Stock Sufficient,3849768040.0699983,0.6232903360408288,A,Stock Sufficient
14,97,14_97,3337291.51,25475.507709923662,3666.6368404429113,131,200898,20843.421875,3,10478.822145909051,73009.08777090906,5,127377.53854961832,Stock Sufficient,3853105331.5799985,0.6238306547107029,A,Stock Sufficient
31,81,31_81,3336737.46,25471.278320610687,1911.5943128817316,131,203750,25066.974609375,4,6308.261232509714,106576.15967000971,4,101885.11328244275,Reorder Required,3856442069.0399985,0.6243708836780267,A,Urgent Reorder - High Priority SKU
25,13,25_13,3334406.59,25453.485419847326,1926.2356383256395,131,128107,26511.083984375,1,3178.288803237305,29689.372787612305,3,76360.45625954197,Stock Sufficient,3859776475.6299987,0.6249107352696931,A,Stock Sufficient
4,34,4_34,3333949.76,25449.99816793893,4706.727712742161,131,205863,25322.82421875,4,15532.20145204913,116823.49832704914,1,25449.99816793893,Reorder Required,3863110425.389999,0.6254505128990528,A,Urgent Reorder - High Priority SKU
8,94,8_94,3331526.67,25431.50129770992,3375.7544203461807,131,155078,26045.15625,2,7877.162179415916,59967.474679415915,7,178020.50908396946,Stock Sufficient,3866441952.059999,0.6259898982220282,A,Stock Sufficient
1,11,1_11,3325900.06,25388.55007633588,6167.968640332144,131,151315,19734.443359375,1,10177.148256548036,29911.591615923036,3,76165.65022900765,Stock Sufficient,3869767852.119999,0.6265283725780046,A,Stock Sufficient
18,46,18_46,3325853.45,25388.19427480916,5772.871630570279,131,120653,20977.94921875,2,13470.721033755764,55426.61947125576,7,177717.35992366413,Stock Sufficient,3873093705.5699987,0.627066839387666,A,Stock Sufficient
10,22,10_22,3321733.8,25356.746564885496,5383.167166586652,131,126512,23368.822265625,4,17764.45164973595,111239.74071223594,3,76070.23969465648,Reorder Required,3876415439.369999,0.6276046392121986,A,Urgent Reorder - High Priority SKU
29,92,29_92,3319626.14,25340.65755725191,3172.862582030277,131,93638,27026.330078125,1,5235.223260349956,32261.553338474958,2,50681.31511450382,Stock Sufficient,3879735065.509999,0.6281420977995198,A,Stock Sufficient
29,2,29_2,3313959.86,25297.403511450382,2912.084640188703,131,93638,25872.0,2,6795.210828339843,58539.21082833984,5,126487.01755725191,Stock Sufficient,3883049025.369999,0.6286786389971364,A,Stock Sufficient
8,13,8_13,3307232.81,25246.051984732825,1435.1981715248735,131,155078,26374.958984375,1,2368.076983016041,28743.035967391043,3,75738.15595419848,Stock Sufficient,3886356258.179999,0.6292140910628334,A,Stock Sufficient
31,8,31_8,3306036.94,25236.92320610687,1560.3099423247083,131,203750,24792.8828125,1,2574.5114048357686,27367.39421733577,4,100947.69282442747,Stock Sufficient,3889662295.119999,0.6297493495131734,A,Stock Sufficient
43,96,43_96,3305238.63,25230.82923664122,4078.879947840813,131,41062,24280.734375,2,9517.872113521433,58079.34086352143,3,75692.48770992366,Stock Sufficient,3892967533.749999,0.6302844787144513,A,Stock Sufficient
9,2,9_2,3297757.25,25173.719465648854,2244.227054195963,131,125833,26597.54296875,4,7405.949278846677,113796.12115384667,6,151042.31679389311,Stock Sufficient,3896265290.999999,0.630818396655257,A,Stock Sufficient
21,7,21_7,3285738.63,25081.97427480916,27027.807677059765,131,140167,17833.02734375,3,77242.33458788165,130741.41661913165,5,125409.87137404579,Reorder Required,3899551029.629999,0.6313503687412421,A,Urgent Reorder - High Priority SKU
35,34,35_34,3285188.92,25077.778015267177,7166.404935815921,131,103681,25007.853515625,2,16722.464638585803,66738.1716698358,3,75233.33404580153,Stock Sufficient,3902836218.549999,0.6318822518273377,A,Stock Sufficient
27,16,27_16,3279267.89,25032.5793129771,22918.659825539344,131,204184,10162.681640625,2,53479.60126854367,73804.96454979367,6,150195.4758778626,Stock Sufficient,3906115486.439999,0.6324131762788505,A,Stock Sufficient
2,82,2_82,3278356.72,25025.623816793894,11833.370778712173,131,202307,24839.716796875,2,27612.607182342977,77292.04077609298,5,125128.11908396948,Stock Sufficient,3909393843.159999,0.6329439532088895,A,Stock Sufficient
1,7,1_7,3275440.33,25003.361297709926,19590.920014244013,131,151315,20208.314453125,1,32325.01802350262,52533.33247662762,5,125016.80648854963,Stock Sufficient,3912669283.489999,0.6334742579656224,A,Stock Sufficient
36,93,36_93,3273937.9,24991.892366412212,8868.035477660278,131,39910,14977.0830078125,3,25343.815217541047,70275.06424097855,3,74975.67709923664,Stock Sufficient,3915943221.389999,0.6340043194739076,A,Stock Sufficient
12,92,12_92,3268314.7600000002,24948.96763358779,2719.770366345667,131,112238,24959.21484375,4,8975.242208940701,108812.1015839407,3,74846.90290076337,Reorder Required,3919211536.149999,0.6345334705769986,A,Urgent Reorder - High Priority SKU
23,49,23_49,3257910.15,24869.54312977099,3888.424492466973,131,114533,25389.03125,2,9073.453378292344,59851.515878292346,1,24869.54312977099,Reorder Required,3922469446.299999,0.6350609371388924,A,Urgent Reorder - High Priority SKU
2,87,2_87,3256435.86,24858.289007633586,4968.197480459837,131,202307,24748.05078125,2,11593.052224733334,61089.153787233336,7,174008.0230534351,Stock Sufficient,3925725882.1599994,0.6355881650082988,A,Stock Sufficient
33,93,33_93,3247705.56,24791.645496183206,6459.003123113348,131,39690,17960.78125,4,21314.710306274046,93157.83530627405,1,24791.645496183206,Reorder Required,3928973587.7199993,0.6361139794129032,A,Urgent Reorder - High Priority SKU
17,13,17_13,3245076.81,24771.578702290077,5519.456486554201,131,93188,28914.00390625,3,15773.965457047843,102515.97717579785,2,49543.15740458015,Reorder Required,3932218664.5299993,0.6366393682140805,A,Urgent Reorder - High Priority SKU
24,81,24_81,3241338.15,24743.0393129771,2167.2161363524506,131,203819,25668.04296875,1,3575.9066249815432,29243.949593731544,8,197944.3145038168,Stock Sufficient,3935460002.6799994,0.6371641517136855,A,Stock Sufficient
26,4,26_4,3233200.86,24680.922595419845,2254.494162392288,131,152513,26208.322265625,1,3719.915367947275,29928.237633572277,5,123404.61297709923,Stock Sufficient,3938693203.5399995,0.637687617758793,A,Stock Sufficient
33,90,33_90,3229847.71,24655.32603053435,2055.0603139382843,131,39690,25814.078125,1,3390.8495179981687,29204.92764299817,3,73965.97809160306,Stock Sufficient,3941923051.2499995,0.6382105409176881,A,Stock Sufficient
32,8,32_8,3228299.71,24643.50923664122,1984.8304991287594,131,203007,23942.533203125,2,4631.507447951424,52516.57385420142,4,98574.03694656488,Stock Sufficient,3945151350.9599996,0.6387332134502,A,Stock Sufficient
40,4,40_4,3219357.48,24575.247938931298,2447.777842587566,131,155083,25940.9765625,2,5711.77302739509,57593.72615239509,2,49150.495877862595,Reorder Required,3948370708.4399996,0.639254438205733,A,Urgent Reorder - High Priority SKU
11,14,11_14,3218383.29,24567.811374045803,7388.34358536178,131,207499,22927.2890625,1,12190.766915846936,35118.055978346936,4,98271.24549618321,Stock Sufficient,3951589091.7299995,0.6397755052366433,A,Stock Sufficient
14,14,14_14,3218327.7199999997,24567.387175572516,10442.141477619001,131,200898,18876.8359375,4,34459.0668761427,109966.4106261427,6,147404.3230534351,Stock Sufficient,3954807419.4499993,0.6402965632705844,A,Stock Sufficient
35,79,35_79,3213113.87,24527.58679389313,4458.749214433653,131,103681,25464.58203125,3,12742.587293051392,89136.33338680139,1,24527.58679389313,Reorder Required,3958020533.319999,0.6408167771647527,A,Urgent Reorder - High Priority SKU
30,94,30_94,3192064.91,24366.907709923664,2205.177857956681,131,42988,25721.1796875,2,5145.677516375861,56588.03689137586,1,24366.907709923664,Reorder Required,3961212598.229999,0.6413335831618179,A,Urgent Reorder - High Priority SKU
14,34,14_34,3189475.46,24347.140916030534,5642.268644052327,131,200898,20688.029296875,2,13165.96518430257,54542.02377805257,6,146082.8454961832,Stock Sufficient,3964402073.689999,0.6418499699182577,A,Stock Sufficient
20,14,20_14,3186690.36,24325.88061068702,11820.673508374266,131,203742,21659.453125,2,27582.97870667995,70901.88495667995,4,97303.52244274809,Stock Sufficient,3967588764.049999,0.642365905757682,A,Stock Sufficient
45,7,45_7,3183777.87,24303.647862595422,21875.681271396992,131,118221,18006.447265625,2,51045.86048126521,87058.7550125152,5,121518.23931297711,Stock Sufficient,3970772541.919999,0.6428813700552234,A,Stock Sufficient
10,87,10_87,3183469.15,24301.291221374046,4013.9313462025852,131,126512,29481.890625,2,9366.317644586416,68330.09889458641,4,97205.16488549618,Stock Sufficient,3973956011.069999,0.643396784369963,A,Stock Sufficient
45,4,45_4,3181990.08,24290.000610687024,1619.2516338746693,131,118221,23802.330078125,2,3778.446575508579,51383.10673175858,5,121450.00305343512,Stock Sufficient,3977138001.149999,0.6439119592183171,A,Stock Sufficient
6,79,6_79,3181690.03,24287.710152671752,2832.767269943755,131,202505,23819.521484375,2,6610.127522131756,54249.170490881756,1,24287.710152671752,Reorder Required,3980319691.1799994,0.6444270854875717,A,Urgent Reorder - High Priority SKU
17,4,17_4,3177091.13,24252.604045801527,4717.802113623995,131,93188,26982.93359375,1,7784.373487479591,34767.30708122959,2,48505.20809160305,Stock Sufficient,3983496782.3099995,0.6449414671795175,A,Stock Sufficient
39,97,39_97,3177029.11,24252.13061068702,1902.470535219021,131,184109,27045.193359375,2,4439.324394321202,58529.7111130712,2,48504.26122137404,Reorder Required,3986673811.4199996,0.6454558388302176,A,Urgent Reorder - High Priority SKU
1,5,1_5,3165461.09,24163.825114503816,11660.58209095639,131,151315,22089.01953125,1,19239.96045007804,41328.97998132804,3,72491.47534351144,Stock Sufficient,3989839272.5099998,0.645968337579746,A,Stock Sufficient
39,5,39_5,3142681.61,23989.935954198474,15937.471663329152,131,184109,23119.767578125,1,26296.8282444931,49416.595822618096,8,191919.4876335878,Stock Sufficient,3992981954.12,0.6464771482551889,A,Stock Sufficient
44,94,44_94,3137008.54,23946.630076335878,2982.9528876177237,131,39910,26008.681640625,1,4921.872264569244,30930.553905194243,7,167626.41053435113,Stock Sufficient,3996118962.66,0.6469850404416033,A,Stock Sufficient
35,5,35_5,3136789.7,23944.959541984736,17942.755187854167,131,103681,17454.072265625,4,59211.09211991875,129027.38118241876,3,71834.87862595421,Reorder Required,3999255752.3599997,0.6474928971970889,A,Urgent Reorder - High Priority SKU
23,16,23_16,3132661.51,23913.446641221373,23626.299795190513,131,114533,8872.7451171875,4,77966.7893241287,113457.7697928787,5,119567.23320610687,Stock Sufficient,4002388413.87,0.648000085584791,A,Stock Sufficient
28,97,28_97,3116371.53,23789.09564885496,5934.2249842505325,131,206302,22630.634765625,4,19582.942448026755,110105.48151052676,7,166523.6695419847,Stock Sufficient,4005504785.4,0.6485046365701866,A,Stock Sufficient
24,9,24_9,3115349.68,23781.295267175574,8953.89945678421,131,203819,29234.572265625,4,29547.868207387888,146486.1572698879,6,142687.77160305344,Reorder Required,4008620135.08,0.6490090221146457,A,Urgent Reorder - High Priority SKU
10,82,10_82,3112099.64,23756.48580152672,10259.87838363901,131,126512,21372.6328125,1,16928.799333004365,38301.43214550437,8,190051.88641221376,Stock Sufficient,4011732234.72,0.6495128814667466,A,Stock Sufficient
45,90,45_90,3108300.53,23727.48496183206,2106.03455930932,131,118221,22857.84765625,1,3474.9570228603775,26332.804679110377,4,94909.93984732823,Stock Sufficient,4014840535.25,0.6500161257302177,A,Stock Sufficient
2,11,2_11,3104026.69,23694.860229007634,6097.248337549862,131,202307,18723.513671875,2,14227.638631997706,51674.6659757477,3,71084.5806870229,Stock Sufficient,4017944561.94,0.6505186780446824,A,Stock Sufficient
16,2,16_2,3100576.72,23668.524580152673,3649.63848846794,131,57197,21992.2421875,1,6021.903505972101,28014.1456934721,5,118342.62290076337,Stock Sufficient,4021045138.66,0.6510206717974526,A,Stock Sufficient
22,9,22_9,3089831.76,23586.501984732822,6798.209636961939,131,119557,21245.306640625,1,11217.0459009872,32462.3525416122,5,117932.50992366411,Stock Sufficient,4024134970.42,0.6515209259052209,A,Stock Sufficient
1,16,1_16,3085270.11,23551.680229007634,15094.340942509169,131,151315,14364.150390625,1,24905.662555140127,39269.81294576512,8,188413.44183206107,Stock Sufficient,4027220240.53,0.6520204414665802,A,Stock Sufficient
11,10,11_10,3078109.85,23497.021755725193,2869.0402098432955,131,207499,24244.9453125,3,8199.38363047099,80934.21956797098,5,117485.10877862596,Stock Sufficient,4030298350.38,0.6525187977578705,A,Stock Sufficient
34,13,34_13,3076478.19,23484.566335877862,1499.4615010248524,131,158114,24082.21484375,2,3498.922005159347,51663.351692659344,7,164391.96435114503,Stock Sufficient,4033374828.57,0.6530168898779434,A,Stock Sufficient
41,1,41_1,3065819.4899999998,23403.202213740457,10254.791899335894,131,196321,25577.087890625,1,16920.406633904226,42497.494524529226,7,163822.4154961832,Stock Sufficient,4036440648.06,0.6535132563187972,A,Stock Sufficient
30,40,30_40,3057063.19,23336.360229007634,1910.6763532595808,131,42988,23984.66015625,3,5460.491059098923,77414.47152784892,8,186690.88183206107,Stock Sufficient,4039497711.25,0.654008205085362,A,Stock Sufficient
11,82,11_82,3054933.14,23320.100305343512,8890.050760919621,131,207499,21900.70703125,1,14668.583755517375,36569.29078676738,1,23320.100305343512,Reorder Required,4042552644.39,0.6545028089896996,A,Urgent Reorder - High Priority SKU
19,82,19_82,3054087.08,23313.64183206107,13369.893048446324,131,203819,21594.71875,4,44120.64705987286,130499.52205987286,4,93254.56732824427,Reorder Required,4045606731.47,0.6549972759140903,A,Urgent Reorder - High Priority SKU
32,10,32_10,3049718.98,23280.29755725191,4491.55923675939,131,203007,25935.71875,1,7411.072740652993,33346.79149065299,5,116401.48778625955,Stock Sufficient,4048656450.45,0.6554910356284651,A,Stock Sufficient
23,82,23_82,3046532.13,23255.970458015265,10920.543699260434,131,114533,23665.23828125,1,18018.897103779713,41684.13538502972,1,23255.970458015265,Reorder Required,4051702982.58,0.6559842793811543,A,Urgent Reorder - High Priority SKU
6,1,6_1,3040369.93,23208.93076335878,9394.937214308291,131,202505,22005.517578125,2,21922.63858309551,65933.67373934551,8,185671.44610687025,Stock Sufficient,4054743352.5099998,0.6564765254530303,A,Stock Sufficient
39,82,39_82,3038058.79,23191.288473282442,11287.275142711233,131,184109,23111.73828125,4,37248.00797094707,129694.96109594707,6,139147.73083969465,Stock Sufficient,4057781411.2999997,0.6569683973436018,A,Stock Sufficient
45,23,45_23,3029228.23,23123.87961832061,8164.152753351543,131,118221,19433.89453125,1,13470.852043030045,32904.74657428004,1,23123.87961832061,Reorder Required,4060810639.5299997,0.6574588395369415,A,Urgent Reorder - High Priority SKU
3,72,3_72,3020766.57,23059.286793893127,11411.789226634295,131,37392,29158.859375,3,32613.56793056627,120090.14605556626,7,161415.0075572519,Stock Sufficient,4063831406.1,0.6579479117591946,A,Stock Sufficient
11,74,11_74,3020071.53,23053.981145038168,3220.447506940528,131,207499,21631.66015625,1,5313.738386451871,26945.39854270187,1,23053.981145038168,Reorder Required,4066851477.63,0.6584368714521446,A,Urgent Reorder - High Priority SKU
12,34,12_34,3017825.31,23036.834427480917,4176.088393844388,131,112238,20240.150390625,2,9744.703393001953,50225.00417425195,6,138221.0065648855,Stock Sufficient,4069869302.94,0.6589254674745554,A,Stock Sufficient
22,5,22_5,2999122.05,22894.06145038168,14908.55624924953,131,119557,19716.064453125,4,49198.23562252345,128062.49343502344,5,114470.3072519084,Reorder Required,4072868424.9900002,0.6594110353765472,A,Urgent Reorder - High Priority SKU
7,2,7_2,2973413.54,22697.81328244275,4027.047463536155,131,70713,22827.345703125,3,11508.833838704393,79990.87094807939,6,136186.8796946565,Stock Sufficient,4075841838.53,0.6598924409846891,A,Stock Sufficient
13,16,13_16,2970711.28,22677.18534351145,18708.40810844773,131,219622,10771.744140625,1,30868.87337893875,41640.61751956375,2,45354.3706870229,Stock Sufficient,4078812549.8100004,0.6603734090878889,A,Stock Sufficient
32,1,32_1,2964978.71,22633.42526717557,9259.133177003481,131,203007,24534.46484375,1,15277.569742055743,39812.03458580574,6,135800.55160305343,Stock Sufficient,4081777528.5200005,0.660853449068811,A,Stock Sufficient
14,17,14_17,2960442.36,22598.796641221372,4554.999222788686,131,200898,19416.814453125,3,13017.65863580614,71268.10199518115,3,67796.38992366412,Reorder Required,4084737970.8800006,0.6613327545994789,A,Urgent Reorder - High Priority SKU
17,1,17_1,2958993.98,22587.740305343512,10272.861348265367,131,93188,23908.51953125,3,29358.644360605118,101084.20295435512,2,45175.480610687024,Reorder Required,4087696964.8600006,0.6618118256325751,A,Urgent Reorder - High Priority SKU
21,79,21_79,2942627.9,22462.808396946562,2525.9448128050312,131,140167,19041.25,2,5894.171929923493,43976.67192992349,3,67388.42519083968,Stock Sufficient,4090639592.7600007,0.66228824694252,A,Stock Sufficient
23,22,23_22,2938639.23,22432.360534351144,4584.496894761118,131,114533,26374.685546875,2,10697.705180627047,63447.07627437705,7,157026.523740458,Stock Sufficient,4093578231.9900007,0.6627640224734365,A,Stock Sufficient
15,7,15_7,2937402.93,22422.923129770992,16813.05208553774,131,123737,16159.251953125,3,48049.74973004784,96527.50558942284,5,112114.61564885496,Stock Sufficient,4096515634.9200006,0.6632395978432433,A,Stock Sufficient
30,93,30_93,2932707.88,22387.083053435115,1962.7047456734467,131,42988,23622.6015625,2,4579.878055937951,51825.08118093795,5,111935.41526717557,Stock Sufficient,4099448342.8000007,0.6637144130687346,A,Stock Sufficient
39,74,39_74,2930376.87,22369.289083969466,4284.718893840231,131,184109,23698.34765625,3,12245.228853464638,83340.27182221464,2,44738.57816793893,Reorder Required,4102378719.6700006,0.6641888508959017,A,Urgent Reorder - High Priority SKU
20,74,20_74,2925279.59,22330.37854961832,4317.210586075961,131,203742,22248.837890625,4,14246.794934050671,103242.14649655067,3,66991.13564885495,Reorder Required,4105303999.2600007,0.6646624634563695,A,Urgent Reorder - High Priority SKU
24,79,24_79,2916944.68,22266.75328244275,2002.3493709641875,131,203819,21470.79296875,1,3303.876462090909,24774.66943084091,6,133600.5196946565,Stock Sufficient,4108220943.9400005,0.6651347265670001,A,Stock Sufficient
18,79,18_79,2916444.39,22262.934274809162,2682.822755082653,131,120653,22854.294921875,3,7667.195777183364,76230.08054280837,7,155840.53992366412,Stock Sufficient,4111137388.3300004,0.6656069086790045,A,Stock Sufficient
6,11,6_11,2914722.97,22249.79366412214,5354.40207713748,131,202505,16741.341796875,4,17669.526854553682,84634.89404205368,2,44499.58732824428,Reorder Required,4114052111.3,0.666078812087347,A,Urgent Reorder - High Priority SKU
21,92,21_92,2913214.64,22238.27969465649,3610.06561866614,131,140167,24555.470703125,3,10317.148165809087,83983.56027518409,4,88953.11877862595,Stock Sufficient,4116965325.94,0.6665504712920122,A,Stock Sufficient
22,46,22_46,2912644.83,22233.93,4231.584135835586,131,119557,19637.20703125,3,12093.375887619964,71004.99698136997,2,44467.86,Reorder Required,4119877970.77,0.6670220382425304,A,Urgent Reorder - High Priority SKU
18,5,18_5,2912587.82,22233.494809160304,15069.959255003538,131,120653,18723.0,2,35165.03225867931,72611.0322586793,3,66700.48442748091,Reorder Required,4122790558.59,0.6674935959629387,A,Urgent Reorder - High Priority SKU
18,74,18_74,2910966.01,22221.11458015267,4209.8465665702715,131,120653,22268.431640625,3,12031.25243985902,78836.54736173402,2,44442.22916030534,Reorder Required,4125701524.6000004,0.6679648911068776,A,Urgent Reorder - High Priority SKU
19,11,19_11,2910134.65,22214.768320610685,12135.028782718116,131,203819,17329.751953125,3,34680.502564914495,86669.7584242895,8,177718.14656488548,Stock Sufficient,4128611659.2500005,0.668436051650849,A,Stock Sufficient
9,13,9_13,2907970.45,22198.247709923664,1487.8662365313953,131,125833,24026.0234375,1,2454.979290276802,26481.002727776802,6,133189.486259542,Stock Sufficient,4131519629.7000003,0.6689068618035937,A,Stock Sufficient
14,9,14_9,2902291.89,22154.899923664125,7366.73131629255,131,200898,15148.427734375,3,21053.26232712029,66498.54553024529,5,110774.49961832062,Stock Sufficient,4134421921.59,0.6693767525784606,A,Stock Sufficient
11,34,11_34,2900631.93,22142.228473282445,4078.3311003496497,131,207499,18310.21484375,4,13458.492631153844,86699.35200615384,1,22142.228473282445,Reorder Required,4137322553.52,0.6698463746002454,A,Urgent Reorder - High Priority SKU
28,81,28_81,2900146.99,22138.526641221375,3066.3856328281327,131,206302,21013.0859375,1,5059.536294166419,26072.62223166642,5,110692.63320610687,Stock Sufficient,4140222700.5099998,0.6703159181086206,A,Stock Sufficient
6,74,6_74,2892269.78,22078.395267175572,3130.5899057561096,131,202505,19701.13671875,4,10330.946688995162,89135.49356399516,6,132470.37160305344,Stock Sufficient,4143114970.29,0.6707841862703211,A,Stock Sufficient
20,34,20_34,2883415.89,22010.80832061069,4965.117778265634,131,203742,19913.234375,1,8192.444334138296,28105.678709138294,1,22010.80832061069,Reorder Required,4145998386.18,0.6712510209575847,A,Urgent Reorder - High Priority SKU
19,80,19_80,2877517.3,21965.780916030533,1523.5757347268257,131,203819,21288.634765625,2,3555.1914211328294,46132.460952382826,2,43931.56183206107,Reorder Required,4148875903.48,0.6717169006433769,A,Urgent Reorder - High Priority SKU
1,1,1_1,2862243.31,21849.185572519084,9236.989912070103,131,151315,21426.912109375,2,21554.076075102454,64407.90029385245,7,152944.29900763358,Stock Sufficient,4151738146.79,0.6721803074190453,A,Stock Sufficient
18,11,18_11,2861082.4,21840.323664122137,12988.845648699926,131,120653,15096.1640625,2,30308.852765337626,60501.18089033762,4,87361.29465648855,Stock Sufficient,4154599229.19,0.6726435262394977,A,Stock Sufficient
11,96,11_96,2859824.66,21830.722595419847,2645.357104731751,131,207499,20791.25,2,6172.8148264722495,47755.31482647225,7,152815.05816793893,Stock Sufficient,4157459053.85,0.6731065414276327,A,Stock Sufficient
41,79,41_79,2857433.82,21812.471908396947,2026.2497041435229,131,196321,22613.05078125,2,4728.157190384498,49954.258752884496,2,43624.94381679389,Reorder Required,4160316487.67,0.6735691695307665,A,Urgent Reorder - High Priority SKU
1,23,1_23,2850784.65,21761.71488549618,6196.3582287723175,131,151315,18098.453125,1,10223.991077474324,28322.444202474326,5,108808.57442748091,Stock Sufficient,4163167272.32,0.6740307211110135,A,Stock Sufficient
39,1,39_1,2849012.47,21748.186793893132,11221.31639578717,131,184109,24710.484375,1,18515.172053048827,43225.656428048824,2,43496.373587786264,Stock Sufficient,4166016284.79,0.6744919857693845,A,Stock Sufficient
37,93,37_93,2848457.42,21743.949770992367,1722.5762085226927,131,39910,24041.806640625,2,4019.5495499181275,52103.16283116813,5,108719.74885496183,Stock Sufficient,4168864742.21,0.6749531605633021,A,Stock Sufficient
22,34,22_34,2847107.54,21733.64534351145,4995.386884671667,131,119557,21141.44921875,2,11656.497404645535,53939.39584214553,7,152135.51740458014,Stock Sufficient,4171711849.75,0.6754141168071278,A,Stock Sufficient
34,5,34_5,2845822.98,21723.839541984733,11481.803383713717,131,158114,18125.314453125,3,32813.660258128875,87189.60361750388,6,130343.03725190839,Stock Sufficient,4174557672.73,0.6758748650763884,A,Stock Sufficient
19,81,19_81,2844656.63,21714.936106870227,1458.2617262852973,131,203819,22013.857421875,4,4812.263696741481,92867.69338424149,4,86859.74442748091,Reorder Required,4177402329.36,0.6763354245096787,A,Urgent Reorder - High Priority SKU
18,14,18_14,2842113.27,21695.52114503817,6607.8650557988185,131,120653,20216.810546875,4,21805.9546841361,102673.1968716361,1,21695.52114503817,Reorder Required,4180244442.63,0.6767955721644688,A,Urgent Reorder - High Priority SKU
15,23,15_23,2836538.96,21652.969160305343,7325.626821496946,131,123737,19124.537109375,3,20935.79045600132,78309.40178412633,5,108264.84580152671,Stock Sufficient,4183080981.59,0.6772548173198053,A,Stock Sufficient
31,7,31_7,2817374.74,21506.677404580154,19490.544768702417,131,203750,17611.34375,1,32159.398868358985,49770.742618358985,4,86026.70961832062,Stock Sufficient,4185898356.33,0.6777109597237553,A,Stock Sufficient
40,13,40_13,2817373.99,21506.671679389314,1988.0454006327811,131,155083,23179.7890625,2,4639.009267510748,50998.587392510744,5,107533.35839694657,Stock Sufficient,4188715730.3199997,0.6781671020062777,A,Stock Sufficient
32,9,32_9,2816922.15,21503.222519083967,8397.686427356264,131,203007,25685.23828125,3,23999.612271050817,101055.32711480082,6,129019.3351145038,Stock Sufficient,4191532652.47,0.6786231711343914,A,Stock Sufficient
2,58,2_58,2815611.91,21493.220687022902,6619.969459558089,131,202307,20376.208984375,2,15447.383477134517,56199.801445884514,8,171945.76549618322,Stock Sufficient,4194348264.3799996,0.6790790281302618,A,Stock Sufficient
9,8,9_8,2814665.37,21485.995190839694,1807.6972271502448,131,125833,23816.26953125,4,5965.400849595808,101230.47897459581,1,21485.995190839694,Reorder Required,4197162929.7499995,0.679534731878137,A,Urgent Reorder - High Priority SKU
39,14,39_14,2814625.15,21485.68816793893,8677.004613463618,131,184109,20814.236328125,2,20247.37704847137,61875.849704721375,5,107428.44083969465,Stock Sufficient,4199977554.8999996,0.6799904291142594,A,Stock Sufficient
38,94,38_94,2812261.14,21467.642290076335,2681.3116471001085,131,39690,23497.876953125,4,8848.328435430358,102839.83624793036,8,171741.13832061068,Stock Sufficient,4202789816.0399995,0.6804457436092474,A,Stock Sufficient
35,74,35_74,2810128.79,21451.364809160306,4205.649736462085,131,103681,20541.740234375,1,6939.322065162439,27481.06229953744,6,128708.18885496183,Stock Sufficient,4205599944.8299994,0.6809007128696304,A,Stock Sufficient
39,3,39_3,2808575.76,21439.509618320608,20163.715142386005,131,184109,21589.623046875,3,57625.55550833149,122394.42464895648,6,128637.05770992365,Stock Sufficient,4208408520.5899997,0.6813554306892564,A,Stock Sufficient
19,79,19_79,2805741.15,21417.8713740458,2015.795371921376,131,203819,18832.9453125,3,5760.90900301954,62259.74494051954,6,128507.2282442748,Stock Sufficient,4211214261.74,0.6818096895760322,A,Stock Sufficient
10,32,10_32,2799401.05,21369.473664122135,9923.5786894835,131,126512,16804.5234375,4,32747.80967529555,99965.90342529555,6,128216.8419847328,Stock Sufficient,4214013662.79,0.6822629219793892,A,Stock Sufficient
2,14,2_14,2794581.67,21332.684503816792,9168.453830709803,131,202307,17992.97265625,4,30255.897641342348,102227.78826634235,4,85330.73801526717,Reorder Required,4216808244.46,0.6827153741089871,A,Urgent Reorder - High Priority SKU
22,90,22_90,2793711.5,21326.041984732823,2143.171636051586,131,119557,22353.333984375,3,6124.935568920071,73184.93752204507,2,42652.083969465646,Reorder Required,4219601955.96,0.6831676853551485,A,Urgent Reorder - High Priority SKU
13,11,13_11,2791388.2,21308.306870229007,3667.812002882558,131,219622,20287.109375,2,8558.664639873708,49132.88338987371,5,106541.53435114503,Stock Sufficient,4222393344.16,0.6836196204512606,A,Stock Sufficient
7,10,7_10,2790960.84,21305.04458015267,3483.4913622942813,131,70713,19291.0703125,1,5747.760747785564,25038.831060285564,3,63915.13374045801,Stock Sufficient,4225184305.0,0.6840714863563577,A,Stock Sufficient
22,91,22_91,2782642.41,21241.545114503817,1947.8649158767757,131,119557,21109.984375,3,5566.771650956096,68896.7247759561,6,127449.2706870229,Stock Sufficient,4227966947.41,0.6845220054797849,A,Stock Sufficient
20,49,20_49,2782271.11,21238.710763358777,2897.841779489223,131,203742,20440.052734375,4,9562.877872314435,91323.08880981444,4,84954.8430534351,Reorder Required,4230749218.52,0.6849724644884989,A,Urgent Reorder - High Priority SKU
27,96,27_96,2778206.15,21207.680534351144,6629.185525432487,131,204184,19932.91796875,2,15468.88872796416,55334.724665464164,1,21207.680534351144,Reorder Required,4233527424.67,0.685422265366578,A,Urgent Reorder - High Priority SKU
27,97,27_97,2778166.17,21207.37534351145,2653.3249147589254,131,204184,19780.64453125,1,4377.986109352227,24158.630640602227,2,42414.7506870229,Stock Sufficient,4236305590.84,0.6858720597717611,A,Stock Sufficient
8,4,8_4,2776604.94,21195.45755725191,1964.1062876840836,131,155078,22354.85546875,4,6481.550749357475,95900.97262435747,8,169563.66045801528,Stock Sufficient,4239082195.78,0.6863216014085799,A,Stock Sufficient
18,1,18_1,2774670.67,21180.692137404578,12495.47285134531,131,120653,17396.046875,3,35710.60984116058,87898.75046616058,6,127084.15282442747,Stock Sufficient,4241856866.4500003,0.6867708298806089,A,Stock Sufficient
26,13,26_13,2768605.4,21134.392366412212,1826.5034908066755,131,152513,22854.634765625,2,4262.058913893994,49971.328445144,2,42268.784732824424,Reorder Required,4244625471.8500004,0.6872190763651164,A,Urgent Reorder - High Priority SKU
4,16,4_16,2767268.34,21124.185801526717,14678.43597338862,131,205863,10237.6806640625,3,41949.264854567096,72662.3068467546,6,126745.1148091603,Stock Sufficient,4247392740.1900005,0.6876671063751328,A,Stock Sufficient
8,79,8_79,2767082.93,21122.770458015268,2906.7257048700167,131,155078,22086.224609375,3,8307.084397427187,74565.75822555218,8,168982.16366412214,Stock Sufficient,4250159823.1200004,0.6881151063666495,A,Stock Sufficient
23,90,23_90,2759548.55,21065.256106870227,5429.753246079712,131,114533,24929.646484375,3,15517.60401637396,90306.54346949895,1,21065.256106870227,Reorder Required,4252919371.6700006,0.6885618865168165,A,Urgent Reorder - High Priority SKU
27,11,27_11,2757132.6,21046.813740458016,10240.053700371765,131,204184,15114.14453125,1,16896.08860561341,32010.23313686341,4,84187.25496183206,Stock Sufficient,4255676504.2700005,0.689008275516589,A,Stock Sufficient
10,25,10_25,2754624.38,21027.66702290076,3521.001361128283,131,126512,17858.25,1,5809.652245861666,23667.902245861667,1,21027.66702290076,Reorder Required,4258431128.6500006,0.6894542584271453,A,Urgent Reorder - High Priority SKU
16,92,16_92,2753624.88,21020.037251908398,4125.005038776421,131,57197,23975.05859375,3,11788.78520925334,83713.96099050334,7,147140.2607633588,Stock Sufficient,4261184753.5300007,0.6899000795153047,A,Stock Sufficient
31,23,31_23,2746817.63,20968.07351145038,4453.327506973759,131,203750,18980.34765625,3,12727.09268295728,69668.13565170729,3,62904.220534351145,Reorder Required,4263931571.160001,0.6903447984868962,A,Urgent Reorder - High Priority SKU
35,22,35_22,2743698.29,20944.26175572519,4186.738285114168,131,103681,21070.83984375,2,9769.554407109965,51911.234094609965,4,83777.04702290076,Stock Sufficient,4266675269.450001,0.690789012426897,A,Stock Sufficient
1,82,1_82,2743281.63,20941.081145038166,6101.638362218496,131,151315,20021.912109375,2,14237.882545499837,54281.70676424984,7,146587.56801526717,Stock Sufficient,4269418551.080001,0.6912331589082488,A,Stock Sufficient
28,10,28_10,2740632.39,20920.857938931298,3027.6823649285875,131,206302,20901.43359375,3,8652.764480640404,71357.0652618904,3,62762.5738167939,Reorder Required,4272159183.4700007,0.6916768764687738,A,Urgent Reorder - High Priority SKU
39,11,39_11,2735705.39,20883.247251908397,4171.389166806343,131,184109,22910.966796875,3,11921.345658834138,80654.24604945914,2,41766.49450381679,Reorder Required,4274894888.8600006,0.6921197963315017,A,Urgent Reorder - High Priority SKU
27,3,27_3,2727589.26,20821.2920610687,17229.45236433598,131,204184,24039.755859375,2,40204.10658974346,88283.61830849346,1,20821.2920610687,Reorder Required,4277622478.120001,0.6925614021656069,A,Urgent Reorder - High Priority SKU
22,1,22_1,2727092.4699999997,20817.499770992363,14328.898107279969,131,119557,17704.615234375,1,23642.681877011946,41347.29711138694,6,124904.99862595418,Stock Sufficient,4280349570.5900006,0.6930029275677477,A,Stock Sufficient
40,87,40_87,2715402.75,20728.26526717557,4196.679059144512,131,155083,25651.7578125,1,6924.520447588445,32576.278260088446,3,62184.795801526714,Stock Sufficient,4283064973.3400006,0.6934425603650792,A,Stock Sufficient
8,87,8_87,2715125.37,20726.147862595422,4185.614191074182,131,155078,24839.421875,2,9766.931387199358,59445.77513719936,4,82904.59145038169,Stock Sufficient,4285780098.7100005,0.69388214825366,A,Stock Sufficient
4,74,4_74,2712882.46,20709.02641221374,3274.767049245598,131,205863,19284.22265625,4,10806.731262510473,87943.62188751047,8,165672.21129770993,Stock Sufficient,4288492981.1700006,0.6943213730076019,A,Stock Sufficient
29,8,29_8,2711958.76,20701.97526717557,1670.7035746937142,131,93638,21371.58203125,1,2756.6608982446282,24128.242929494627,7,144913.82687022898,Stock Sufficient,4291204939.930001,0.6947604482114208,A,Stock Sufficient
32,5,32_5,2711287.89,20696.854122137407,13798.730867861663,131,203007,19263.27734375,2,32198.68135582928,70725.23604332928,7,144877.97885496184,Stock Sufficient,4293916227.8200006,0.6951994147991404,A,Stock Sufficient
23,91,23_91,2708993.12,20679.33679389313,8566.268291530027,131,114533,23236.9921875,3,24481.39965512381,94192.37621762381,2,41358.67358778626,Reorder Required,4296625220.940001,0.6956380098559133,A,Urgent Reorder - High Priority SKU
19,1,19_1,2708569.84,20676.105648854962,13395.190355518662,131,203819,18751.82421875,1,22102.06408660579,40853.888305355795,1,20676.105648854962,Reorder Required,4299333790.780001,0.696076536382237,A,Urgent Reorder - High Priority SKU
8,7,8_7,2708452.05,20675.20648854962,15522.150425514898,131,155078,17303.998046875,3,44360.5027465358,96272.4968871608,2,41350.41297709924,Reorder Required,4302042242.830001,0.6965150438379653,A,Urgent Reorder - High Priority SKU
6,97,6_97,2707058.53,20664.56893129771,2164.898567369579,131,202505,20838.046875,4,7144.165272319609,90496.3527723196,4,82658.27572519083,Reorder Required,4304749301.360001,0.6969533256781394,A,Urgent Reorder - High Priority SKU
8,10,8_10,2704078.31,20641.819160305346,2525.7807171264394,131,155078,20760.61328125,4,8335.076366517249,91377.52949151726,7,144492.73412213742,Stock Sufficient,4307453379.670001,0.697391125010717,A,Stock Sufficient
26,87,26_87,2703845.41,20640.041297709926,4727.184346656523,131,152513,26951.66015625,1,7799.854171983263,34751.514328233265,2,41280.08259541985,Stock Sufficient,4310157225.080001,0.6978288866360045,A,Stock Sufficient
43,2,43_2,2698423.06,20598.6493129771,1931.2242974589155,131,41062,20794.76171875,1,3186.5200908072106,23981.28180955721,1,20598.6493129771,Reorder Required,4312855648.140001,0.6982657703646713,A,Urgent Reorder - High Priority SKU
18,34,18_34,2696920.53,20587.17961832061,4974.372795693235,131,120653,19035.763671875,2,11607.462028749087,49678.98937249908,3,61761.53885496183,Stock Sufficient,4315552568.670001,0.6987024108287,A,Stock Sufficient
24,16,24_16,2695281.12,20574.66503816794,16847.52854660731,131,203819,8639.2587890625,4,55596.844203804125,90153.87936005412,5,102873.32519083969,Stock Sufficient,4318247849.790001,0.6991387858667604,A,Stock Sufficient
37,96,37_96,2688688.43,20524.339160305346,1904.0325709920303,131,39910,20308.517578125,3,5441.5039011699155,66367.05663554491,6,123146.03496183208,Stock Sufficient,4320936538.220001,0.6995740935262352,A,Stock Sufficient
19,97,19_97,2681168.32,20466.933740458015,2777.573870837736,131,203819,19245.298828125,4,9165.993773764529,86147.18908626452,6,122801.60244274809,Stock Sufficient,4323617706.540001,0.7000081836547211,A,Stock Sufficient
25,4,25_4,2680478.92,20461.671145038166,1819.3381188784201,131,128107,21055.759765625,1,3001.907896149393,24057.667661774394,1,20461.671145038166,Reorder Required,4326298185.460001,0.7004421621670386,A,Urgent Reorder - High Priority SKU
28,46,28_46,2680201.48,20459.553282442746,3293.4069564632737,131,206302,18756.4765625,3,9412.17449468203,65681.60418218203,3,61378.659847328236,Reorder Required,4328978386.940001,0.7008760957608912,A,Urgent Reorder - High Priority SKU
14,11,14_11,2676439.75,20430.83778625954,6500.42648900981,131,200898,15308.876953125,1,10725.703706866187,26034.58065999119,7,143015.8645038168,Stock Sufficient,4331654826.690001,0.7013094203180611,A,Stock Sufficient
25,10,25_10,2670984.61,20389.195496183205,4044.9567553292104,131,128107,21215.25390625,3,11560.016514171088,75205.77823292109,8,163113.56396946564,Stock Sufficient,4334325811.3,0.7017418616697993,A,Stock Sufficient
15,8,15_8,2669013.68,20374.150229007635,1946.0053282441352,131,123737,20452.4296875,4,6421.817583205646,88231.53633320564,6,122244.90137404582,Stock Sufficient,4336994824.9800005,0.7021739839213713,A,Stock Sufficient
36,80,36_80,2666712.82,20356.58641221374,3363.664114290811,131,39910,15258.611328125,3,9612.961290153953,55388.79527452895,6,122139.51847328243,Stock Sufficient,4339661537.8,0.7026057336560052,A,Stock Sufficient
10,55,10_55,2657004.65,20282.478244274807,14749.43271135514,131,126512,14229.8203125,2,34417.09883321789,62876.73945821789,6,121694.86946564884,Stock Sufficient,4342318542.45,0.7030359116054097,A,Stock Sufficient
19,46,19_46,2653625.37,20256.68221374046,3771.444755757766,131,203819,18782.84765625,1,6222.883847000314,25005.731503250314,6,121540.09328244276,Stock Sufficient,4344972167.82,0.7034655424380672,A,Stock Sufficient
6,82,6_82,2651408.92,20239.7627480916,7975.290470685746,131,202505,18459.58984375,2,18609.960513389335,55529.140200889335,5,101198.813740458,Stock Sufficient,4347623576.74,0.7038948144200483,A,Stock Sufficient
23,3,23_3,2648246.99,20215.625877862596,14503.308112301873,131,114533,20144.375,2,33842.77880229352,74131.52880229353,1,20215.625877862596,Reorder Required,4350271823.73,0.7043235744749752,A,Urgent Reorder - High Priority SKU
41,97,41_97,2639266.54,20147.07282442748,2157.0591822159095,131,196321,22380.208984375,2,5033.394878046408,49793.812846796405,7,141029.50977099236,Stock Sufficient,4352911090.2699995,0.7047508805649775,A,Stock Sufficient
17,8,17_8,2637467.16,20133.337099236644,1273.690377932437,131,93188,21196.197265625,3,3640.0591386894666,67228.65093556447,8,161066.69679389315,Stock Sufficient,4355548557.429999,0.7051778953293327,A,Stock Sufficient
41,81,41_81,2637181.51,20131.156564885496,1532.3743215258985,131,196321,21365.130859375,2,3575.722504421423,46305.98422317142,4,80524.62625954198,Stock Sufficient,4358185738.94,0.7056048638459966,A,Stock Sufficient
12,25,12_25,2632580.14,20096.031603053438,3031.7014832608234,131,112238,18534.81640625,4,10004.614894760716,84143.88051976071,4,80384.12641221375,Reorder Required,4360818319.08,0.7060310873854505,A,Urgent Reorder - High Priority SKU
40,10,40_10,2629445.19,20072.1006870229,4349.716560260555,131,155083,20619.169921875,1,7177.032324429914,27796.202246304914,5,100360.5034351145,Stock Sufficient,4363447764.2699995,0.7064568033660025,A,Stock Sufficient
40,81,40_81,2627285.9,20055.617557251906,2096.892365390011,131,155083,20079.01171875,2,4892.998476252403,45051.0219137524,1,20055.617557251906,Reorder Required,4366075050.169999,0.7068821697502733,A,Urgent Reorder - High Priority SKU
31,10,31_10,2621625.39,20012.40755725191,3000.3474672147026,131,203750,19717.87109375,2,7001.167931945216,46436.910119445216,2,40024.81511450382,Reorder Required,4368696675.559999,0.707306619679022,A,Urgent Reorder - High Priority SKU
14,10,14_10,2615629.22,19966.635267175574,2896.554333917172,131,200898,15226.4345703125,1,4779.314650963333,20005.749221275833,5,99833.17633587787,Stock Sufficient,4371312304.78,0.7077300988077703,A,Stock Sufficient
22,16,22_16,2614567.83,19958.533053435116,17589.575366629168,131,119557,9084.3369140625,2,41044.43646578661,59213.11029391161,4,79834.13221374046,Stock Sufficient,4373926872.61,0.7081534060939237,A,Stock Sufficient
29,23,29_23,2613677.04,19951.733129770993,7257.277962458322,131,93638,18033.240234375,4,23949.01727611246,96081.97821361246,8,159613.86503816795,Stock Sufficient,4376540549.65,0.7085765691581934,A,Stock Sufficient
14,3,14_3,2608663.84,19913.464427480914,15412.485849857683,131,200898,22415.61328125,4,50861.203304530354,140523.65642953035,5,99567.32213740457,Reorder Required,4379149213.49,0.7089989205685974,A,Urgent Reorder - High Priority SKU
13,55,13_55,2607692.68,19906.050992366414,15039.20385449002,131,219622,13176.8076171875,2,35093.2659962173,61446.8812305923,6,119436.30595419848,Stock Sufficient,4381756906.17,0.7094211147449454,A,Stock Sufficient
25,1,25_1,2601732.25,19860.551526717558,10013.576216490714,131,128107,20082.9609375,3,28617.637574501652,88866.52038700166,3,59581.65458015267,Reorder Required,4384358638.42,0.7098423439077189,A,Urgent Reorder - High Priority SKU
34,4,34_4,2600656.74,19852.34152671756,1782.264443661261,131,158114,20164.064453125,4,5881.472664082161,86537.73047658216,8,158818.73221374047,Stock Sufficient,4386959295.16,0.7102633989418222,A,Stock Sufficient
24,82,24_82,2595891.57,19815.966183206107,8815.924722589009,131,203819,19158.298828125,3,25194.888733124088,82669.78521749908,3,59447.898549618316,Reorder Required,4389555186.73,0.710683682478947,A,Urgent Reorder - High Priority SKU
17,7,17_7,2592289.91,19788.472595419847,10688.791515709601,131,93188,16360.8671875,1,17636.506000920843,33997.37318842084,4,79153.89038167939,Stock Sufficient,4392147476.639999,0.7111033828952582,A,Stock Sufficient
8,5,8_5,2592229.88,19788.014351145037,9996.336787047165,131,155078,17670.171875,3,28568.369287813603,81578.8849128136,3,59364.04305343511,Reorder Required,4394739706.5199995,0.7115230735925114,A,Urgent Reorder - High Priority SKU
39,9,39_9,2588555.68,19759.967022900764,4854.456110747938,131,184109,20679.779296875,3,13873.471634432248,75912.80952505725,3,59279.9010687023,Reorder Required,4397328262.2,0.7119421694244823,A,Urgent Reorder - High Priority SKU
34,1,34_1,2587328.69,19750.6006870229,6880.364340365459,131,158114,20768.828125,3,19663.282009961862,81969.76638496187,8,158004.8054961832,Stock Sufficient,4399915590.889999,0.7123610666026636,A,Stock Sufficient
1,46,1_46,2585871.32,19739.475725190838,4585.146968899944,131,151315,17638.4609375,1,7565.492498684907,25203.953436184907,2,39478.951450381675,Stock Sufficient,4402501462.209999,0.7127797278277621,A,Stock Sufficient
42,40,42_40,2584280.8,19727.334351145037,1897.7613678113162,131,39690,19990.19921875,1,3131.3062568886717,23121.50547563867,1,19727.334351145037,Reorder Required,4405085743.009999,0.7131981315423472,A,Urgent Reorder - High Priority SKU
10,49,10_49,2580537.0,19698.75572519084,2761.4414998505717,131,126512,19844.701171875,2,6443.6922343011565,46133.094578051154,6,118192.53435114503,Stock Sufficient,4407666280.009999,0.7136159291231766,A,Stock Sufficient
5,95,5_95,2573835.16,19647.596641221375,2051.204212940667,131,34875,20857.25,1,3384.4869513521003,24241.7369513521,8,157180.773129771,Stock Sufficient,4410240115.169999,0.71403264165367,A,Stock Sufficient
4,80,4_80,2569916.13,19617.680381679387,2633.9283141691926,131,205863,19718.568359375,2,6146.146287957348,45583.28300670735,1,19617.680381679387,Reorder Required,4412810031.299999,0.7144487196800842,A,Urgent Reorder - High Priority SKU
40,9,40_9,2567971.95,19602.8393129771,7357.971416639988,131,155083,21823.19921875,1,12140.65283745598,33963.85205620598,7,137219.8751908397,Stock Sufficient,4415378003.249999,0.7148644829372464,A,Stock Sufficient
12,14,12_14,2563359.71,19567.631374045803,5083.58711224432,131,112238,17514.171875,3,14528.301419130692,67070.81704413069,1,19567.631374045803,Reorder Required,4417941362.959999,0.7152794994573094,A,Urgent Reorder - High Priority SKU
28,1,28_1,2562705.55,19562.63778625954,9163.035983159169,131,206302,18183.060546875,1,15119.009372212628,33302.069919087626,4,78250.55114503816,Stock Sufficient,4420504068.509999,0.715694410066678,A,Stock Sufficient
17,3,17_3,2560705.08,19547.367022900766,11199.196929312573,131,93188,25149.787109375,3,32006.00384113891,107455.36516926391,1,19547.367022900766,Reorder Required,4423064773.589999,0.7161089967932553,A,Urgent Reorder - High Priority SKU
4,3,4_3,2557862.76,19525.66992366412,16334.421325062447,131,205863,16875.056640625,3,46681.87861795376,97307.04853982876,8,156205.35938931297,Stock Sufficient,4425622636.349999,0.7165231233387076,A,Stock Sufficient
26,80,26_80,2556096.93,19512.190305343513,2221.921435138079,131,152513,19692.537109375,3,6349.993346541088,65427.60467466609,6,117073.14183206108,Stock Sufficient,4428178733.28,0.7169369639903703,A,Stock Sufficient
22,10,22_10,2545227.22,19429.21541984733,2101.508439857963,131,119557,17948.703125,2,4903.76986619628,40801.17611619628,5,97146.07709923665,Stock Sufficient,4430723960.5,0.7173490447995885,A,Stock Sufficient
34,96,34_96,2544911.71,19426.806946564884,2956.5170745916785,131,158114,19836.93359375,1,4878.253173076269,24715.18676682627,3,58280.42083969465,Stock Sufficient,4433268872.21,0.7177610745266811,A,Stock Sufficient
21,4,21_4,2541982.5100000002,19404.446641221377,1983.335926731146,131,140167,18421.66796875,4,6545.008558212781,80231.68043321278,6,116426.67984732825,Stock Sufficient,4435810854.72,0.7181726300064859,A,Stock Sufficient
39,81,39_81,2540461.8,19392.83816793893,1285.9099860163676,131,184109,20733.552734375,1,2121.7514769270065,22855.304211302006,2,38785.67633587786,Stock Sufficient,4438351316.52,0.7185839392782498,A,Stock Sufficient
41,23,41_23,2539568.72,19386.02076335878,5182.633074830655,131,196321,19386.537109375,2,12093.427472327665,50866.50169107766,7,135702.14534351148,Stock Sufficient,4440890885.240001,0.7189951039573713,A,Stock Sufficient
43,97,43_97,2539276.9,19383.79312977099,1982.805643623384,131,41062,19386.02734375,3,5666.628191878515,63824.71022312852,3,58151.37938931298,Reorder Required,4443430162.14,0.7194062213898577,A,Urgent Reorder - High Priority SKU
43,81,43_81,2536116.54,19359.66824427481,1400.7457831249294,131,41062,19135.416015625,3,4003.1687270193843,61409.41677389439,4,77438.67297709924,Stock Sufficient,4445966278.68,0.719816827149478,A,Stock Sufficient
41,82,41_82,2534317.26,19345.933282442747,7446.124362932959,131,196321,18964.97265625,3,21280.158431525935,78175.07640027594,6,116075.59969465648,Stock Sufficient,4448500595.940001,0.7202271415996419,A,Stock Sufficient
26,81,26_81,2534171.82,19344.823053435113,2205.5157417971936,131,152513,20011.93359375,1,3639.100973965369,23651.034567715367,3,58034.469160305336,Stock Sufficient,4451034767.76,0.7206374325025826,A,Stock Sufficient
21,46,21_46,2533835.1,19342.252671755727,3908.1378739675665,131,140167,16905.09375,2,9119.453615231661,42929.64111523166,7,135395.76870229008,Stock Sufficient,4453568602.860001,0.7210476688894281,A,Stock Sufficient
12,9,12_9,2530003.9,19313.00687022901,4604.017411189942,131,112238,16678.15625,3,13157.746923935973,63192.21567393597,1,19313.00687022901,Reorder Required,4456098606.76,0.7214572849921651,A,Urgent Reorder - High Priority SKU
20,98,20_98,2529104.74,19306.143053435117,2347.626546473265,131,203742,19614.46484375,2,5478.074747325844,44707.004434825845,3,57918.42916030535,Stock Sufficient,4458627711.5,0.7218667555178876,A,Stock Sufficient
20,55,20_55,2526392.91,19285.442061068705,14195.817249605749,131,203742,13432.298828125,4,46846.19692369897,100575.39223619897,1,19285.442061068705,Reorder Required,4461154104.41,0.7222757869892529,A,Urgent Reorder - High Priority SKU
5,40,5_40,2524995.13,19274.771984732823,1634.193830170339,131,34875,20563.703125,2,3813.313478985991,44940.71972898599,3,57824.315954198464,Stock Sufficient,4463679099.54,0.722684592155356,A,Stock Sufficient
9,5,9_5,2519655.64,19234.01251908397,8803.273578377824,131,125833,18238.4453125,2,20542.019664907366,57018.91028990736,2,38468.02503816794,Reorder Required,4466198755.18,0.7230925328401497,A,Urgent Reorder - High Priority SKU
30,96,30_96,2511371.25,19170.772900763357,2113.0276548055554,131,42988,18582.923828125,2,4930.6494057074615,42096.49706195746,1,19170.772900763357,Reorder Required,4468710126.43,0.7234991322544633,A,Urgent Reorder - High Priority SKU
31,80,31_80,2507508.51,19141.28633587786,1430.5259797297847,131,203750,19554.130859375,2,3338.0642490705195,42446.32596782052,3,57423.85900763358,Stock Sufficient,4471217634.940001,0.7239051062782372,A,Stock Sufficient
13,34,13_34,2503718.69,19112.35641221374,3803.223159772021,131,219622,19833.56640625,3,10869.169979658847,70369.86919840885,1,19112.35641221374,Reorder Required,4473721353.63,0.7243104667174634,A,Urgent Reorder - High Priority SKU
38,93,38_93,2502335.7600000002,19101.79969465649,2795.1381596718547,131,39690,20004.49609375,3,7988.180156098265,68001.66843734827,7,133712.59786259543,Stock Sufficient,4476223689.39,0.7247156032556921,A,Stock Sufficient
40,7,40_7,2494488.41,19041.896259541987,13122.78417585773,131,155083,15538.572265625,2,30621.39194002852,61698.53647127852,6,114251.37755725192,Stock Sufficient,4478718177.8,0.72511946928168,A,Stock Sufficient
35,4,35_4,2488698.05,18997.695038167938,3385.4947423131225,131,103681,19690.85546875,2,7899.89075687134,47281.60169437134,5,94988.47519083969,Stock Sufficient,4481206875.85,0.725522397828996,A,Stock Sufficient
28,82,28_82,2485741.24,18975.12396946565,3970.8927042569467,131,206302,16736.955078125,2,9265.889023196107,42739.799179446105,1,18975.12396946565,Reorder Required,4483692617.09,0.7259248476588724,A,Urgent Reorder - High Priority SKU
26,96,26_96,2485571.79,18973.83045801527,5188.280795072662,131,152513,20357.97265625,3,14827.503802649506,75901.4217713995,6,113842.98274809161,Stock Sufficient,4486178188.88,0.7263272700542266,A,Stock Sufficient
11,9,11_9,2485308.86,18971.823358778624,4021.6522279040446,131,207499,17658.154296875,2,9384.33395435229,44700.64254810229,1,18971.823358778624,Reorder Required,4488663497.74,0.7267296498803333,A,Urgent Reorder - High Priority SKU
32,23,32_23,2485084.19,18970.108320610685,4460.442072787639,131,203007,18716.8125,4,14719.458840199206,89586.70884019921,2,37940.21664122137,Reorder Required,4491148581.929999,0.7271319933316147,A,Urgent Reorder - High Priority SKU
6,22,6_22,2479815.06,18929.885954198475,4850.314975231672,131,202505,16931.26171875,1,8003.019709132259,24934.28142788226,1,18929.885954198475,Reorder Required,4493628396.99,0.7275334836931063,A,Urgent Reorder - High Priority SKU
41,16,41_16,2479058.36,18924.10961832061,16427.35004294734,131,196321,9120.2705078125,1,27105.127570863107,36225.39807867561,3,56772.32885496183,Stock Sufficient,4496107455.349999,0.7279348515423342,A,Stock Sufficient
13,80,13_80,2478125.74,18916.990381679392,1424.8111427756098,131,219622,19318.66015625,1,2350.938385579756,21669.598541829757,8,151335.92305343514,Stock Sufficient,4498585581.089999,0.7283360683972613,A,Stock Sufficient
39,23,39_23,2477437.38,18911.73572519084,5557.493397267408,131,184109,18666.92578125,2,12968.146183103918,50301.99774560392,1,18911.73572519084,Reorder Required,4501063018.469999,0.7287371738043996,A,Urgent Reorder - High Priority SKU
26,1,26_1,2475638.67,18898.005114503816,6038.254566943533,131,152513,19667.75390625,2,14089.97947769416,53425.487290194156,5,94490.02557251908,Stock Sufficient,4503538657.139999,0.7291379879943662,A,Stock Sufficient
8,11,8_11,2473628.19,18882.657938931297,4672.704591721804,131,155078,15830.8623046875,4,15419.925152681952,78743.37437143196,6,113295.94763358778,Stock Sufficient,4506012285.329999,0.729538476680889,A,Stock Sufficient
41,74,41_74,2473296.69,18880.12740458015,3184.3568949281243,131,196321,19774.73828125,2,7430.545168601991,46980.02173110199,3,56640.38221374045,Stock Sufficient,4508485582.019999,0.7299389116964518,A,Stock Sufficient
19,3,19_3,2470062.99,18855.442671755725,15405.285199727192,131,203819,22691.041015625,3,44026.515507176984,112099.63855405198,2,37710.88534351145,Reorder Required,4510955645.009998,0.7303388231651571,A,Urgent Reorder - High Priority SKU
25,46,25_46,2466114.43,18825.300992366414,3225.158150480461,131,128107,17122.197265625,4,10643.02189658552,79131.81095908552,4,75301.20396946566,Reorder Required,4513421759.439999,0.7307380953487773,A,Urgent Reorder - High Priority SKU
15,13,15_13,2461620.44,18790.995725190838,1852.5851874527318,131,123737,18643.93359375,3,5294.473255529112,61226.27403677911,7,131536.97007633586,Stock Sufficient,4515883379.879998,0.7311366399403689,A,Stock Sufficient
19,74,19_74,2458394.99,18766.37396946565,4342.0220912519,131,203819,19871.783203125,2,10131.901773793843,49875.46818004384,7,131364.61778625957,Stock Sufficient,4518341774.869998,0.7315346623208057,A,Stock Sufficient
24,97,24_97,2454446.47,18736.23259541985,2432.494122090643,131,203819,19836.326171875,3,6951.785624146514,66460.76413977152,2,37472.4651908397,Reorder Required,4520796221.339998,0.7319320454226336,A,Urgent Reorder - High Priority SKU
18,90,18_90,2454400.94,18735.885038167937,6777.908044314194,131,120653,25974.244140625,1,11183.548273118418,37157.79241374342,4,74943.54015267175,Stock Sufficient,4523250622.279998,0.7323294211530018,A,Stock Sufficient
21,34,21_34,2453219.53,18726.86664122137,3432.621365135847,131,140167,17292.234375,3,9810.033102476847,61686.736227476846,8,149814.93312977097,Stock Sufficient,4525703841.809998,0.7327266056091354,A,Stock Sufficient
22,74,22_74,2445897.05,18670.969847328244,2686.8896138025425,131,119557,17514.794921875,2,6269.728958524289,41299.31880227429,6,112025.81908396946,Stock Sufficient,4528149738.859998,0.7331226045312388,A,Stock Sufficient
18,87,18_87,2445660.25,18669.16221374046,2709.438624782261,131,120653,20580.255859375,2,6322.346001814558,47482.857720564556,6,112014.97328244275,Stock Sufficient,4530595399.109998,0.7335185651146292,A,Stock Sufficient
32,82,32_82,2445126.45,18665.087404580154,8297.57834305478,131,203007,17522.314453125,2,19362.00391554222,54406.63282179222,3,55995.26221374046,Stock Sufficient,4533040525.559998,0.7339144392740123,A,Stock Sufficient
19,14,19_14,2442157.09,18642.420534351142,8544.963895403253,131,203819,17567.81640625,1,14099.190427415366,31667.006833665364,3,55927.26160305343,Stock Sufficient,4535482682.649998,0.7343098326840691,A,Stock Sufficient
27,17,27_17,2438387.08,18613.64183206107,3744.090749803523,131,204184,17556.466796875,3,10700.176421233786,63369.57681185879,5,93068.20916030534,Stock Sufficient,4537921069.729998,0.7347046157168835,A,Stock Sufficient
18,9,18_9,2433124.74,18573.471297709926,7679.115646579902,131,120653,12862.8828125,1,12670.540816856837,25533.42362935684,1,18573.471297709926,Reorder Required,4540354194.469997,0.7350985467592317,A,Urgent Reorder - High Priority SKU
4,55,4_55,2432371.45,18567.720992366412,9530.69501684933,131,205863,13702.521484375,4,31451.293555602784,86261.37949310278,3,55703.16297709924,Reorder Required,4542786565.919997,0.7354923558414067,A,Urgent Reorder - High Priority SKU
40,1,40_1,2431556.5,18561.5,6965.4480999106745,131,155083,18853.6015625,4,22985.978729705224,98400.38497970522,8,148492.0,Stock Sufficient,4545218122.419997,0.735886032980448,A,Stock Sufficient
14,22,14_22,2428430.51,18537.63748091603,5494.018793592839,131,200898,15246.537109375,2,12820.031218222242,43313.10543697224,3,55612.912442748086,Stock Sufficient,4547646552.929997,0.7362792040112414,A,Stock Sufficient
22,82,22_82,2426736.51,18524.706183206104,7794.538767546697,131,119557,17678.560546875,4,25721.9779329041,96436.2201204041,6,111148.23709923663,Stock Sufficient,4550073289.439998,0.7366721007777627,A,Stock Sufficient
31,5,31_5,2424977.11,18511.27564885496,10293.300246192413,131,203750,15016.4404296875,3,29417.05635654471,74466.37764560721,1,18511.27564885496,Reorder Required,4552498266.549997,0.7370647126915328,A,Urgent Reorder - High Priority SKU
20,17,20_17,2423686.23,18501.421603053434,4951.122846304014,131,203742,19055.236328125,2,11553.209379060389,49663.68203531039,4,74005.68641221373,Stock Sufficient,4554921952.779997,0.7374571156075086,A,Stock Sufficient
31,82,31_82,2414302.27,18429.78832061069,6483.489451323753,131,203750,16785.607421875,2,15128.913877382165,48700.12872113216,2,36859.57664122138,Reorder Required,4557336255.049997,0.7378479992289398,A,Urgent Reorder - High Priority SKU
28,80,28_80,2411897.08,18411.428091603055,2464.9949761468915,131,206302,16581.3828125,3,7044.66928949594,56788.81772699594,7,128879.99664122138,Stock Sufficient,4559748152.129997,0.7382384934420566,A,Stock Sufficient
11,1,11_1,2407910.78,18380.998320610684,9021.786932252404,131,207499,19443.140625,3,25783.219013841495,84112.6408888415,3,55142.99496183205,Reorder Required,4562156062.909997,0.7386283422598557,A,Urgent Reorder - High Priority SKU
4,26,4_26,2405779.01,18364.72526717557,4531.784037705805,131,205863,20855.720703125,4,14954.887324429155,98377.77013692916,2,36729.45053435114,Reorder Required,4564561841.919997,0.7390178459369541,A,Urgent Reorder - High Priority SKU
34,7,34_7,2402363.58,18338.65328244275,13767.547047245473,131,158114,14379.890625,4,45432.90525591006,102952.46775591007,6,110031.91969465649,Stock Sufficient,4566964205.499997,0.7394067966444994,A,Stock Sufficient
27,34,27_34,2400455.96,18324.091297709925,4754.561964415681,131,204184,15595.22265625,1,7845.027241285874,23440.249897535876,5,91620.45648854962,Stock Sufficient,4569364661.459997,0.7397954385019793,A,Stock Sufficient
42,8,42_8,2398530.62,18309.394045801528,1351.7462365438419,131,39690,19663.140625,2,3154.2354700017004,42480.5167200017,6,109856.36427480917,Stock Sufficient,4571763192.079997,0.7401837686404665,A,Stock Sufficient
24,1,24_1,2397960.55,18305.042366412214,9893.544386111804,131,203819,18101.67578125,2,23086.114673786193,59289.46623628619,3,54915.12709923664,Reorder Required,4574161152.629997,0.7405720064827119,A,Urgent Reorder - High Priority SKU
15,92,15_92,2397095.09,18298.435801526717,2267.7370663626994,131,123737,19466.306640625,1,3741.766159498454,23208.072800123453,3,54895.30740458015,Stock Sufficient,4576558247.719997,0.7409601042040855,A,Stock Sufficient
44,91,44_91,2394133.11,18275.825267175573,1354.660271057103,131,39910,19586.5078125,4,4470.37889448844,82816.41014448844,4,73103.30106870229,Reorder Required,4578952380.829997,0.7413477223709793,A,Urgent Reorder - High Priority SKU
25,7,25_7,2391265.97,18253.938702290077,13562.817841947854,131,128107,14731.4228515625,1,22378.649439213958,37110.07229077646,7,127777.57091603054,Stock Sufficient,4581343646.799997,0.741734876338307,A,Stock Sufficient
11,11,11_11,2388071.46,18229.553129770993,3482.1308808546632,131,207499,14463.0078125,1,5745.515953410194,20208.523765910195,3,54688.659389312976,Stock Sufficient,4583731718.259997,0.7421215131037694,A,Stock Sufficient
3,40,3_40,2382761.48,18189.01893129771,2033.044822090274,131,37392,19747.5703125,3,5810.205927776552,65052.91686527655,5,90945.09465648854,Stock Sufficient,4586114479.739997,0.74250729016569,A,Stock Sufficient
21,25,21_25,2382270.47,18185.27076335878,2994.993098570093,131,140167,15832.0234375,4,9883.477225281307,73211.57097528131,4,72741.08305343513,Reorder Required,4588496750.209997,0.7428929877314476,A,Urgent Reorder - High Priority SKU
21,8,21_8,2382065.2,18183.703816793895,1723.1606484781935,131,140167,15592.4287109375,4,5686.430139978038,68056.14498372804,8,145469.63053435116,Stock Sufficient,4590878815.409997,0.7432786520633049,A,Stock Sufficient
36,38,36_38,2379778.77,18166.250152671757,2796.728408090971,131,39910,18400.3203125,3,7992.724901344896,63193.685838844896,5,90831.25076335878,Stock Sufficient,4593258594.179997,0.7436639462144895,A,Stock Sufficient
43,4,43_4,2373912.58,18121.470076335878,1840.793871811622,131,41062,17325.078125,2,4295.404837431306,38945.561087431306,5,90607.3503816794,Stock Sufficient,4595632506.759997,0.744048290609871,A,Stock Sufficient
8,46,8_46,2366982.73,18068.570458015267,3486.879651256618,131,155078,17402.64453125,2,8136.467613730298,42941.756676230296,8,144548.56366412214,Stock Sufficient,4597999489.489997,0.7444315130393339,A,Stock Sufficient
35,11,35_11,2363050.67,18038.55473282443,13508.165413645658,131,103681,11634.1513671875,2,31520.660705748818,54788.963440123815,4,72154.21893129771,Stock Sufficient,4600362540.159997,0.744814098855117,A,Stock Sufficient
29,13,29_13,2359874.28,18014.307480916028,1392.6233698567953,131,93638,19535.603515625,2,3249.6203139331847,42320.827345183185,6,108085.84488549616,Stock Sufficient,4602722414.439997,0.7451961704027233,A,Stock Sufficient
12,10,12_10,2356761.96,17990.5493129771,2537.538310839006,131,112238,17017.244140625,4,8373.87642576872,76442.85298826871,3,53971.647938931295,Reorder Required,4605079176.399997,0.7455777380553007,A,Urgent Reorder - High Priority SKU
11,3,11_3,2356597.86,17989.296641221372,13199.020219935708,131,207499,17009.314453125,1,21778.383362893917,38787.69781601892,8,143914.37312977097,Stock Sufficient,4607435774.259996,0.7459592791395384,A,Stock Sufficient
27,22,27_22,2345918.37,17907.773816793895,3827.5365249840333,131,204184,18487.6953125,1,6315.435266223654,24803.130578723656,3,53723.321450381685,Stock Sufficient,4609781692.629996,0.7463390911785867,A,Stock Sufficient
43,40,43_40,2340077.56,17863.187480916033,1949.7072593421033,131,41062,18539.603515625,2,4549.549040551152,41628.75607180115,8,142905.49984732826,Stock Sufficient,4612121770.189997,0.7467179575709388,A,Stock Sufficient
35,8,35_8,2338643.14,17852.237709923666,2957.7065569755705,131,103681,18990.640625,4,9760.431638019381,85722.99413801938,2,35704.47541984733,Reorder Required,4614460413.329997,0.7470965917258902,A,Urgent Reorder - High Priority SKU
12,3,12_3,2338196.18,17848.82580152672,15184.264106182169,131,112238,21227.34765625,2,35431.757185469374,77886.45249796938,5,89244.1290076336,Stock Sufficient,4616798609.509997,0.7474751535165208,A,Stock Sufficient
2,3,2_3,2337765.8,17845.540458015264,13270.1031893741,131,202307,17772.921875,1,21895.670262467265,39668.59213746726,4,71382.16183206106,Stock Sufficient,4619136375.309998,0.7478536456271885,A,Stock Sufficient
12,11,12_11,2334447.4,17820.20916030534,3683.4914838094837,131,112238,14992.880859375,3,10526.990758688742,55505.63333681374,1,17820.20916030534,Reorder Required,4621470822.709997,0.7482316004777849,A,Urgent Reorder - High Priority SKU
6,34,6_34,2327260.82,17765.349770992365,3721.775309085388,131,202505,15275.4287109375,3,10636.401483990567,56462.687616803065,1,17765.349770992365,Reorder Required,4623798083.529997,0.7486083917970161,A,Urgent Reorder - High Priority SKU
28,9,28_9,2325050.02,17748.473435114505,3940.5718098249827,131,206302,17220.4921875,3,11261.696466059346,62923.173028559344,5,88742.36717557252,Stock Sufficient,4626123133.549997,0.7489848251803249,A,Stock Sufficient
41,80,41_80,2321313.93,17719.95366412214,1619.3835287104703,131,196321,18996.76953125,2,3778.7543458268133,41772.29340832681,7,124039.67564885497,Stock Sufficient,4628444447.479998,0.7493606536781531,A,Stock Sufficient
43,13,43_13,2318615.86,17699.357709923665,1529.2805581597765,131,41062,17474.423828125,2,3568.5033549380373,38517.35101118804,5,88496.78854961833,Stock Sufficient,4630763063.339997,0.7497360453494141,A,Stock Sufficient
37,4,37_4,2317647.11,17691.962671755726,980.1597527803835,131,39910,17931.5234375,2,2287.1561058625593,38150.20298086256,6,106151.77603053435,Stock Sufficient,4633080710.449997,0.7501112801768063,A,Stock Sufficient
34,97,34_97,2317211.54,17688.637709923663,1316.9400923402623,131,158114,18544.1015625,3,3763.661798255341,59395.96648575534,5,88443.18854961832,Stock Sufficient,4635397921.989997,0.7504864444839571,A,Stock Sufficient
41,3,41_3,2314840.22,17670.536030534353,16008.784224472063,131,196321,13599.9140625,3,45751.245612918014,86550.98780041802,4,70682.14412213741,Reorder Required,4637712762.209997,0.7508612248664599,A,Urgent Reorder - High Priority SKU
14,98,14_98,2311306.62,17643.561984732823,2978.564312145759,131,200898,14104.36328125,3,8512.390791709033,50825.48063545903,4,70574.2479389313,Stock Sufficient,4640024068.829997,0.751235433147291,A,Stock Sufficient
42,97,42_97,2310182.92,17634.984122137404,2690.2981634537973,131,39690,17971.419921875,1,4438.991969698765,22410.411891573764,1,17634.984122137404,Reorder Required,4642334251.749997,0.7516094594973296,A,Urgent Reorder - High Priority SKU
17,82,17_82,2301039.84,17565.189618320608,4849.33005868192,131,93188,19548.259765625,1,8001.394596825166,27549.654362450165,2,35130.379236641216,Stock Sufficient,4644635291.589997,0.751982005552102,A,Stock Sufficient
40,5,40_5,2292513.38,17500.102137404578,9234.642218898194,131,155083,14190.5068359375,4,30474.319322364037,87236.34666611404,4,70000.40854961831,Reorder Required,4646927804.969997,0.752353171144451,A,Urgent Reorder - High Priority SKU
34,9,34_9,2290788.76,17486.93709923664,4923.1351300791275,131,158114,20379.34375,2,11487.901376083,52246.588876083,2,34973.87419847328,Reorder Required,4649218593.729998,0.7527240575150472,A,Urgent Reorder - High Priority SKU
31,14,31_14,2289849.65,17479.768320610685,5604.470155775677,131,203750,16392.0234375,2,13077.764211951806,45861.811086951806,3,52439.30496183205,Stock Sufficient,4651508443.379997,0.7530947918405899,A,Stock Sufficient
13,17,13_17,2289280.49,17475.423587786263,3735.618413112649,131,219622,17145.6796875,1,6163.77038163587,23309.45006913587,3,52426.270763358785,Stock Sufficient,4653797723.869997,0.7534654340172229,A,Stock Sufficient
12,74,12_74,2289047.92,17473.64824427481,2604.7566181552966,131,112238,15610.541015625,4,8595.696839912478,71037.86090241247,7,122315.53770992366,Stock Sufficient,4656086771.789997,0.7538360385399943,A,Stock Sufficient
41,14,41_14,2288789.55,17471.675954198472,6997.2617243580235,131,196321,18351.255859375,4,23090.963690381475,96495.98712788147,4,69886.70381679389,Reorder Required,4658375561.339997,0.7542066012317975,A,Urgent Reorder - High Priority SKU
4,22,4_22,2285350.2,17445.421374045804,4352.186222332715,131,205863,18940.943359375,2,10155.619289633816,48037.50600838382,6,104672.52824427481,Stock Sufficient,4660660911.539997,0.7545766070813195,A,Stock Sufficient
2,34,2_34,2284405.84,17438.21251908397,3489.789577470328,131,202307,15573.0078125,3,9973.413212239839,56692.43664973984,4,69752.85007633588,Stock Sufficient,4662945317.379997,0.7549464600357956,A,Stock Sufficient
26,5,26_5,2276546.82,17378.219999999998,9535.22644552455,131,152513,15043.60546875,1,15733.123635115506,30776.729103865506,4,69512.87999999999,Stock Sufficient,4665221864.199997,0.7553150405886188,A,Stock Sufficient
20,67,20_67,2276235.29,17375.841908396946,6927.993324713331,131,203742,14372.9697265625,4,22862.377971553993,80354.256877804,8,139006.73526717557,Stock Sufficient,4667498099.489997,0.755683570703692,A,Stock Sufficient
20,25,20_25,2273148.32,17352.277251908396,3488.127747180769,131,203742,16785.1015625,2,8139.379986132374,41709.58311113237,6,104113.66351145037,Stock Sufficient,4669771247.809997,0.7560516010279859,A,Stock Sufficient
24,14,24_14,2272574.82,17347.899389312977,6766.0260209549615,131,203819,16859.4609375,2,15788.199507636225,49507.12138263622,6,104087.39633587786,Stock Sufficient,4672043822.629996,0.7564195385007095,A,Stock Sufficient
14,87,14_87,2269714.2,17326.062595419848,2552.288395829421,131,200898,18450.5625,4,8422.55170623709,82224.8017062371,8,138608.50076335878,Stock Sufficient,4674313536.829996,0.7567870128294768,A,Stock Sufficient
36,79,36_79,2269131.66,17321.61572519084,3907.926461948064,131,39910,13090.619140625,3,11168.399854155932,50440.257276030934,2,34643.23145038168,Reorder Required,4676582668.489996,0.7571543928430675,A,Urgent Reorder - High Priority SKU
34,46,34_46,2267417.75,17308.532442748092,3249.70145483387,131,158114,15867.87109375,2,7583.0235872979,39318.7657747979,8,138468.25954198473,Stock Sufficient,4678850086.239996,0.7575214953688906,A,Stock Sufficient
9,4,9_4,2267404.83,17308.433816793895,1274.4820123802085,131,125833,18426.029296875,4,4205.790640854688,77909.90782835468,6,103850.60290076336,Stock Sufficient,4681117491.069996,0.7578885958029223,A,Stock Sufficient
24,11,24_11,2266864.16,17304.306564885497,9791.860730347646,131,203819,13723.65234375,4,32313.14041014723,87207.74978514723,1,17304.306564885497,Reorder Required,4683384355.229996,0.7582556087006708,A,Urgent Reorder - High Priority SKU
1,80,1_80,2265171.97,17291.38908396947,2457.3946075945014,131,151315,19579.263671875,2,5734.213290568379,44892.74063431838,5,86456.94541984734,Stock Sufficient,4685649527.199996,0.7586223476271922,A,Stock Sufficient
32,97,32_97,2258510.23,17240.53610687023,1217.464836206509,131,203007,17091.228515625,1,2008.81697974074,19100.04549536574,3,51721.608320610685,Stock Sufficient,4687908037.429996,0.7589880079957017,A,Stock Sufficient
40,97,40_97,2258216.03,17238.29030534351,2664.6484678580728,131,155083,17848.560546875,2,6217.830303632599,41914.951397382596,1,17238.29030534351,Reorder Required,4690166253.459995,0.7593536207322461,A,Urgent Reorder - High Priority SKU
28,34,28_34,2257388.38,17231.972366412214,2991.306332148041,131,206302,14463.85546875,2,6980.070873824859,35907.78181132486,4,68927.88946564886,Stock Sufficient,4692423641.839995,0.7597190994694843,A,Stock Sufficient
19,34,19_34,2255525.88,17217.754809160306,4184.709493293475,131,203819,16931.841796875,3,11959.413604545181,62754.93899517018,6,103306.52885496183,Stock Sufficient,4694679167.7199955,0.7600842766617363,A,Stock Sufficient
6,3,6_3,2254317.59,17208.531221374044,11471.881235552299,131,202505,18744.37109375,2,26769.08854826494,64257.83073576494,3,51625.593664122134,Reorder Required,4696933485.309996,0.7604492582277914,A,Urgent Reorder - High Priority SKU
32,81,32_81,2246031.02,17145.27496183206,1018.7535856664596,131,203007,16055.3916015625,2,2377.212976983451,34487.99618010845,2,34290.54992366412,Reorder Required,4699179516.329996,0.7608128981704174,A,Urgent Reorder - High Priority SKU
26,9,26_9,2243797.61,17128.22603053435,6597.723908171278,131,152513,18453.595703125,2,15395.47454235292,52302.665948602924,7,119897.58221374046,Stock Sufficient,4701423313.939996,0.761176176516486,A,Stock Sufficient
29,7,29_7,2242578.0,17118.91603053435,13465.15164920251,131,93638,13929.865234375,3,38481.8392002637,80271.4349033887,8,136951.3282442748,Stock Sufficient,4703665891.939996,0.761539257403612,A,Stock Sufficient
22,14,22_14,2242480.42,17118.171145038166,6434.060960908406,131,119557,15431.04296875,3,18387.798797426505,64680.927703676505,6,102709.02687022899,Stock Sufficient,4705908372.359996,0.7619023224922091,A,Stock Sufficient
45,1,45_1,2239454.7,17095.074045801528,10702.58604572176,131,118221,14482.546875,3,30586.74762588682,74034.38825088681,3,51285.222137404584,Reorder Required,4708147827.059996,0.7622648977066072,A,Urgent Reorder - High Priority SKU
8,97,8_97,2237083.45,17076.97290076336,1504.6172080870008,131,155078,18418.021484375,3,4300.021193076047,59554.08564620105,3,51230.91870229009,Reorder Required,4710384910.509995,0.7626270890076905,A,Urgent Reorder - High Priority SKU
31,1,31_1,2233732.81,17051.395496183206,6300.971879779916,131,203750,16483.154296875,3,18007.445664188625,67456.90855481362,7,119359.76847328244,Stock Sufficient,4712618643.319996,0.7629887378289387,A,Stock Sufficient
34,10,34_10,2232865.33,17044.77351145038,2252.015943390731,131,158114,17910.78125,1,3715.8263065947062,21626.607556594707,1,17044.77351145038,Reorder Required,4714851508.649996,0.7633502462022703,A,Urgent Reorder - High Priority SKU
19,87,19_87,2228111.88,17008.487633587785,2622.68674098054,131,203819,21118.71875,2,6119.914612268774,48357.352112268774,7,119059.41343511449,Stock Sufficient,4717079620.529996,0.7637109849761307,A,Stock Sufficient
19,17,19_17,2225027.52,16984.94290076336,4328.312627698001,131,203819,17440.87890625,2,10099.91139346405,44981.66920596405,1,16984.94290076336,Reorder Required,4719304648.049996,0.7640712243817797,A,Urgent Reorder - High Priority SKU
3,2,3_2,2224956.7,16984.402290076338,2054.0570299780893,131,37392,19471.861328125,4,6778.388198927694,84665.8335114277,3,50953.20687022901,Reorder Required,4721529604.749996,0.7644314523214334,A,Urgent Reorder - High Priority SKU
43,80,43_80,2221334.77,16956.753969465648,2312.1365057312,131,41062,16744.6015625,1,3815.0252344564797,20559.62679695648,3,50870.26190839695,Stock Sufficient,4723750939.519997,0.7647910938584928,A,Stock Sufficient
10,26,10_26,2221189.12,16955.642137404582,5209.887408846171,131,126512,15076.537109375,1,8596.31422459618,23672.85133397118,5,84778.21068702292,Stock Sufficient,4725972128.639997,0.7651507118143294,A,Stock Sufficient
12,1,12_1,2210551.52,16874.439083969464,8937.810711914555,131,112238,15797.638671875,1,14747.387674659016,30545.026346534018,6,101246.63450381678,Stock Sufficient,4728182680.159997,0.7655086075071077,A,Stock Sufficient
32,80,32_80,2206708.89,16845.106030534353,1289.4356130217348,131,203007,18869.43359375,1,2127.568761485862,20997.00235523586,3,50535.318091603054,Stock Sufficient,4730389389.049997,0.7658658810652225,A,Stock Sufficient
2,74,2_74,2205736.13,16837.680381679387,2785.166706351125,131,202307,15819.8916015625,1,4595.525065479356,20415.416667041856,5,84188.40190839693,Stock Sufficient,4732595125.179997,0.7662229971302361,A,Stock Sufficient
22,79,22_79,2199373.98,16789.11435114504,1662.1648128126344,131,119557,15509.140625,2,3878.5824349452914,34896.86368494529,2,33578.22870229008,Reorder Required,4734794499.159997,0.7665790831418621,A,Urgent Reorder - High Priority SKU
37,13,37_13,2196595.93,16767.90786259542,765.5528219709624,131,39910,17351.576171875,2,1786.3810528481456,36489.53339659815,7,117375.35503816794,Stock Sufficient,4736991095.089997,0.7669347193778911,A,Stock Sufficient
18,3,18_3,2190058.95,16718.0072519084,14101.647433826362,131,120653,16469.599609375,2,32905.52273698964,65844.72195573963,8,133744.0580152672,Stock Sufficient,4739181154.039997,0.7672892972549702,A,Stock Sufficient
18,10,18_10,2188866.66,16708.90580152672,2508.905396871758,131,120653,15825.138671875,3,7170.16017096331,54645.57618658831,2,33417.81160305344,Reorder Required,4741370020.699997,0.767643682096306,A,Urgent Reorder - High Priority SKU
45,91,45_91,2185781.59,16685.355648854962,1487.0863719461106,131,118221,15808.150390625,2,3470.0452307835444,35086.346012033544,1,16685.355648854962,Reorder Required,4743555802.289997,0.767997567454479,A,Urgent Reorder - High Priority SKU
45,16,45_16,2185395.6,16682.409160305346,13808.763065044994,131,118221,9099.8740234375,4,45568.91811464848,81968.41420839848,8,133459.27328244277,Stock Sufficient,4745741197.8899975,0.7683513903195786,A,Stock Sufficient
27,87,27_87,2182620.02,16661.221526717556,2317.8382566525797,131,204184,18237.57421875,1,3824.4331234767565,22062.007342226756,7,116628.55068702289,Stock Sufficient,4747923817.909998,0.7687047638089826,A,Stock Sufficient
11,97,11_97,2179615.7399999998,16638.28809160305,1461.047561836851,131,207499,17362.220703125,2,3409.2849074159994,38133.726313666,8,133106.3047328244,Stock Sufficient,4750103433.649998,0.7690576508953951,A,Stock Sufficient
37,2,37_2,2175512.79,16606.96786259542,1008.3415624929778,131,39910,17716.34765625,1,1663.7635781134134,19380.111234363412,8,132855.74290076335,Stock Sufficient,4752278946.439998,0.7694098737004645,A,Stock Sufficient
35,17,35_17,2168890.56,16556.416488549617,3295.3695387514063,131,103681,15150.6240234375,2,7689.587886310125,37990.835933185124,1,16556.416488549617,Reorder Required,4754447836.999998,0.7697610243443236,A,Urgent Reorder - High Priority SKU
39,34,39_34,2162920.6,16510.844274809162,3209.259250342318,131,184109,16540.0703125,4,10590.555526129649,76750.83677612965,4,66043.37709923665,Reorder Required,4756610757.599998,0.770111208431669,A,Urgent Reorder - High Priority SKU
21,9,21_9,2157464.65,16469.195801526716,4081.9884157748306,131,140167,14997.0830078125,2,9525.12557541374,39519.29159103874,3,49407.58740458015,Stock Sufficient,4758768222.249998,0.770460509182441,A,Stock Sufficient
38,40,38_40,2157032.45,16465.896564885497,1595.8401557770167,131,39690,17810.865234375,3,4560.7257804313,57993.3214835563,2,32931.793129770995,Reorder Required,4760925254.699998,0.7708097399585859,A,Urgent Reorder - High Priority SKU
8,16,8_16,2155360.91,16453.136717557252,12185.00471192147,131,155078,8549.974609375,3,34823.32796499836,60473.25179312336,6,98718.82030534351,Stock Sufficient,4763080615.609998,0.7711587001068079,A,Stock Sufficient
40,80,40_80,2154540.88,16446.876946564884,1587.3942866650245,131,155083,16726.525390625,4,5238.4011459945805,72144.50270849458,1,16446.876946564884,Reorder Required,4765235156.489998,0.7715075274894272,A,Urgent Reorder - High Priority SKU
26,7,26_7,2152885.22,16434.23832061069,11646.638601252042,131,152513,12686.6650390625,3,33284.74016135641,71344.7352785439,2,32868.47664122138,Reorder Required,4767388041.709998,0.7718560868151488,A,Urgent Reorder - High Priority SKU
13,22,13_22,2148697.69,16402.27244274809,4643.182402918216,131,219622,17068.76171875,1,7661.250964815056,24730.012683565055,5,82011.36221374045,Stock Sufficient,4769536739.399998,0.772203968165742,A,Stock Sufficient
18,25,18_25,2143921.0,16365.809160305344,3002.99221587455,131,120653,16525.6796875,4,9909.874312386013,76012.59306238602,2,32731.618320610687,Reorder Required,4771680660.399998,0.7725510761542302,A,Urgent Reorder - High Priority SKU
25,23,25_23,2142294.33,16353.39183206107,5336.238103443833,131,128107,15514.1044921875,1,8804.792870682324,24318.897362869822,2,32706.78366412214,Stock Sufficient,4773822954.729998,0.7728979207793988,A,Stock Sufficient
35,1,35_1,2136747.39,16311.048778625955,6409.468696417588,131,103681,16043.525390625,4,21151.246698178038,85325.34826067803,7,114177.34145038167,Stock Sufficient,4775959702.119998,0.7732438673364084,A,Stock Sufficient
24,34,24_34,2131934.38,16274.30824427481,4362.612102556744,131,203819,15988.34375,3,12467.838595316223,60432.86984531622,4,65097.23297709924,Stock Sufficient,4778091636.499998,0.7735890346509833,A,Stock Sufficient
34,16,34_16,2131430.76,16270.463816793892,10561.622178907532,131,158114,9055.236328125,2,24645.04238801799,42755.51504426799,4,65081.85526717557,Stock Sufficient,4780223067.259998,0.7739341204277939,A,Stock Sufficient
13,67,13_67,2128215.68,16245.921221374047,6212.0111145035335,131,219622,14433.705078125,2,14495.432106776449,43362.84226302645,4,64983.684885496186,Stock Sufficient,4782351282.939999,0.7742786856723873,A,Stock Sufficient
15,9,15_9,2126769.45,16234.881297709924,6176.729347236524,131,123737,16015.4013671875,1,10191.603422940263,26207.004790127765,2,32469.76259541985,Stock Sufficient,4784478052.389998,0.7746230167675012,A,Stock Sufficient
25,16,25_16,2124598.73,16218.310916030534,14120.36550028076,131,128107,8828.505859375,2,32949.20045366764,50606.21217241764,2,32436.621832061068,Reorder Required,4786602651.119998,0.7749669964157787,A,Urgent Reorder - High Priority SKU
6,17,6_17,2123187.13,16207.53534351145,2883.584263904185,131,202505,15662.734375,1,4757.914035441905,20420.648410441907,2,32415.0706870229,Stock Sufficient,4788725838.249998,0.7753107475212898,A,Stock Sufficient
21,5,21_5,2116565.51,16156.988625954196,11163.456577206978,131,140167,12768.48046875,3,31903.862066688875,70209.30347293887,4,64627.954503816785,Reorder Required,4790842403.759998,0.7756534265643514,A,Urgent Reorder - High Priority SKU
37,8,37_8,2115811.31,16151.231374045801,898.9599730720997,131,39910,17305.078125,3,2569.1231730971836,54484.357548097185,1,16151.231374045801,Reorder Required,4792958215.069999,0.7759959834999078,A,Urgent Reorder - High Priority SKU
15,5,15_5,2113764.32,16135.605496183205,12424.1034506696,131,123737,12715.6328125,4,40999.541387209676,91862.07263720967,6,96813.63297709923,Stock Sufficient,4795071979.389998,0.776338209020929,A,Stock Sufficient
28,14,28_14,2108575.07,16095.992900763358,4985.636056162895,131,206302,13467.90234375,2,11633.744310675096,38569.548998175094,2,32191.985801526716,Reorder Required,4797180554.459998,0.7766795943849998,A,Urgent Reorder - High Priority SKU
34,82,34_82,2106678.56,16081.51572519084,5492.040737920936,131,158114,16206.8564453125,1,9061.867217569545,25268.723662882046,3,48244.54717557252,Stock Sufficient,4799287233.019999,0.7770206726977515,A,Stock Sufficient
42,2,42_2,2105543.34,16072.849923664122,1100.4412873657648,131,39690,16630.123046875,1,1815.7281241535118,18445.851171028513,1,16072.849923664122,Reorder Required,4801392776.359999,0.7773615672145842,A,Urgent Reorder - High Priority SKU
6,55,6_55,2102193.54,16047.278931297711,9327.199141926736,131,202505,9523.0654296875,2,21764.57501702135,40810.70587639635,8,128378.23145038169,Stock Sufficient,4803494969.899999,0.7777019193875804,A,Stock Sufficient
24,46,24_46,2100692.64,16035.821679389313,3522.945891495475,131,203819,14155.341796875,2,8220.626467778133,36531.31006152813,8,128286.57343511451,Stock Sufficient,4805595662.539999,0.7780420285598413,A,Stock Sufficient
35,46,35_46,2100159.14,16031.749160305344,4649.244767783263,131,103681,15116.259765625,3,13287.001455130223,58635.78075200522,5,80158.74580152672,Stock Sufficient,4807695821.679999,0.7783820513566657,A,Stock Sufficient
42,81,42_81,2097049.43,16008.010916030535,1462.3777193553137,131,39690,15554.6796875,2,3412.388766640459,34521.74814164046,5,80040.05458015268,Stock Sufficient,4809792871.11,0.7787215706810288,A,Stock Sufficient
3,95,3_95,2096663.74,16005.066717557253,3085.313961286833,131,37392,18380.23828125,3,8817.468888113144,63958.183731863144,5,80025.33358778627,Stock Sufficient,4811889534.849999,0.7790610275608894,A,Stock Sufficient
19,96,19_96,2094199.3699999999,15986.254732824427,4136.6815321303375,131,203819,16344.453125,3,11822.155270829659,60855.51464582966,3,47958.76419847328,Reorder Required,4813983734.219999,0.7794000854509954,A,Urgent Reorder - High Priority SKU
32,3,32_3,2090399.46,15957.247786259542,11252.646077332845,131,203007,13212.216796875,1,18566.866027599193,31779.082824474193,8,127657.98229007634,Stock Sufficient,4816074133.679999,0.779738528122949,A,Stock Sufficient
18,16,18_16,2087333.08,15933.840305343512,13004.511407325592,131,120653,9019.3828125,1,21457.443822087225,30476.826634587225,3,47801.52091603054,Stock Sufficient,4818161466.759999,0.7800764743377133,A,Stock Sufficient
23,25,23_25,2085693.05,15921.320992366413,4058.357986867227,131,114533,16517.603515625,1,6696.290678330924,23213.894193955923,6,95527.92595419848,Stock Sufficient,4820247159.809999,0.7804141550261293,A,Stock Sufficient
34,81,34_81,2085557.5,15920.286259541985,1192.7338452868776,131,158114,16597.22265625,3,3408.6947729073827,53200.36274165738,3,47760.85877862595,Reorder Required,4822332717.309999,0.7807518137685463,A,Urgent Reorder - High Priority SKU
34,11,34_11,2084156.96,15909.595114503816,4016.912746426495,131,158114,12163.4208984375,1,6627.906031603716,18791.326930041214,8,127276.76091603053,Stock Sufficient,4824416874.2699995,0.781089245758848,A,Stock Sufficient
36,96,36_96,2080718.02,15883.343664122138,2653.7393354287597,131,39910,13919.958984375,3,7584.078742361019,49343.955695486016,1,15883.343664122138,Reorder Required,4826497592.29,0.7814261209732488,A,Urgent Reorder - High Priority SKU
18,82,18_82,2070846.89,15807.991526717557,6672.856540330036,131,120653,13596.75,2,15570.792961522833,42764.292961522835,7,110655.9406870229,Stock Sufficient,4828568439.18,0.7817613980186507,A,Stock Sufficient
21,14,21_14,2069549.72,15798.089465648854,5229.0173972501825,131,140167,12152.130859375,1,8627.878705462801,20780.0095648378,6,94788.53679389313,Stock Sufficient,4830637988.900001,0.7820964650478863,A,Stock Sufficient
4,25,4_25,2068470.79,15789.853358778626,2649.0090289469535,131,205863,15193.341796875,1,4370.864897762473,19564.206694637473,8,126318.82687022901,Stock Sufficient,4832706459.690001,0.7824313573947421,A,Stock Sufficient
32,14,32_14,2064567.34,15760.056030534352,5897.975709020419,131,203007,14630.716796875,2,13762.645443102187,43024.079036852185,8,126080.44824427481,Stock Sufficient,4834771027.030001,0.7827656177599729,A,Stock Sufficient
45,5,45_5,2063941.95,15755.282061068701,11566.614248150026,131,118221,12575.0703125,2,26990.143521778216,52140.28414677821,4,63021.128244274805,Stock Sufficient,4836834968.9800005,0.7830997768724687,A,Stock Sufficient
20,3,20_3,2062571.96,15744.824122137405,7764.053891087574,131,203742,16335.185546875,4,25621.377840588993,90962.12002808899,8,125958.59297709924,Stock Sufficient,4838897540.940001,0.7834337141789962,A,Stock Sufficient
10,29,10_29,2055201.11,15688.558091603054,3877.0957148398343,131,126512,14210.3330078125,1,6397.207929485726,20607.540937298225,5,78442.79045801527,Stock Sufficient,4840952742.05,0.7837664581202285,A,Stock Sufficient
4,17,4_17,2054417.93,15682.57961832061,2549.578972430669,131,205863,15624.09765625,2,5949.321115901974,37197.51642840197,4,62730.31847328244,Stock Sufficient,4843007159.9800005,0.7840990752619966,A,Stock Sufficient
18,22,18_22,2049280.5,15643.362595419847,3315.550391871054,131,120653,15328.4326171875,3,9475.457860729684,55460.755712292186,8,125146.90076335878,Stock Sufficient,4845056440.4800005,0.7844308606366457,A,Stock Sufficient
13,87,13_87,2049275.3,15643.32290076336,2959.216259277885,131,219622,19343.921875,2,6905.190216978507,45593.03396697851,1,15643.32290076336,Reorder Required,4847105715.780001,0.7847626451693975,A,Urgent Reorder - High Priority SKU
14,55,14_55,2043955.56,15602.714198473283,12415.764987563309,131,200898,9882.650390625,1,20486.01222947946,30368.66262010446,5,78013.57099236641,Stock Sufficient,4849149671.340001,0.7850935684184309,A,Stock Sufficient
2,49,2_49,2038632.07,15562.076870229008,3054.586928350437,131,202307,15853.0078125,3,8729.654597463872,56288.67803496387,8,124496.61496183206,Stock Sufficient,4851188303.410001,0.7854236297766084,A,Stock Sufficient
10,71,10_71,2036266.13,15544.016259541984,3223.4744053991794,131,126512,14026.3701171875,2,7521.824016428813,35574.564250803815,2,31088.03251908397,Reorder Required,4853224569.540001,0.785753308081178,A,Urgent Reorder - High Priority SKU
35,9,35_9,2035733.59,15539.95106870229,6824.3080350568825,131,103681,11528.5390625,2,15924.197812032065,38981.275937032064,7,108779.65748091604,Stock Sufficient,4855260303.130001,0.7860829001657385,A,Stock Sufficient
40,96,40_96,2035523.04,15538.343816793893,3980.7779703393608,131,155083,15557.8916015625,4,13136.567302119889,75368.13370836989,4,62153.37526717557,Reorder Required,4857295826.170001,0.7864124581615488,A,Urgent Reorder - High Priority SKU
7,11,7_11,2034117.92,15527.617709923663,3870.3214791903793,131,70713,12275.8291015625,1,6386.030440664125,18661.859542226626,1,15527.617709923663,Reorder Required,4859329944.090001,0.7867417886637265,A,Urgent Reorder - High Priority SKU
45,9,45_9,2031197.8699999999,15505.327251908397,4856.241812314738,131,118221,13146.25,2,11331.809004679022,37624.309004679024,6,93031.96351145038,Stock Sufficient,4861361141.960001,0.7870706464000317,A,Stock Sufficient
11,22,11_22,2025865.58,15464.622748091604,3215.7556543486744,131,207499,15147.095703125,2,7503.812678435473,37798.004084685475,4,61858.490992366416,Stock Sufficient,4863387007.540001,0.7873986408207315,A,Stock Sufficient
41,10,41_10,2024846.57,15456.844045801527,2492.4839824535193,131,196321,17851.92578125,2,5816.092675772726,41519.94423827273,4,61827.376183206106,Stock Sufficient,4865411854.110001,0.7877264702603004,A,Stock Sufficient
17,74,17_74,2024551.23,15454.589541984733,6743.887231162964,131,93188,18071.203125,2,15736.539695951917,51878.94594595191,1,15454.589541984733,Reorder Required,4867436405.34,0.7880542518833343,A,Urgent Reorder - High Priority SKU
24,55,24_55,2016863.28,15395.90290076336,10141.061694498985,131,203819,10260.611328125,1,16732.751795923326,26993.363124048326,8,123167.22320610688,Stock Sufficient,4869453268.62,0.7883807888015214,A,Stock Sufficient
10,20,10_20,2016406.75,15392.417938931298,1913.2198466953025,131,126512,14257.501953125,2,4464.407400746487,32979.41130699649,2,30784.835877862595,Reorder Required,4871469675.37,0.7887072518059729,A,Urgent Reorder - High Priority SKU
12,82,12_82,2013021.94,15366.579694656488,3250.7808156954766,131,112238,15293.142578125,4,10727.576691795071,71900.14700429507,2,30733.159389312976,Reorder Required,4873482697.309999,0.7890331667983518,A,Urgent Reorder - High Priority SKU
32,79,32_79,2009125.95,15336.8393129771,1301.951098339713,131,203007,14391.150390625,3,3720.8249946359024,46894.2761665109,5,76684.1965648855,Stock Sufficient,4875491823.259999,0.7893584510169045,A,Stock Sufficient
6,81,6_81,2008218.95,15329.915648854962,1535.825303476979,131,202505,14572.8583984375,2,3583.775206461315,32729.492003336316,1,15329.915648854962,Reorder Required,4877500042.209999,0.7896835883891204,A,Urgent Reorder - High Priority SKU
22,11,22_11,2007407.43,15323.720839694655,10439.911711683124,131,119557,9884.0341796875,2,24361.036808855977,44129.10516823098,3,45971.16251908397,Stock Sufficient,4879507449.639999,0.7900085943735311,A,Stock Sufficient
21,82,21_82,2003687.56,15295.324885496184,4842.491654292059,131,140167,13369.4912109375,2,11299.723665744286,38038.706087619285,3,45885.97465648855,Stock Sufficient,4881511137.2,0.7903329980985334,A,Stock Sufficient
28,25,28_25,2003589.75,15294.57824427481,2243.335177005427,131,206302,14356.259765625,2,5234.7158032450425,33947.23533449504,8,122356.62595419848,Stock Sufficient,4883514726.95,0.7906573859877691,A,Stock Sufficient
42,96,42_96,2001623.31,15279.567251908398,1523.277756755557,131,39690,15983.1796875,3,4353.35087342128,52302.88993592128,7,106956.97076335878,Stock Sufficient,4885516350.26,0.7909814555037846,A,Stock Sufficient
1,14,1_14,2000759.12,15272.97038167939,5874.329813609432,131,151315,12760.0576171875,1,9692.644192455562,22452.701809643062,3,45818.91114503817,Stock Sufficient,4887517109.38,0.7913053851045454,A,Stock Sufficient
13,25,13_25,1997790.18,15250.30671755725,3683.829276065546,131,219622,14345.8125,1,6078.31830550815,20424.13080550815,8,122002.453740458,Stock Sufficient,4889514899.56,0.7916288340239792,A,Stock Sufficient
42,80,42_80,1995585.1300000001,15233.474274809161,1437.3214819448165,131,39690,13848.0703125,2,3353.921229873316,31050.061854873315,6,91400.84564885497,Stock Sufficient,4891510484.690001,0.7919519259384347,A,Stock Sufficient
7,4,7_4,1990763.09,15196.664809160306,2671.5935985971278,131,70713,15046.29296875,1,4408.12943768526,19454.42240643526,8,121573.31847328244,Stock Sufficient,4893501247.780001,0.7922742371484683,A,Stock Sufficient
39,10,39_10,1990553.35,15195.063740458016,2658.179285814414,131,184109,17598.244140625,2,6202.7347754096545,41399.223056659655,4,60780.25496183206,Stock Sufficient,4895491801.130001,0.7925965144008937,A,Stock Sufficient
44,40,44_40,1989925.44,15190.270534351144,1194.5960201503033,131,39910,17297.5859375,3,3414.016652342834,55306.774464842834,7,106331.893740458,Stock Sufficient,4897481726.570001,0.7929186899925875,A,Stock Sufficient
10,24,10_24,1988439.85,15178.930152671757,7326.879321917871,131,126512,10443.1328125,1,12089.350881164486,22532.483693664486,6,91073.58091603054,Stock Sufficient,4899470166.420001,0.7932406250622862,A,Stock Sufficient
9,87,9_87,1987761.18,15173.749465648854,2672.1168557362353,131,125833,16652.46484375,2,6235.257431086092,39540.187118586095,1,15173.749465648854,Reorder Required,4901457927.600001,0.7935624502530395,A,Urgent Reorder - High Priority SKU
23,55,23_55,1987430.82,15171.227633587787,12094.96939591618,131,114533,9478.7763671875,3,34566.017491033825,63002.346592596325,8,121369.8210687023,Stock Sufficient,4903445358.420001,0.7938842219574025,A,Stock Sufficient
31,74,31_74,1986151.85,15161.464503816795,2317.6771890156324,131,203750,13922.693359375,3,6623.65216741551,48391.73224554051,1,15161.464503816795,Reorder Required,4905431510.270001,0.7942057865922402,A,Urgent Reorder - High Priority SKU
29,1,29_1,1984473.77,15148.654732824427,8107.670962675582,131,93638,14067.8984375,1,13377.65708841471,27445.555525914708,1,15148.654732824427,Reorder Required,4907415984.040002,0.7945270795403071,A,Urgent Reorder - High Priority SKU
42,13,42_13,1982472.91,15133.380992366412,1131.4370370951033,131,39690,15856.3076171875,3,3233.515615792953,50802.43846735545,2,30266.761984732824,Reorder Required,4909398456.950002,0.7948480485424403,A,Urgent Reorder - High Priority SKU
16,13,16_13,1981161.33,15123.368931297711,2017.5520365334778,131,57197,15386.0888671875,3,5765.929346413571,51924.19594797607,8,120986.95145038169,Stock Sufficient,4911379618.280002,0.7951688051953799,A,Stock Sufficient
2,25,2_25,1979940.7,15114.051145038167,3274.9350484186684,131,202307,13657.392578125,1,5403.642829890802,19061.035408015803,6,90684.306870229,Stock Sufficient,4913359558.980001,0.7954893642242354,A,Stock Sufficient
32,16,32_16,1977206.3,15093.17786259542,11910.895307192033,131,203007,8899.23046875,4,39305.954513733705,74902.87638873371,3,45279.53358778626,Reorder Required,4915336765.280002,0.7958094805445752,A,Urgent Reorder - High Priority SKU
45,79,45_79,1977042.48,15091.927328244275,1059.9700368652111,131,118221,14545.3173828125,1,1748.9505608275983,16294.267943640098,3,45275.78198473283,Stock Sufficient,4917313807.760001,0.7961295703419085,A,Stock Sufficient
4,98,4_98,1976534.55,15088.050000000001,3278.571458899323,131,205863,15777.8955078125,2,7650.390366934865,39206.181382559866,1,15088.050000000001,Reorder Required,4919290342.310001,0.7964495779036741,A,Urgent Reorder - High Priority SKU
7,13,7_13,1971444.92,15049.19786259542,2090.949607725934,131,70713,15451.982421875,2,4879.131334249786,35783.09617799979,1,15049.19786259542,Reorder Required,4921261787.230001,0.7967687614373008,A,Urgent Reorder - High Priority SKU
11,16,11_16,1971347.88,15048.45709923664,8967.89342286972,131,207499,9608.283203125,1,14797.024147735037,24405.307350860036,3,45145.37129770992,Stock Sufficient,4923233135.110002,0.7970879292598266,A,Stock Sufficient
21,3,21_3,1969730.97,15036.11427480916,13528.73325326859,131,140167,17453.076171875,3,38663.548038567846,91022.77655419285,8,120288.91419847329,Stock Sufficient,4925202866.080002,0.7974068352992095,A,Stock Sufficient
32,11,32_11,1969150.25,15031.681297709923,2866.422582942663,131,203007,14342.611328125,4,9459.194523710788,66829.63983621079,2,30063.362595419847,Reorder Required,4927172016.330002,0.7977256473180799,A,Urgent Reorder - High Priority SKU
9,11,9_11,1966602.27,15012.231068702291,3561.3650909022663,131,125833,13932.3662109375,3,10177.967714879049,51975.06634769155,6,90073.38641221375,Stock Sufficient,4929138618.600002,0.7980440468104568,A,Stock Sufficient
18,17,18_17,1966190.91,15009.090916030535,3523.435704479022,131,120653,13984.1845703125,4,11627.337824780772,67564.07610603077,5,75045.45458015267,Stock Sufficient,4931104809.510002,0.7983623797022723,A,Stock Sufficient
26,97,26_97,1964248.37,14994.262366412215,2609.4655665058604,131,152513,15690.4150390625,3,7457.549453952928,54528.79457114043,2,29988.52473282443,Reorder Required,4933069057.880002,0.7986803980903575,A,Urgent Reorder - High Priority SKU
42,4,42_4,1963218.23,14986.398702290076,1078.440508833436,131,39690,15008.5205078125,1,1779.4268395751694,16787.947347387668,8,119891.18961832061,Stock Sufficient,4935032276.110002,0.7989982496953273,A,Stock Sufficient
11,87,11_87,1960211.86,14963.4493129771,2447.4814972023773,131,207499,17196.44140625,3,6994.617801169782,58583.942019919785,3,44890.3479389313,Reorder Required,4936992487.970001,0.7993156145589279,A,Urgent Reorder - High Priority SKU
34,79,34_79,1957786.28,14944.933435114504,1110.165005289942,131,158114,15382.595703125,4,3663.5445174568085,65193.92732995681,7,104614.53404580153,Stock Sufficient,4938950274.250001,0.7996325867130046,A,Stock Sufficient
10,33,10_33,1957118.05,14939.832442748091,6652.510460656082,131,126512,10344.7099609375,1,10976.642260082534,21321.35222102003,6,89638.99465648855,Stock Sufficient,4940907392.300001,0.7999494506784072,A,Stock Sufficient
8,23,8_23,1956300.31,14933.590152671755,4963.718127120029,131,155078,14322.078125,3,14185.729784527159,57151.96415952716,2,29867.18030534351,Reorder Required,4942863692.610002,0.8002661822489655,B,Reorder Required - Medium Priority
13,98,13_98,1952895.0,14907.595419847328,2155.981533901316,131,219622,14780.4794921875,2,5030.880237024164,34591.83922139916,1,14907.595419847328,Reorder Required,4944816587.610002,0.8005823624884327,B,Reorder Required - Medium Priority
8,82,8_82,1951206.47,14894.705877862596,5141.22614704147,131,155078,14118.099609375,1,8483.023142618424,22601.122751993425,3,44684.11763358779,Stock Sufficient,4946767794.080002,0.8008982693492391,B,Stock Sufficient
32,74,32_74,1948911.45,14877.186641221373,2146.392597834655,131,203007,16435.220703125,2,5008.504911357732,37878.94631760773,6,89263.11984732824,Stock Sufficient,4948716705.530002,0.801213804638623,B,Stock Sufficient
16,4,16_4,1947783.97,14868.579923664121,1959.401190772518,131,57197,14720.041015625,4,6466.023929549309,65346.18799204931,4,59474.319694656486,Reorder Required,4950664489.500002,0.8015291573852198,B,Reorder Required - Medium Priority
21,10,21_10,1943735.8800000001,14837.678473282444,2140.183580594278,131,140167,13373.908203125,1,3531.3029079805583,16905.211111105556,1,14837.678473282444,Reorder Required,4952608225.380002,0.8018438547324911,B,Reorder Required - Medium Priority
7,46,7_46,1943317.95,14834.488167938931,3522.3706738848923,131,70713,12728.8037109375,4,11623.823223820144,62539.038067570145,8,118675.90534351145,Stock Sufficient,4954551543.330002,0.802158484415496,B,Stock Sufficient
15,16,15_16,1942244.9,14826.296946564884,14370.081589016752,131,123737,7156.9423828125,4,47421.26924375528,76049.03877500529,2,29652.593893129768,Reorder Required,4956493788.230001,0.8024729403681129,B,Reorder Required - Medium Priority
25,9,25_9,1936667.63,14783.722366412212,5436.138754956759,131,128107,13618.6044921875,2,12684.970904433038,39922.17988880804,3,44351.167099236634,Stock Sufficient,4958430455.860002,0.8027864933420422,B,Stock Sufficient
17,11,17_11,1924480.86,14690.69358778626,4253.452231274852,131,93188,15491.265625,3,12155.872364023162,58629.66923902316,6,88144.16152671757,Stock Sufficient,4960354936.720001,0.803098073237103,B,Stock Sufficient
21,1,21_1,1918336.67,14643.7913740458,6053.791719400808,131,140167,12757.5234375,1,9988.756337011333,22746.279774511335,1,14643.7913740458,Reorder Required,4962273273.390001,0.80340865836723,B,Reorder Required - Medium Priority
45,46,45_46,1916695.67,14631.264656488549,3940.749282737463,131,118221,11765.3125,2,9195.550784572955,32726.175784572955,2,29262.529312977098,Reorder Required,4964189969.060001,0.8037189778139623,B,Reorder Required - Medium Priority
45,81,45_81,1916220.75,14627.639312977099,1063.9904508566517,131,118221,14478.5458984375,4,3511.1684878269502,61425.35208157695,7,102393.47519083969,Stock Sufficient,4966106189.810001,0.8040292203695564,B,Stock Sufficient
18,91,18_91,1912450.15,14598.856106870227,9480.581242071003,131,120653,25547.037109375,1,15642.959049417153,41189.99615879216,1,14598.856106870227,Reorder Required,4968018639.960001,0.8043388524523852,B,Reorder Required - Medium Priority
35,3,35_3,1912365.65,14598.211068702289,14143.268855360582,131,103681,19952.15234375,4,46672.78722268992,126481.39659768992,5,72991.05534351144,Reorder Required,4969931005.610001,0.8046484708543811,B,Reorder Required - Medium Priority
16,8,16_8,1909836.65,14578.90572519084,1456.604205380039,131,57197,14410.8037109375,1,2403.3969388770643,16814.200649814564,8,116631.24580152672,Stock Sufficient,4971840842.26,0.804957679802809,B,Stock Sufficient
35,10,35_10,1908262.53,14566.889541984732,2404.543350931848,131,103681,14388.4091796875,4,7934.993058075099,65488.629776825095,6,87401.3372519084,Stock Sufficient,4973749104.79,0.8052666338959382,B,Stock Sufficient
14,67,14_67,1901279.46,14513.583664122138,6828.362502771487,131,200898,10041.134765625,1,11266.798129572953,21307.932895197955,2,29027.167328244275,Stock Sufficient,4975650384.25,0.8055744574066527,B,Stock Sufficient
24,74,24_74,1899124.58,14497.134198473283,2384.802852605174,131,203819,15212.779296875,2,5564.8238872714655,35990.382481021465,5,72485.67099236642,Stock Sufficient,4977549508.83,0.80588193203508,B,Stock Sufficient
7,16,7_16,1896855.22,14479.810839694655,12400.877050511324,131,70713,7480.0126953125,3,35440.266031335814,57880.304117273314,4,57919.24335877862,Stock Sufficient,4979446364.05,0.8061890392465246,B,Stock Sufficient
8,1,8_1,1894636.55,14462.874427480916,7264.951823980895,131,155078,14286.35546875,3,20762.388361563906,63621.454767813906,8,115702.99541984733,Stock Sufficient,4981341000.6,0.8064957872478674,B,Stock Sufficient
29,4,29_4,1893243.52,14452.240610687024,1560.512952788655,131,93638,16278.41015625,3,4459.764738163816,53294.995206913816,7,101165.68427480917,Stock Sufficient,4983234244.120001,0.8068023097129889,B,Stock Sufficient
9,92,9_92,1891146.64,14436.23389312977,3066.4306837480676,131,125833,18928.18359375,2,7155.369970705308,45011.73715820531,1,14436.23389312977,Reorder Required,4985125390.760001,0.8071084926862173,B,Reorder Required - Medium Priority
35,25,35_25,1890306.09,14429.817480916032,2544.5620909613212,131,103681,14266.380859375,1,4198.52745008618,18464.908309461178,7,101008.72236641223,Stock Sufficient,4987015696.850001,0.8074145395715863,B,Stock Sufficient
23,67,23_67,1889067.93,14420.365877862594,4937.254503795665,131,114533,13059.4921875,1,8146.469931262847,21205.962118762847,5,72101.82938931297,Stock Sufficient,4988904764.780002,0.8077203859947054,B,Stock Sufficient
22,87,22_87,1888294.36,14414.46076335878,2121.1197401788363,131,119557,16605.783203125,1,3499.84757129508,20105.63077442008,7,100901.22534351147,Stock Sufficient,4990793059.140001,0.8080261071742513,B,Stock Sufficient
22,17,22_17,1883035.33,14374.315496183206,3009.2356183091306,131,119557,13445.4697265625,2,7021.9080092517825,33912.84746237678,6,86245.89297709924,Stock Sufficient,4992676094.470001,0.8083309768992312,B,Stock Sufficient
45,11,45_11,1878918.19,14342.886946564886,6506.590769604767,131,118221,10517.427734375,4,21471.74953969573,63541.46047719573,5,71714.43473282443,Stock Sufficient,4994555012.660001,0.8086351800454593,B,Stock Sufficient
17,10,17_10,1878793.27,14341.933358778626,2414.047526302793,131,93188,15161.91015625,2,5633.064940652541,35956.88525315254,2,28683.866717557252,Reorder Required,4996433805.930001,0.8089393629667214,B,Reorder Required - Medium Priority
17,14,17_14,1878345.86,14338.518015267176,6245.579289069918,131,93188,15760.2373046875,3,17849.14007475886,65129.85198882136,5,71692.59007633588,Stock Sufficient,4998312151.790001,0.8092434734508063,B,Stock Sufficient
7,90,7_90,1877700.45,14333.591221374045,4561.5830153968445,131,70713,13819.1279296875,2,10644.236734337212,38282.49259371221,5,71667.95610687023,Stock Sufficient,5000189852.240001,0.809547479440851,B,Stock Sufficient
40,23,40_23,1874250.3800000001,14307.254809160306,4929.862359754284,131,155083,14786.607421875,4,16268.545787189136,75414.97547468914,8,114458.03847328245,Stock Sufficient,5002064102.620001,0.809850926853011,B,Stock Sufficient
16,46,16_46,1872305.12,14292.405496183206,3473.7966428087825,131,57197,10521.2646484375,4,11463.528921268982,53548.58751501898,3,42877.21648854962,Reorder Required,5003936407.740001,0.8101540593210633,B,Reorder Required - Medium Priority
26,82,26_82,1871352.47,14285.133358778627,4891.967813924028,131,152513,14730.8818359375,2,11415.173928087635,40876.937599962635,6,85710.80015267176,Stock Sufficient,5005807760.210001,0.810457037551891,B,Stock Sufficient
7,23,7_23,1861997.45,14213.720992366412,4343.115185012297,131,70713,14288.7119140625,2,10134.452456028326,38711.876284153324,6,85282.32595419847,Stock Sufficient,5007669757.660001,0.8107585011736568,B,Stock Sufficient
4,87,4_87,1859923.5,14197.889312977099,2427.936634068652,131,205863,17500.568359375,3,6938.760852811705,59440.465930936705,2,28395.778625954197,Reorder Required,5009529681.160001,0.8110596290159732,B,Reorder Required - Medium Priority
15,11,15_11,1859674.95,14195.991984732824,7127.106860287636,131,123737,10460.7216796875,4,23519.4526389492,65362.339357699195,8,113567.93587786259,Stock Sufficient,5011389356.110001,0.8113607166172124,B,Stock Sufficient
45,10,45_10,1856569.34,14172.28503816794,1778.0138050499688,131,118221,12575.97265625,3,5081.356907393927,42809.27487614393,3,42516.85511450382,Reorder Required,5013245925.450001,0.8116613014097941,B,Reorder Required - Medium Priority
10,90,10_90,1855597.33,14164.865114503817,1088.9843073365098,131,126512,14276.6337890625,3,3112.1906457708596,45942.09201295836,8,113318.92091603053,Stock Sufficient,5015101522.780001,0.8119617288307021,B,Stock Sufficient
9,7,9_7,1854187.93,14154.106335877863,9282.173693213595,131,125833,12776.734375,2,21659.510276654953,47212.97902665495,6,84924.63801526718,Stock Sufficient,5016955710.710001,0.8122619280650308,B,Stock Sufficient
13,18,13_18,1852753.07,19100.547113402063,22011.767769384125,97,219622,14687.431640625,3,62907.075232617586,106969.37015449259,2,38201.094226804125,Reorder Required,5018808463.780001,0.8125618949907213,B,Reorder Required - Medium Priority
27,55,27_55,1849987.49,14122.041908396946,11272.701781394946,131,204184,8429.7470703125,3,32216.07216951459,57505.31338045209,2,28244.083816793893,Reorder Required,5020658451.27,0.8128614141597496,B,Reorder Required - Medium Priority
14,25,14_25,1847396.92,14102.266564885496,3435.3894297367992,131,200898,12017.8720703125,1,5668.392559065718,17686.264629378216,2,28204.533129770993,Stock Sufficient,5022505848.190001,0.8131605139068206,B,Stock Sufficient
20,22,20_22,1841929.11,14060.52755725191,5122.880987184862,131,203742,14551.7255859375,1,8452.753628855022,23004.47921479252,2,28121.05511450382,Stock Sufficient,5024347777.3,0.8134587283971446,B,Stock Sufficient
37,97,37_97,1839220.72,14039.85282442748,841.6842941080196,131,39910,14736.8427734375,1,1388.7790852782323,16125.621858715733,1,14039.85282442748,Reorder Required,5026186998.02,0.8137565043900591,B,Reorder Required - Medium Priority
45,34,45_34,1839125.57,14039.126488549618,3512.3584638464413,131,118221,13821.693359375,1,5795.391465346628,19617.084824721627,7,98273.88541984733,Stock Sufficient,5028026123.59,0.8140542649778699,B,Stock Sufficient
33,38,33_38,1835904.66,14014.539389312977,5160.952303220308,131,39690,20020.962890625,3,14749.402147618364,74812.29081949337,2,28029.078778625953,Reorder Required,5029862028.25,0.814351504089567,B,Reorder Required - Medium Priority
15,74,15_74,1829084.09,13962.47396946565,2229.3133361127766,131,123737,13667.0107421875,2,5201.996505271333,32536.017989646334,5,69812.36984732824,Stock Sufficient,5031691112.34,0.8146476389281435,B,Stock Sufficient
7,8,7_8,1821969.63,13908.165114503816,1295.3827046056053,131,70713,15019.294921875,3,3702.0532883777764,48759.93805400278,8,111265.32091603053,Stock Sufficient,5033513081.97,0.8149426219118243,B,Stock Sufficient
40,82,40_82,1821615.28,13905.460152671756,5007.555239103284,131,155083,14532.2216796875,2,11684.891680229313,40749.33503960431,5,69527.30076335878,Stock Sufficient,5035334697.25,0.8152375475250536,B,Stock Sufficient
2,98,2_98,1820934.06,13900.26,2390.0269411069244,131,202307,13619.193359375,2,5577.014049008317,32815.400767758314,3,41700.78,Stock Sufficient,5037155631.31,0.815532362846484,B,Stock Sufficient
17,23,17_23,1818504.09,13881.710610687023,3585.722417007325,131,93188,14591.671875,3,10247.578123357349,54022.59374835735,1,13881.710610687023,Reorder Required,5038974135.400001,0.815826784747635,B,Reorder Required - Medium Priority
31,34,31_34,1816987.02,13870.129923664123,2325.1597843293057,131,203750,12574.775390625,1,3836.513644143354,16411.289034768353,5,69350.64961832062,Stock Sufficient,5040791122.420001,0.8161209610300735,B,Stock Sufficient
12,55,12_55,1814782.6,13853.302290076337,7159.9343282444415,131,112238,9546.0537109375,2,16707.365783961577,35799.47320583658,4,55413.20916030535,Stock Sufficient,5042605905.020001,0.8164147804095326,B,Stock Sufficient
41,11,41_11,1814519.7,13851.295419847327,2983.7594347676586,131,196321,14325.3525390625,1,4923.203067366637,19248.555606429138,7,96959.06793893129,Stock Sufficient,5044420424.720001,0.8167085572246016,B,Stock Sufficient
34,23,34_23,1805419.88,13781.831145038168,4022.373944284384,131,158114,11731.8896484375,3,11495.47746359393,46691.14640890643,4,55127.32458015267,Stock Sufficient,5046225844.600001,0.8170008607483431,B,Stock Sufficient
20,32,20_32,1803378.73,13766.249847328245,7814.590034535007,131,203742,11708.9306640625,1,12894.073556982761,24603.00422104526,3,41298.74954198473,Stock Sufficient,5048029223.330001,0.817292833803065,B,Stock Sufficient
24,17,24_17,1800794.81,13746.525267175573,3211.609012998919,131,203819,13987.537109375,4,10598.309742896432,66548.45818039644,8,109972.20213740459,Stock Sufficient,5049830018.140001,0.8175843885124873,B,Stock Sufficient
19,67,19_67,1799157.46,13734.02641221374,5604.715676629548,131,203819,10971.0234375,1,9247.780866438754,20218.804303938756,5,68670.1320610687,Stock Sufficient,5051629175.600001,0.8178756781294622,B,Stock Sufficient
5,8,5_8,1798872.45,13731.850763358778,989.5220165472425,131,34875,14889.6845703125,1,1632.7113273029502,16522.39589761545,7,96122.95534351145,Stock Sufficient,5053428048.050001,0.8181669216023636,B,Stock Sufficient
4,32,4_32,1798126.31,13726.155038167939,8016.393566283201,131,205863,10682.265625,2,18705.872629550908,40070.40387955091,1,13726.155038167939,Reorder Required,5055226174.360002,0.8184580442727007,B,Reorder Required - Medium Priority
2,17,2_17,1797599.77,13722.135648854963,3128.291634403697,131,202307,13433.462890625,1,5161.6811967661,18595.144087391098,8,109777.0851908397,Stock Sufficient,5057023774.130002,0.8187490816944489,B,Stock Sufficient
12,26,12_26,1796301.45,13712.224809160305,3275.598042077049,131,112238,13496.0673828125,4,10809.473538854261,64793.74307010426,4,54848.89923664122,Reorder Required,5058820075.580002,0.8190399089138418,B,Reorder Required - Medium Priority
6,80,6_80,1795932.6,13709.409160305344,1328.541255045166,131,202505,14009.244140625,3,3796.816573587756,45824.548995462756,3,41128.22748091603,Reorder Required,5060616008.180002,0.8193306764151846,B,Reorder Required - Medium Priority
23,96,23_96,1794903.75,13701.55534351145,3900.4382793995183,131,114533,15707.0234375,1,6435.723161009205,22142.746598509206,2,27403.1106870229,Stock Sufficient,5062410911.930002,0.8196212773422675,B,Stock Sufficient
7,5,7_5,1792674.15,13684.535496183205,8215.19795168782,131,70713,10820.841796875,1,13555.076620284903,24375.918417159904,4,54738.14198473282,Stock Sufficient,5064203586.080002,0.819911517289645,B,Stock Sufficient
24,96,24_96,1792207.88,13680.976183206107,4549.275070042471,131,203819,13064.5595703125,4,15012.607731140155,67270.84601239016,1,13680.976183206107,Reorder Required,5065995793.960002,0.8202016817463481,B,Reorder Required - Medium Priority
45,82,45_82,1787795.88,13647.296793893129,6857.86230382766,131,118221,12957.5361328125,2,16002.495100284455,41917.567365909454,6,81883.78076335878,Stock Sufficient,5067783589.840002,0.8204911318854785,B,Stock Sufficient
15,34,15_34,1787206.42,13642.79709923664,3548.515583195425,131,123737,11658.2138671875,2,8280.29212567795,31596.719860052952,5,68213.9854961832,Stock Sufficient,5069570796.260002,0.820780486589061,B,Stock Sufficient
42,79,42_79,1786205.65,13635.157633587785,1134.6754127074482,131,39690,12466.3818359375,2,2647.711039944568,27580.474711819566,8,109081.26106870228,Stock Sufficient,5071357001.910002,0.8210696792646296,B,Stock Sufficient
40,16,40_16,1781594.01,13599.95427480916,11925.63469571075,131,155083,6955.076171875,3,34082.078589037425,54947.307104662425,6,81599.72564885496,Stock Sufficient,5073138595.920002,0.821358125300241,B,Stock Sufficient
19,55,19_55,1775370.3,13552.44503816794,10566.189751536105,131,203819,9792.6796875,3,30196.94286192227,59574.981924422274,7,94867.11526717558,Stock Sufficient,5074913966.220002,0.8216455636963641,B,Stock Sufficient
10,18,10_18,1773853.05,20868.859411764708,29224.471096988193,85,126512,9040.498046875,2,68193.91157459302,86274.90766834302,3,62606.578235294124,Reorder Required,5076687819.270002,0.821932756444632,B,Reorder Required - Medium Priority
22,3,22_3,1770957.53,13518.759770992367,11316.669646764281,131,119557,15730.880859375,4,37345.009834322125,100268.53327182212,3,40556.2793129771,Reorder Required,5078458776.800002,0.8222194803985167,B,Reorder Required - Medium Priority
9,9,9_9,1769379.24,13506.711755725191,4323.199536224473,131,125833,17970.369140625,2,10087.980238006647,46028.71851925665,4,54026.847022900765,Stock Sufficient,5080228156.040002,0.8225059488219657,B,Stock Sufficient
15,1,15_1,1766174.75,13482.25,7738.5913664592035,131,123737,12089.0517578125,1,12768.675754657685,24857.727512470185,4,53929.0,Stock Sufficient,5081994330.790002,0.8227918984277539,B,Stock Sufficient
11,80,11_80,1764108.46,13466.476793893129,1322.8158389210537,131,207499,14226.2421875,3,3780.453999412386,46459.180561912384,2,26932.953587786258,Reorder Required,5083758439.250002,0.8230775134942726,B,Reorder Required - Medium Priority
28,11,28_11,1762285.58,13452.561679389313,2747.412381168073,131,206302,11294.34375,1,4533.23042892732,15827.57417892732,2,26905.123358778626,Stock Sufficient,5085520724.830002,0.8233628334304156,B,Stock Sufficient
6,25,6_25,1756048.62,13404.951297709924,3408.978757139265,131,202505,11148.35546875,1,5624.814949279787,16773.170418029786,8,107239.61038167939,Stock Sufficient,5087276773.450002,0.8236471435818511,B,Stock Sufficient
26,23,26_23,1755070.68,13397.486106870228,4283.498515911888,131,152513,14714.8837890625,2,9995.339797752567,39425.10737587757,5,66987.43053435114,Stock Sufficient,5089031844.130002,0.8239312954015261,B,Stock Sufficient
1,3,1_3,1752032.41,13374.29320610687,9059.639077836317,131,151315,16773.69921875,3,25891.396048730767,76212.49370498076,5,66871.46603053434,Reorder Required,5090783876.540002,0.8242149553151149,B,Reorder Required - Medium Priority
43,79,43_79,1748746.27,13349.208167938932,6644.976549590131,131,41062,10993.361328125,2,15505.736330834536,37492.45898708454,5,66746.04083969466,Stock Sufficient,5092532622.810002,0.8244980831916346,B,Stock Sufficient
16,5,16_5,1745129.15,13321.596564885496,8099.206540343486,131,57197,11297.0830078125,4,26727.381583133505,71915.71361438351,6,79929.57938931297,Stock Sufficient,5094277751.960002,0.824780625444315,B,Stock Sufficient
36,2,36_2,1740239.96,13284.274503816794,1451.7856029938882,131,39910,11809.759765625,2,3387.672567529731,27007.19209877973,8,106274.19603053435,Stock Sufficient,5096017991.920002,0.8250623761207636,B,Stock Sufficient
20,21,20_21,1737997.77,13267.158549618322,2668.6545799243017,131,203742,12137.02734375,2,6227.1783753597365,30501.233062859737,1,13267.158549618322,Reorder Required,5097755989.690002,0.8253437637791438,B,Reorder Required - Medium Priority
11,17,11_17,1731296.17,13216.001297709923,2428.016378514773,131,207499,12846.6416015625,3,6938.9887531750055,45478.91355786251,1,13216.001297709923,Reorder Required,5099487285.8600025,0.8256240664260445,B,Reorder Required - Medium Priority
39,22,39_22,1731158.99,13214.954122137404,3367.129269037275,131,184109,13940.572265625,1,5555.763293911504,19496.335559536503,4,52859.816488549615,Stock Sufficient,5101218444.850002,0.8259043468630438,B,Stock Sufficient
15,4,15_4,1729197.89,13199.98389312977,1329.0038546477479,131,123737,13385.2900390625,4,4385.712720337568,57926.87287658757,5,65999.91946564885,Stock Sufficient,5102947642.740003,0.8261843097913869,B,Stock Sufficient
10,67,10_67,1727842.96,13189.640916030534,5176.120615995142,131,126512,10815.2978515625,2,12078.23095977186,33708.826662896856,7,92327.48641221374,Stock Sufficient,5104675485.700003,0.8264640533520261,B,Stock Sufficient
30,97,30_97,1723900.2,13159.543511450382,1032.6019093762975,131,42988,13344.6064453125,2,2409.5273808743173,29098.74027149932,5,65797.7175572519,Stock Sufficient,5106399385.9000025,0.8267431585666195,B,Stock Sufficient
30,4,30_4,1723621.64,13157.41709923664,1093.9087928247097,131,42988,13093.29296875,3,3126.2642532309114,42406.14315948091,3,39472.25129770992,Reorder Required,5108123007.540003,0.8270222186814163,B,Reorder Required - Medium Priority
21,11,21_11,1722176.36,13146.384427480916,3071.660306845384,131,140167,10374.181640625,4,10136.479012589767,51633.20557508977,5,65731.92213740459,Stock Sufficient,5109845183.9000025,0.8273010448005418,B,Stock Sufficient
41,34,41_34,1713667.8,13081.43358778626,2671.3593697099295,131,196321,12207.62890625,2,6233.489873516772,30648.747686016774,3,39244.30076335878,Stock Sufficient,5111558851.700003,0.8275784933553136,B,Stock Sufficient
17,81,17_81,1712615.15,13073.398091603052,2533.006191816391,131,93188,15849.021484375,2,5910.649321568913,37608.69229031891,4,52293.59236641221,Stock Sufficient,5113271466.850002,0.8278557714825259,B,Stock Sufficient
43,8,43_8,1707972.88,13037.960916030534,954.0221001064195,131,41062,13300.3701171875,3,2726.484335731002,42627.5946872935,7,91265.72641221373,Stock Sufficient,5114979439.730002,0.8281322980106811,B,Stock Sufficient
40,79,40_79,1706832.57,13029.256259541986,1544.2012731522832,131,155083,12844.2099609375,3,4413.147852650296,42945.7777354628,6,78175.53755725191,Stock Sufficient,5116686272.300002,0.8284086399188293,B,Stock Sufficient
40,11,40_11,1700066.04,12977.603358778626,5239.96066309084,131,155083,12287.306640625,3,14975.198861923805,51837.1187837988,5,64888.016793893126,Stock Sufficient,5118386338.340002,0.8286838863031137,B,Stock Sufficient
19,25,19_25,1696784.73,12952.555190839694,3049.537350955778,131,203819,13201.2021484375,1,5031.736629077033,18232.938777514533,3,38857.66557251908,Stock Sufficient,5120083123.070002,0.8289586014323221,B,Stock Sufficient
26,11,26_11,1695728.82,12944.494809160306,5157.037103739429,131,152513,12235.2529296875,1,8509.111221170057,20744.364150857557,4,51777.97923664122,Stock Sufficient,5121778851.890001,0.8292331456061661,B,Stock Sufficient
28,49,28_49,1693002.77,12923.685267175573,2410.1273381377528,131,206302,11939.09375,3,6887.863953902783,42705.14520390278,5,64618.42633587787,Stock Sufficient,5123471854.660002,0.8295072484233874,B,Stock Sufficient
9,10,9_10,1691910.66,12915.34854961832,1848.3032840693977,131,125833,14363.857421875,2,4312.927693320962,33040.64253707096,2,25830.69709923664,Reorder Required,5125163765.320002,0.8297811744243427,B,Reorder Required - Medium Priority
26,16,26_16,1690373.18,12903.612061068701,12276.813588025048,131,152513,6819.771484375,3,35085.70706769372,55545.02152081872,2,25807.224122137402,Reorder Required,5126854138.500002,0.8300548515021383,B,Reorder Required - Medium Priority
30,2,30_2,1689727.92,12898.68641221374,857.8105029569052,131,42988,12583.931640625,2,2001.6599579257731,27169.523239175775,2,25797.37282442748,Reorder Required,5128543866.420002,0.8303284241101792,B,Reorder Required - Medium Priority
11,81,11_81,1689341.8699999999,12895.739465648854,855.6115065822017,131,207499,12979.125,1,1411.7589858606327,14390.883985860633,5,64478.69732824427,Stock Sufficient,5130233208.290002,0.8306019342154324,B,Stock Sufficient
16,10,16_10,1688331.19,12888.024351145037,2509.9571092661195,131,57197,12007.451171875,1,4141.429230289097,16148.880402164097,2,25776.048702290074,Stock Sufficient,5131921539.480001,0.8308752806882095,B,Stock Sufficient
2,22,2_22,1684469.83,12858.548320610687,4352.733648069408,131,202307,12463.8779296875,2,10156.896681520835,35084.65254089583,6,77151.28992366412,Stock Sufficient,5133606009.310001,0.8311480019938734,B,Stock Sufficient
13,26,13_26,1684466.68,12858.52427480916,3646.638827549605,131,219622,13091.3984375,3,10421.670148179373,49695.86546067937,8,102868.19419847328,Stock Sufficient,5135290475.990002,0.8314207227895419,B,Stock Sufficient
27,25,27_25,1680007.28,12824.483053435115,2577.3344688038555,131,204184,13350.779296875,2,6014.087244914214,32715.645838664215,4,51297.93221374046,Stock Sufficient,5136970483.270001,0.8316927215934187,B,Stock Sufficient
2,55,2_55,1676806.08,12800.046412213742,8696.231038556969,131,202307,8897.478515625,1,14348.781213618999,23246.259729243997,7,89600.3248854962,Stock Sufficient,5138647289.350001,0.8319642021122968,B,Stock Sufficient
19,98,19_98,1674883.31,12785.368778625954,1684.3953292497847,131,203819,11555.1591796875,1,2779.2522932621446,14334.411472949645,1,12785.368778625954,Reorder Required,5140322172.660002,0.8322353713282739,B,Reorder Required - Medium Priority
23,26,23_26,1671324.79,12758.204503816794,4070.8434821534343,131,114533,16206.3828125,2,9499.11940355318,41911.88502855318,3,38274.613511450385,Reorder Required,5141993497.450002,0.8325059644079477,B,Reorder Required - Medium Priority
14,32,14_32,1670495.38,12751.873129770991,7500.4188523842895,131,200898,8133.85791015625,2,17501.870206459167,33769.58602677166,1,12751.873129770991,Reorder Required,5143663992.830002,0.8327764232033654,B,Reorder Required - Medium Priority
15,14,15_14,1667916.71,12732.188625954199,5391.868171240515,131,123737,10396.3583984375,2,12581.667605588655,33374.38440246366,1,12732.188625954199,Reorder Required,5145331909.540002,0.8330464645034757,B,Reorder Required - Medium Priority
35,26,35_26,1664065.9,12702.793129770991,3177.668404205314,131,103681,14917.4736328125,1,5243.152866938768,20160.62649975127,8,101622.34503816793,Stock Sufficient,5146995975.4400015,0.8333158823445533,B,Stock Sufficient
28,3,28_3,1661787.73,12685.40251908397,9139.903191121324,131,206302,15890.4580078125,2,21327.528835240497,53108.4448508655,3,38056.20755725191,Reorder Required,5148657763.170001,0.8335849313422797,B,Reorder Required - Medium Priority
28,74,28_74,1659118.68,12665.028091603053,2337.251709908659,131,206302,11144.779296875,3,6679.593874204402,40113.9317648294,3,37995.08427480916,Reorder Required,5150316881.850001,0.8338535482118743,B,Reorder Required - Medium Priority
29,5,29_5,1658278.61,12658.615343511452,9141.083176782995,131,93638,10511.3916015625,4,30165.574483383883,72211.14088963388,8,101268.92274809162,Stock Sufficient,5151975160.460001,0.8341220290713229,B,Stock Sufficient
1,55,1_55,1656497.69,12645.020534351144,6316.179673718832,131,151315,9799.8876953125,1,10421.696461636073,20221.58415694857,6,75870.12320610686,Stock Sufficient,5153631658.150001,0.8343902215938604,B,Stock Sufficient
10,91,10_91,1655196.39,12635.086946564885,877.7674694235922,131,126512,11717.50390625,2,2048.228588783446,25483.236401283444,8,101080.69557251908,Stock Sufficient,5155286854.540001,0.8346582034315709,B,Stock Sufficient
8,81,8_81,1653715.87,12623.785267175574,744.836859422485,131,155078,13042.8740234375,3,2128.6572183851395,41257.27928869764,4,50495.141068702294,Stock Sufficient,5156940570.410001,0.834925945568136,B,Stock Sufficient
35,90,35_90,1652880.39,12617.407557251907,2080.2426964330916,131,103681,14067.9990234375,2,4854.147266633372,32990.14531350837,6,75704.44534351144,Stock Sufficient,5158593450.800001,0.8351935524376917,B,Stock Sufficient
17,87,17_87,1652177.68,12612.043358778625,2868.378281168274,131,93188,17526.3046875,1,4732.824163927652,22259.128851427653,1,12612.043358778625,Reorder Required,5160245628.480001,0.8354610455361454,B,Reorder Required - Medium Priority
20,26,20_26,1647539.5,12576.637404580153,3478.514300890449,131,203742,14632.001953125,2,8116.947467026262,37380.951373276264,5,62883.18702290076,Stock Sufficient,5161893167.980001,0.8357277876977269,B,Stock Sufficient
28,87,28_87,1647091.87,12573.22038167939,1952.5419000351635,131,206302,14914.044921875,4,6443.388270116039,66099.56795761603,6,75439.32229007634,Stock Sufficient,5163540259.850001,0.8359944573865126,B,Stock Sufficient
4,67,4_67,1634162.94,12474.526259541984,4856.915212872393,131,205863,11017.4228515625,2,11333.380352811571,33368.22605593657,3,37423.57877862595,Stock Sufficient,5165174422.790001,0.8362590338382406,B,Stock Sufficient
40,14,40_14,1632498.27,12461.818854961832,5711.718949726436,131,155083,12248.28125,1,9424.336267048619,21672.617517048617,1,12461.818854961832,Reorder Required,5166806921.060001,0.8365233407743219,B,Reorder Required - Medium Priority
4,33,4_33,1627604.83,12424.46435114504,4681.578955164282,131,205863,10797.88671875,4,15449.21055204213,58640.75742704213,1,12424.46435114504,Reorder Required,5168434525.890001,0.8367868554460822,B,Reorder Required - Medium Priority
45,14,45_14,1626643.03,12417.122366412214,5479.456317390908,131,118221,10749.51171875,1,9041.102923694998,19790.614642444998,3,37251.36709923664,Stock Sufficient,5170061168.920001,0.837050214399202,B,Stock Sufficient
11,55,11_55,1623710.89,12394.73961832061,6872.034210387491,131,207499,9281.80859375,1,11338.85644713936,20620.665040889362,5,61973.698091603044,Stock Sufficient,5171684879.810001,0.8373130986290381,B,Stock Sufficient
5,2,5_2,1621953.96,12381.327938931297,935.15449416226,131,34875,12612.6826171875,1,1543.004915367729,14155.687532555228,3,37143.983816793894,Stock Sufficient,5173306833.770001,0.8375756984060244,B,Stock Sufficient
15,46,15_46,1618906.9,12358.067938931297,2617.812112757439,131,123737,10378.119140625,1,4319.389986049774,14697.509126674773,1,12358.067938931297,Reorder Required,5174925740.670001,0.837837804853794,B,Reorder Required - Medium Priority
19,22,19_22,1618208.58,12352.737251908398,3235.0353918898754,131,203819,12534.71484375,2,7548.801027846576,32618.230715346577,2,24705.474503816797,Reorder Required,5176543949.250001,0.8380997982412174,B,Reorder Required - Medium Priority
16,11,16_11,1613793.14,12319.031603053434,3329.3548637062313,131,57197,12274.4072265625,4,10986.871050230562,60084.49995648056,4,49276.126412213736,Reorder Required,5178157742.390001,0.8383610767541204,B,Reorder Required - Medium Priority
14,18,14_18,1608898.84,15773.518039215687,23308.174317893518,102,200898,10447.2998046875,3,66612.05454793498,97953.95396199748,4,63094.07215686275,Reorder Required,5179766641.230001,0.8386215628634657,B,Reorder Required - Medium Priority
27,26,27_26,1608873.4,12281.476335877862,2900.899878037106,131,204184,14577.0380859375,1,4786.484798761225,19363.522884698723,5,61407.381679389306,Stock Sufficient,5181375514.630001,0.8388820448539897,B,Stock Sufficient
6,49,6_49,1607617.06,12271.885954198473,2095.846098210891,131,202505,11432.2724609375,4,6916.2921240959395,52645.38196784594,4,49087.54381679389,Reorder Required,5182983131.6900015,0.839142323438861,B,Reorder Required - Medium Priority
25,5,25_5,1603934.72,12243.776488549618,9535.61104325061,131,128107,10501.04296875,4,31467.516442727014,73471.688317727,8,97950.21190839694,Stock Sufficient,5184587066.410002,0.8394020058405567,B,Stock Sufficient
27,67,27_67,1601739.94,12227.022442748092,5745.945112670605,131,204184,8946.4462890625,1,9480.809435906498,18427.255724969,3,36681.06732824427,Stock Sufficient,5186188806.350001,0.8396613329000213,B,Stock Sufficient
17,91,17_91,1600925.08,12220.80213740458,2204.8707079652286,131,93188,14539.0634765625,3,6301.264349021624,49918.45477870912,2,24441.60427480916,Reorder Required,5187789731.430001,0.8399205280309235,B,Reorder Required - Medium Priority
18,81,18_81,1599317.76,12208.53251908397,1972.6626285557616,131,120653,13798.435546875,1,3254.8933371170065,17053.328883992006,1,12208.53251908397,Reorder Required,5189389049.1900015,0.840179462931336,B,Reorder Required - Medium Priority
22,81,22_81,1597931.37,12197.949389312978,1249.1779519925249,131,119557,11478.083984375,3,3570.005472900716,38004.25742602572,6,73187.69633587787,Stock Sufficient,5190986980.560001,0.8404381733705654,B,Stock Sufficient
26,79,26_79,1596566.19,12187.52816793893,1224.4037001902984,131,152513,11888.7509765625,3,3499.2035392131306,39165.45646890063,6,73125.16900763358,Stock Sufficient,5192583546.750001,0.8406966627825815,B,Stock Sufficient
9,79,9_79,1596141.12,12184.283358778626,906.2242985916158,131,125833,13377.7548828125,1,1495.270092676166,14873.024975488666,7,85289.98351145038,Stock Sufficient,5194179687.870001,0.8409550833743414,B,Stock Sufficient
35,71,35_71,1595749.86,12181.296641221375,3334.005447669311,131,103681,9832.3046875,1,5501.108988654362,15333.413676154363,8,97450.373129771,Stock Sufficient,5195775437.7300005,0.8412134406197972,B,Stock Sufficient
24,22,24_22,1593617.17,12165.016564885496,3083.3250742451537,131,203819,12796.271484375,2,7194.792226384169,32787.33519513417,3,36495.04969465649,Stock Sufficient,5197369054.900001,0.8414714525756011,B,Stock Sufficient
41,17,41_17,1593339.53,12162.89717557252,2579.98342595579,131,196321,13839.6767578125,3,7373.292921127724,48892.32319456522,5,60814.4858778626,Stock Sufficient,5198962394.43,0.8417294195805594,B,Stock Sufficient
29,46,29_46,1590593.45,12141.934732824428,2465.9592091265195,131,93638,10834.5625,2,5754.198380379166,27423.323380379166,8,97135.47786259542,Stock Sufficient,5200552987.88,0.8419869419859707,B,Stock Sufficient
24,3,24_3,1580173.61,12062.39396946565,7497.415900457832,131,203819,16548.783203125,2,17494.86296114561,50592.42936739561,8,96499.1517557252,Stock Sufficient,5202133161.49,0.8422427773843969,B,Stock Sufficient
38,96,38_96,1578506.2,12049.665648854962,1459.0353346763045,131,39690,13357.0537109375,3,4169.753494001074,44240.914626813574,4,48198.662595419846,Stock Sufficient,5203711667.69,0.842498342823561,B,Stock Sufficient
36,13,36_13,1576039.26,12030.834045801526,1250.0456851600854,131,39910,10687.1455078125,4,4125.1507610282815,46873.73279227828,1,12030.834045801526,Reorder Required,5205287706.95,0.8427535088568789,B,Reorder Required - Medium Priority
25,3,25_3,1575595.96,12027.450076335877,7996.5298040447615,131,128107,13251.279296875,2,18659.52148632127,45162.080080071275,4,48109.80030534351,Stock Sufficient,5206863302.91,0.8430086031184426,B,Stock Sufficient
39,80,39_80,1574971.59,12022.683893129772,983.043147259157,131,184109,13247.8515625,3,2809.4231171907013,42552.9778046907,3,36068.05167938932,Reorder Required,5208438274.5,0.8432635962924127,B,Reorder Required - Medium Priority
36,81,36_81,1574427.52,12018.530687022901,1678.1462862255482,131,39910,10058.404296875,2,3915.87444208325,24032.68303583325,8,96148.24549618321,Stock Sufficient,5210012702.02,0.843518501379628,B,Stock Sufficient
2,67,2_67,1571207.22,11993.948244274809,5615.979681472459,131,202307,9763.287109375,1,9266.366474429557,19029.653583804557,4,47975.792977099234,Stock Sufficient,5211583909.240001,0.8437728850894908,B,Stock Sufficient
22,67,22_67,1570685.25,11989.963740458015,4835.57500460069,131,119557,9980.9638671875,3,13819.511626434527,43762.40322799703,5,59949.818702290075,Stock Sufficient,5213154594.490001,0.8440271842906626,B,Stock Sufficient
25,74,25_74,1567605.85,11966.456870229009,2235.352245044334,131,128107,11972.80078125,1,3688.331204323151,15661.13198557315,5,59832.28435114505,Stock Sufficient,5214722200.340001,0.8442809849266637,B,Stock Sufficient
23,71,23_71,1563537.98,11935.404427480917,3483.1348622558085,131,114533,13565.8427734375,4,11494.345045444168,65757.71613919416,1,11935.404427480917,Reorder Required,5216285738.320001,0.8445341269608909,B,Reorder Required - Medium Priority
25,90,25_90,1563474.02,11934.916183206107,1180.4280729825591,131,128107,12967.9150390625,3,3373.5263051925845,42277.27142238009,7,83544.41328244275,Stock Sufficient,5217849212.340001,0.8447872586397802,B,Stock Sufficient
8,9,8_9,1560873.7,11915.06641221374,3568.961308238245,131,155078,14570.810546875,2,8328.001251397327,37469.62234514733,2,23830.13282442748,Reorder Required,5219410086.040001,0.8450399693181546,B,Reorder Required - Medium Priority
23,20,23_20,1560518.02,11912.351297709924,2633.829594483579,131,114533,12398.03125,2,6145.915930272206,30941.978430272207,1,11912.351297709924,Reorder Required,5220970604.060001,0.8452926224107462,B,Reorder Required - Medium Priority
24,25,24_25,1559368.54,11903.576641221374,2826.973211794826,131,203819,11996.6513671875,2,6596.607363366357,30589.91009774136,4,47614.3065648855,Stock Sufficient,5222529972.600001,0.8455450893986768,B,Stock Sufficient
14,26,14_26,1553437.34,11858.300305343511,3653.8630481370606,131,200898,12219.62109375,3,10442.316131398593,47101.17941264859,7,83008.10213740458,Stock Sufficient,5224083409.9400015,0.8457965961054678,B,Stock Sufficient
34,80,34_80,1552808.92,11853.50320610687,1093.089231800101,131,158114,11435.4443359375,2,2550.6716672178895,25421.560339092888,8,94828.02564885496,Stock Sufficient,5225636218.860002,0.8460480010689565,B,Stock Sufficient
1,98,1_98,1550194.49,11833.54572519084,2103.710258148695,131,151315,11660.6767578125,3,6012.159535003674,40994.18980844117,2,23667.09145038168,Reorder Required,5227186413.350001,0.8462989827474743,B,Reorder Required - Medium Priority
3,5,3_5,1549983.58,11831.93572519084,6015.12976495642,131,37392,14562.431640625,2,14036.018853508505,43160.8821347585,3,35495.807175572525,Reorder Required,5228736396.930001,0.8465499302789568,B,Reorder Required - Medium Priority
9,16,9_16,1544141.45,11787.3393129771,8959.383850857088,131,125833,5772.068359375,1,14782.983353914195,20555.051713289195,4,47149.3572519084,Stock Sufficient,5230280538.380001,0.8467999319500309,B,Stock Sufficient
23,42,23_42,1542899.48,11777.858625954199,1605.9584964139792,131,114533,13419.416015625,4,5299.663038166131,58977.32710066613,4,47111.434503816796,Reorder Required,5231823437.860001,0.8470497325420033,B,Reorder Required - Medium Priority
9,1,9_1,1537896.42,11739.667328244273,4238.488920942466,131,125833,13435.291015625,4,13987.013439110138,67728.17750161013,7,82177.67129770991,Stock Sufficient,5233361334.280001,0.8472987231218099,B,Stock Sufficient
39,17,39_17,1537629.18,11737.627328244274,2181.872123556996,131,184109,13107.876953125,1,3600.089003869043,16707.96595699404,6,70425.76396946565,Stock Sufficient,5234898963.460001,0.8475476704345657,B,Stock Sufficient
39,67,39_67,1535527.74,11721.585801526717,4895.577896666613,131,184109,10746.6845703125,2,11423.597884247794,32916.96702487279,4,46886.34320610687,Stock Sufficient,5236434491.200001,0.847796277517149,B,Stock Sufficient
5,72,5_72,1535071.1300000001,11718.100229007634,10788.175156332938,131,34875,11226.400390625,1,17800.489007949345,29026.889398574345,3,35154.3006870229,Stock Sufficient,5237969562.330001,0.8480448106730446,B,Stock Sufficient
22,22,22_22,1534792.34,11715.972061068704,2635.403472660953,131,119557,12215.39453125,1,4348.415729890572,16563.81026114057,2,23431.944122137407,Stock Sufficient,5239504354.670001,0.8482932986919056,B,Stock Sufficient
20,18,20_18,1531843.23,14451.351226415094,20496.37809558533,106,203742,11776.509765625,3,58576.26758394777,93905.79688082277,1,14451.351226415094,Reorder Required,5241036197.900001,0.8485413092399829,B,Reorder Required - Medium Priority
39,55,39_55,1531355.58,11689.737251908398,9503.939493872973,131,184109,8116.080078125,1,15681.500164890404,23797.580243015404,8,93517.89801526719,Stock Sufficient,5242567553.4800005,0.8487892408358925,B,Stock Sufficient
17,16,17_16,1530475.99,11683.02282442748,12113.97972066179,131,93188,3197.456298828125,2,28267.394785199693,34662.30738285594,6,70098.13694656489,Stock Sufficient,5244098029.47,0.8490370300232358,B,Stock Sufficient
14,49,14_49,1527259.65,11658.470610687022,1841.6315968993604,131,200898,11285.892578125,2,4297.359629029329,26869.144785279328,8,93267.76488549617,Stock Sufficient,5245625289.12,0.8492842984743637,B,Stock Sufficient
31,11,31_11,1526217.03,11650.511679389314,2331.280970816145,131,203750,10160.5478515625,3,6662.530195483898,37144.173750171394,5,58252.558396946566,Stock Sufficient,5247151506.15,0.8495313981218227,B,Stock Sufficient
1,74,1_74,1525645.56,11646.149312977099,2173.540496091109,131,151315,10433.64453125,1,3586.34181855033,14019.98634980033,1,11646.149312977099,Reorder Required,5248677151.71,0.8497784052463752,B,Reorder Required - Medium Priority
6,67,6_67,1525433.0,11644.526717557252,4220.358828511267,131,202505,9608.9169921875,1,6963.592067043591,16572.50905923109,6,69867.16030534351,Stock Sufficient,5250202584.71,0.8500253779567518,B,Stock Sufficient
30,8,30_8,1523481.63,11629.630763358778,713.043050257803,131,42988,12384.6416015625,2,1663.852001180268,26433.13520430527,3,34888.892290076335,Stock Sufficient,5251726066.34,0.8502720347337918,B,Stock Sufficient
10,42,10_42,1521727.4,11616.239694656488,825.7473334845403,131,126512,11944.8447265625,3,2359.889954086079,38194.42413377358,8,92929.9175572519,Stock Sufficient,5253247793.74,0.8505184074951208,B,Stock Sufficient
35,20,35_20,1521437.46,11614.02641221374,2607.034443462258,131,103681,10548.880859375,3,7450.601586711826,39097.244164836826,4,46456.10564885496,Stock Sufficient,5254769231.2,0.8507647333141931,B,Stock Sufficient
15,10,15_10,1521157.9,11611.892366412212,2187.0168135992676,131,123737,10826.369140625,2,5103.2995842346245,26756.037865484624,3,34835.67709923664,Stock Sufficient,5256290389.099999,0.8510110138715652,B,Stock Sufficient
2,32,2_32,1516158.48,11573.728854961832,6366.4658837124725,131,202307,9024.310546875,1,10504.668708125579,19528.97925500058,2,23147.457709923663,Stock Sufficient,5257806547.579999,0.8512564850060995,B,Stock Sufficient
16,7,16_7,1514281.1300000001,11559.397938931299,7084.718131911891,131,57197,8502.7255859375,3,20247.301406930164,45755.478164742664,1,11559.397938931299,Reorder Required,5259320828.709999,0.851501652191383,B,Reorder Required - Medium Priority
7,87,7_87,1511578.39,11538.766335877861,2724.1328541608927,131,70713,13299.806640625,1,4494.8192093654725,17794.625849990472,6,69232.59801526717,Stock Sufficient,5260832407.099999,0.8517463817940107,B,Stock Sufficient
29,9,29_9,1505191.99,11490.015190839695,4213.026009145437,131,93638,9957.37109375,2,9830.895559260718,29745.637746760716,1,11490.015190839695,Reorder Required,5262337599.089999,0.8519900774170945,B,Reorder Required - Medium Priority
12,17,12_17,1504616.72,11485.623816793894,1907.218461095981,131,112238,11403.42578125,3,5450.608804990082,39660.88614874008,4,45942.495267175575,Stock Sufficient,5263842215.809999,0.8522336799020392,B,Stock Sufficient
32,34,32_34,1504233.34,11482.697251908397,2256.8230499419556,131,203007,10740.0048828125,4,7447.516064808453,50407.53559605846,8,91861.57801526718,Stock Sufficient,5265346449.15,0.8524772203164782,B,Stock Sufficient
10,41,10_41,1504049.26,11481.292061068702,6691.374049351177,131,126512,18439.904296875,4,22081.53436285888,95841.15155035889,2,22962.584122137403,Reorder Required,5266850498.41,0.8527207309277488,B,Reorder Required - Medium Priority
12,87,12_87,1503927.44,11480.36213740458,1689.9178636358035,131,112238,13449.984375,1,2788.364474999076,16238.348849999076,7,80362.53496183206,Stock Sufficient,5268354425.849999,0.8529642218159534,B,Stock Sufficient
4,18,4_18,1503665.84,13546.5390990991,18295.41512999132,111,205863,11186.880859375,2,42691.47994003142,65065.24165878142,4,54186.1563963964,Reorder Required,5269858091.69,0.8532076703502421,B,Reorder Required - Medium Priority
35,87,35_87,1500363.85,11453.159160305344,2236.221501665438,131,103681,13796.5888671875,4,7379.530955495946,62565.886424245946,3,34359.47748091603,Reorder Required,5271358455.54,0.8534505842812937,B,Reorder Required - Medium Priority
27,98,27_98,1499567.48,11447.08,1769.4220291018103,131,204184,10430.45703125,2,4128.8620413438775,24989.776103843877,4,45788.32,Stock Sufficient,5272858023.0199995,0.8536933692773757,B,Stock Sufficient
21,74,21_74,1499167.94,11444.030076335877,1942.786635329816,131,140167,10022.8955078125,4,6411.195896588392,46502.77792783839,7,80108.21053435114,Stock Sufficient,5274357190.959999,0.8539360895865938,B,Stock Sufficient
1,34,1_34,1499097.98,11443.49603053435,2511.502907577508,131,151315,9989.052734375,1,4143.979797502888,14133.032531877889,4,45773.9841221374,Stock Sufficient,5275856288.939999,0.8541787985690538,B,Stock Sufficient
11,25,11_25,1498349.41,11437.781755725191,2282.3880086552,131,207499,10643.53515625,2,5325.843726122543,26612.91403862254,4,45751.127022900764,Stock Sufficient,5277354638.349998,0.8544213863555242,B,Stock Sufficient
32,17,32_17,1496736.32,11425.468091603054,2236.6417941679074,131,203007,11846.173828125,1,3690.458960377047,15536.632788502047,3,34276.40427480916,Stock Sufficient,5278851374.669998,0.8546637129773226,B,Stock Sufficient
25,11,25_11,1496188.4,11421.285496183205,3296.796236695959,131,128107,10032.3974609375,3,9421.860663862797,39519.0530466753,2,22842.57099236641,Reorder Required,5280347563.069998,0.8549059508890382,B,Reorder Required - Medium Priority
16,23,16_23,1495465.8,11415.769465648855,3309.305966211347,131,57197,11367.0791015625,4,10920.709688497443,56389.026094747445,2,22831.53893129771,Reorder Required,5281843028.869998,0.8551480718093943,B,Reorder Required - Medium Priority
6,32,6_32,1494698.45,11409.911832061069,6576.655145340956,131,202505,8886.0166015625,1,10851.480989812577,19737.497591375075,7,79869.38282442748,Stock Sufficient,5283337727.319998,0.8553900684932162,B,Stock Sufficient
3,13,3_13,1493393.94,11399.953740458015,1064.72757795333,131,37392,12481.373046875,3,3042.8677310376174,40486.986871662615,1,11399.953740458015,Reorder Required,5284831121.259997,0.855631853972501,B,Reorder Required - Medium Priority
25,14,25_14,1491113.1199999999,11382.542900763357,5452.67129337757,131,128107,9648.658203125,2,12723.548795524059,32020.86520177406,6,68295.25740458014,Stock Sufficient,5286322234.379997,0.8558732701793909,B,Stock Sufficient
10,30,10_30,1479408.03,11293.19106870229,1882.526028265971,131,126512,8877.0361328125,2,4392.784837145253,22146.857102770253,7,79052.33748091603,Stock Sufficient,5287801642.409997,0.8561127912930171,B,Stock Sufficient
23,32,23_32,1478718.71,11287.929083969466,4660.9408406363045,131,114533,9758.947265625,3,13320.427472640538,42597.26926951554,3,33863.7872519084,Reorder Required,5289280361.119997,0.8563522008034272,B,Reorder Required - Medium Priority
1,49,1_49,1478053.04,11282.847633587786,1875.5476393879164,131,151315,10745.2099609375,3,5360.097275668973,37595.72715848147,4,45131.39053435114,Stock Sufficient,5290758414.159997,0.8565915025396355,B,Stock Sufficient
39,18,39_18,1476198.21,12949.107105263158,21218.927648983576,114,184109,13785.1298828125,1,35011.2306208229,48796.3605036354,7,90643.7497368421,Stock Sufficient,5292234612.369997,0.856830503972656,B,Stock Sufficient
5,13,5_13,1475546.06,11263.71038167939,709.9766833987259,131,34875,11536.962890625,2,1656.6967801413928,24730.622561391392,3,33791.13114503817,Stock Sufficient,5293710158.429997,0.8570693998204082,B,Stock Sufficient
30,13,30_13,1472507.41,11240.51458015267,1027.3300504820613,131,42988,11116.4375,3,2935.9899419024287,36285.30244190243,8,89924.11664122136,Stock Sufficient,5295182665.839997,0.8573078037005507,B,Stock Sufficient
30,81,30_81,1472297.67,11238.91351145038,1101.694189598579,131,42988,10877.7373046875,4,3635.5908256753105,47146.54004442531,5,56194.5675572519,Stock Sufficient,5296654963.509997,0.8575461736230849,B,Stock Sufficient
12,90,12_90,1471502.41,11232.84282442748,1346.673986939262,131,112238,11617.548828125,3,3848.6378149067446,38701.284299281746,2,22465.68564885496,Reorder Required,5298126465.919997,0.8577844147903625,B,Reorder Required - Medium Priority
10,96,10_96,1471191.04,11230.465954198473,1478.9553143828236,131,126512,13717.4443359375,2,3451.071795177524,30885.960467052522,4,44921.86381679389,Stock Sufficient,5299597656.959997,0.8580226055457943,B,Stock Sufficient
14,20,14_20,1470124.17,11222.321908396945,2127.6889699364915,131,200898,8828.0712890625,4,7021.373600790422,42333.65875704042,4,44889.28763358778,Stock Sufficient,5301067781.129997,0.858260623571401,B,Stock Sufficient
25,34,25_34,1469978.6,11221.210687022902,2986.8901439650695,131,128107,10187.3671875,2,6969.765909007981,27344.50028400798,7,78548.47480916031,Stock Sufficient,5302537759.729998,0.8584986180287373,B,Stock Sufficient
24,67,24_67,1469632.8,11218.570992366413,4272.126343975626,131,203819,9434.41015625,1,7049.008467559782,16483.418623809783,5,56092.85496183206,Stock Sufficient,5304007392.529998,0.8587365564998957,B,Stock Sufficient
35,55,35_55,1469569.26,11218.085954198474,8708.822045820309,131,103681,7400.91455078125,1,14369.556375603508,21770.470926384758,4,44872.343816793895,Stock Sufficient,5305476961.789998,0.8589744846837154,B,Stock Sufficient
44,93,44_93,1469566.41,11218.064198473281,1468.260502395715,131,39910,13148.57421875,2,3426.115960714845,29723.264398214844,3,33654.192595419845,Stock Sufficient,5306946528.199998,0.8592124124061105,B,Stock Sufficient
9,23,9_23,1466898.36,11197.697404580153,3151.2874858848963,131,125833,12440.591796875,2,7353.379277433805,32234.562871183807,4,44790.78961832061,Stock Sufficient,5308413426.559998,0.8594499081622768,B,Stock Sufficient
23,33,23_33,1466654.95,11195.8393129771,4112.142897998783,131,114533,11751.234375,4,13570.071563395984,60575.009063395984,7,78370.8751908397,Stock Sufficient,5309880081.509997,0.8596873645095493,B,Stock Sufficient
25,49,25_49,1466556.16,11195.085190839694,1915.3952500741698,131,128107,11758.8603515625,2,4469.48360093383,27987.20430405883,8,89560.68152671756,Stock Sufficient,5311346637.669997,0.8599248048623901,B,Stock Sufficient
12,24,12_24,1466547.81,11195.02145038168,5116.290912517977,131,112238,11260.6328125,1,8441.88000565466,19702.51281815466,1,11195.02145038168,Reorder Required,5312813185.479998,0.8601622438633378,B,Reorder Required - Medium Priority
3,23,3_23,1466331.7,11193.371755725191,3108.048262611734,131,37392,12784.966796875,3,8882.440880312504,47237.341270937504,8,89546.97404580153,Stock Sufficient,5314279517.179997,0.860399647875353,B,Stock Sufficient
38,80,38_80,1465245.76,11185.08213740458,909.6648449909002,131,39690,11459.9306640625,2,2122.659595650248,25042.52092377525,3,33555.246412213746,Stock Sufficient,5315744762.939998,0.8606368760700461,B,Stock Sufficient
16,1,16_1,1465227.74,11184.94458015267,3324.6454005958994,131,57197,9958.2578125,3,9501.450339120764,39376.22377662076,3,33554.83374045801,Reorder Required,5317209990.679997,0.8608741013472407,B,Reorder Required - Medium Priority
15,17,15_17,1461490.35,11156.414885496184,2472.718461278962,131,123737,10902.6845703125,4,8159.970922220574,51770.70920347057,2,22312.829770992368,Reorder Required,5318671481.029998,0.8611107215284804,B,Reorder Required - Medium Priority
11,26,11_26,1460613.51,11149.72145038168,2951.470788596535,131,207499,10400.96484375,2,6887.116529999036,27689.046217499035,7,78048.05015267176,Stock Sufficient,5320132094.539998,0.8613471997463882,B,Stock Sufficient
27,20,27_20,1460185.45,11146.453816793894,2327.425520956399,131,204184,10531.064453125,3,6651.51176766276,38244.705127037756,7,78025.17671755726,Stock Sufficient,5321592279.989998,0.8615836086599485,B,Stock Sufficient
23,29,23_29,1459134.92,11138.434503816794,2629.933455366449,131,114533,11228.5732421875,2,6136.824475184649,28593.97095955965,8,89107.47603053435,Stock Sufficient,5323051414.909998,0.8618198474891844,B,Stock Sufficient
7,7,7_7,1458051.54,11130.164427480917,6625.973885754007,131,70713,7060.27587890625,1,10932.856911494111,17993.132790400363,8,89041.31541984733,Stock Sufficient,5324509466.449998,0.8620559109155707,B,Stock Sufficient
27,18,27_18,1453634.94,12531.335689655172,19767.11427221235,116,204184,12014.443359375,1,32615.738549150377,44630.18190852538,3,37594.00706896552,Reorder Required,5325963101.3899975,0.8622912592796286,B,Reorder Required - Medium Priority
38,2,38_2,1450142.54,11069.79038167939,1006.0038757842472,131,39690,12256.8955078125,1,1659.9063950440077,13916.801902856507,7,77488.53267175573,Stock Sufficient,5327413243.929997,0.8625260422124329,B,Stock Sufficient
35,82,35_82,1449509.09,11064.954885496183,3933.051009170941,131,103681,11330.3291015625,4,12979.068330264105,58300.384736514105,5,55324.774427480916,Reorder Required,5328862753.019998,0.8627607225875611,B,Reorder Required - Medium Priority
37,1,37_1,1444707.62,11028.302442748092,3160.543554089316,131,39910,11820.337890625,2,7374.977871795558,31015.653653045556,1,11028.302442748092,Reorder Required,5330307460.6399975,0.8629946255886194,B,Reorder Required - Medium Priority
36,91,36_91,1443212.84,11016.891908396947,2087.071850716697,131,39910,8913.154296875,1,3443.66855368255,12356.82285055755,6,66101.35145038168,Stock Sufficient,5331750673.479998,0.8632282865797906,B,Stock Sufficient
3,10,3_10,1442122.99,11008.57244274809,2095.914314457862,131,37392,13203.736328125,1,3458.258618855472,16661.99494698047,1,11008.57244274809,Reorder Required,5333192796.469997,0.8634617711205976,B,Reorder Required - Medium Priority
4,24,4_24,1440428.11,10995.634427480916,4689.389245781156,131,205863,9404.873046875,3,13401.729709764099,41616.3488503891,3,32986.90328244275,Reorder Required,5334633224.579997,0.8636949812546575,B,Reorder Required - Medium Priority
33,79,33_79,1438381.33,10980.010152671757,1205.6420149951286,131,39690,12437.5595703125,2,2813.3082268053467,27688.427367430348,4,43920.04061068703,Stock Sufficient,5336071605.909997,0.8639278600081822,B,Stock Sufficient
12,33,12_33,1438167.65,10978.379007633586,4075.5348298395334,131,112238,9151.568359375,1,6724.63246923523,15876.20082861023,4,43913.516030534345,Stock Sufficient,5337509773.559997,0.8641607041661993,B,Stock Sufficient
21,90,21_90,1438078.19,10977.69610687023,955.6498950424933,131,140167,10830.68359375,2,2229.963520041706,23891.330707541707,2,21955.39221374046,Reorder Required,5338947851.749996,0.8643935338403429,B,Reorder Required - Medium Priority
8,3,8_3,1434180.63,10947.943740458015,8403.213876252103,131,155078,13358.96484375,1,13865.302895815968,27224.26773956597,1,10947.943740458015,Reorder Required,5340382032.379996,0.8646257324864721,B,Reorder Required - Medium Priority
13,33,13_33,1433811.97,10945.129541984732,4367.52195781242,131,219622,11636.3359375,4,14412.822460780984,60958.16621078098,7,76615.90679389313,Stock Sufficient,5341815844.349997,0.864857871445313,B,Stock Sufficient
29,90,29_90,1431457.56,10927.156946564886,959.7703865435674,131,93638,11427.427734375,2,2239.5784907330685,25094.433959483067,1,10927.156946564886,Reorder Required,5343247301.909997,0.8650896292172916,B,Reorder Required - Medium Priority
25,82,25_82,1430821.39,10922.3006870229,3944.5412890550783,131,128107,10612.35546875,2,9204.399250731865,30429.110188231865,7,76456.1048091603,Stock Sufficient,5344678123.299997,0.865321283991217,B,Stock Sufficient
26,14,26_14,1429310.17,10910.764656488549,4787.566378203714,131,152513,11049.03125,3,13682.308549234622,46829.40229923462,7,76375.35259541984,Stock Sufficient,5346107433.469997,0.8655526940935643,B,Stock Sufficient
29,34,29_34,1425219.43,10879.537633587786,2959.6356795846523,131,93638,9850.359375,3,8458.294958741528,38009.37308374153,3,32638.612900763357,Reorder Required,5347532652.899998,0.8657834418914084,B,Reorder Required - Medium Priority
31,3,31_3,1418139.22,10825.490229007633,8471.822918829623,131,203750,13400.6318359375,1,13978.507816068877,27379.13965200638,7,75778.43160305344,Stock Sufficient,5348950792.119998,0.8660130433795465,B,Stock Sufficient
35,24,35_24,1415249.33,10803.43,3840.5447654406853,131,103681,12672.6376953125,2,8961.728315408904,34307.0037060339,5,54017.15,Stock Sufficient,5350366041.449998,0.8662421769848172,B,Stock Sufficient
8,14,8_14,1415131.17,10802.528015267175,4866.502827548659,131,155078,10449.427734375,2,11355.752595076443,32254.608063826443,8,86420.2241221374,Stock Sufficient,5351781172.619998,0.8664712914595883,B,Stock Sufficient
31,9,31_9,1412463.1,10782.161068702291,2770.7524136848438,131,203750,10051.62890625,2,6465.418808328306,26568.676620828308,3,32346.483206106874,Stock Sufficient,5353193635.719998,0.8666999739648928,B,Stock Sufficient
38,4,38_4,1411572.06,10775.359236641221,911.7266344128998,131,39690,11443.8544921875,1,1504.3489467812847,12948.203438968785,8,86202.87389312977,Stock Sufficient,5354605207.779999,0.8669285122078378,B,Stock Sufficient
15,82,15_82,1411010.43,10771.071984732824,6367.219878605566,131,123737,9597.6171875,1,10505.912799699183,20103.52998719918,7,75397.50389312976,Stock Sufficient,5356016218.209999,0.8671569595210054,B,Stock Sufficient
7,91,7_91,1408414.13,10751.252900763358,3312.461649440813,131,70713,9782.1865234375,2,7729.471512641918,27293.844559516918,7,75258.77030534351,Stock Sufficient,5357424632.339999,0.8673849864845095,B,Stock Sufficient
28,26,28_26,1405270.07,10727.252442748091,3284.4528939889587,131,206302,8100.13916015625,2,7664.114415630333,23864.392735942834,2,21454.504885496182,Reorder Required,5358829902.409999,0.8676125044141721,B,Reorder Required - Medium Priority
15,3,15_3,1405265.21,10727.21534351145,7453.237891856366,131,123737,14653.291015625,1,12297.842521563003,26951.133537188005,5,53636.076717557255,Stock Sufficient,5360235167.619999,0.8678400215569846,B,Stock Sufficient
27,71,27_71,1402356.12,10705.008549618322,2301.9960790413465,131,204184,9753.419921875,2,5371.598224591433,24878.438068341435,8,85640.06839694658,Stock Sufficient,5361637523.739999,0.8680670677083854,B,Stock Sufficient
23,24,23_24,1402058.14,10702.73389312977,4489.146868329399,131,114533,11591.8447265625,3,12829.46025666563,47604.99443635313,1,10702.73389312977,Reorder Required,5363039581.879999,0.8682940656158266,B,Reorder Required - Medium Priority
37,81,37_81,1398106.8800000001,10672.571603053437,559.0366951198167,131,39910,10696.4619140625,3,1597.6619327508092,33687.04767493831,7,74708.00122137406,Stock Sufficient,5364437688.759999,0.8685204238010434,B,Stock Sufficient
21,49,21_49,1395983.38,10656.361679389312,2059.00194590006,131,140167,9808.162109375,2,4804.582986793357,24420.907205543357,1,10656.361679389312,Reorder Required,5365833672.139999,0.8687464381845001,B,Reorder Required - Medium Priority
28,55,28_55,1395253.07,10650.78679389313,5761.232345330463,131,206302,6368.90673828125,1,9506.033369795265,15874.940108076515,1,10650.78679389313,Reorder Required,5367228925.209999,0.8689723343283224,B,Reorder Required - Medium Priority
14,83,14_83,1394612.56,10645.897404580153,2157.5085822706865,131,200898,8520.7509765625,4,7119.778321493265,41202.782227743264,1,10645.897404580153,Reorder Required,5368623537.7699995,0.8691981267714312,B,Reorder Required - Medium Priority
37,80,37_80,1393028.24,10633.803358778627,715.9273026680544,131,39910,11611.3525390625,1,1181.2800494022897,12792.63258846479,2,21267.606717557253,Stock Sufficient,5370016566.009999,0.869423662707827,B,Stock Sufficient
27,49,27_49,1390431.86,10613.983664122139,1680.3196088648444,131,204184,11383.2861328125,3,4802.158243588487,38952.016642025985,3,31841.950992366415,Reorder Required,5371406997.869999,0.8696487782816071,B,Reorder Required - Medium Priority
45,74,45_74,1388927.04,10602.49648854962,1600.9301873881477,131,118221,9858.3447265625,2,3735.6943526377513,23452.38380576275,7,74217.47541984734,Stock Sufficient,5372795924.909999,0.8698736502199907,B,Stock Sufficient
11,32,11_32,1387430.28,10591.070839694657,5038.800191572629,131,207499,8569.5107421875,2,11757.800288866765,28896.821773241765,3,31773.212519083972,Stock Sufficient,5374183355.189999,0.8700982798279187,B,Stock Sufficient
22,55,22_55,1384256.64,10566.84458015267,8834.764370198543,131,119557,6405.48193359375,1,14577.361210827596,20982.843144421346,4,42267.37832061068,Stock Sufficient,5375567611.829999,0.8703223956129043,B,Stock Sufficient
1,12,1_12,1383435.82,10560.578778625955,1764.0965328710693,131,151315,10644.13671875,4,5821.518558474529,48398.06543347453,7,73924.05145038168,Stock Sufficient,5376951047.649999,0.8705463785043833,B,Stock Sufficient
21,26,21_26,1382312.45,10552.003435114504,3247.5741833153807,131,140167,9967.310546875,3,9281.189753304549,39183.12139392955,1,10552.003435114504,Reorder Required,5378333360.099998,0.8707701795184979,B,Reorder Required - Medium Priority
10,81,10_81,1381705.86,10547.372977099238,916.1232377970975,131,126512,10021.2236328125,2,2137.729947701382,22180.17721332638,1,10547.372977099238,Reorder Required,5379715065.959998,0.8709938823236605,B,Reorder Required - Medium Priority
17,55,17_55,1381257.55,10543.950763358778,5839.583622209144,131,93188,7433.5673828125,3,16688.851622377006,38989.553770814506,5,52719.75381679389,Stock Sufficient,5381096323.509998,0.8712175125459329,B,Stock Sufficient
28,98,28_98,1379480.97,10530.389083969465,2195.607356217778,131,206302,8714.232421875,2,5123.3452063353725,22551.810050085372,3,31591.167251908395,Stock Sufficient,5382475804.479999,0.871440855133955,B,Stock Sufficient
35,33,35_33,1374752.31,10494.292442748092,3492.0768340963596,131,103681,12214.21484375,1,5761.926776258993,17976.141620008995,5,52471.46221374046,Stock Sufficient,5383850556.789999,0.8716634321360897,B,Stock Sufficient
41,22,41_22,1371791.29,10471.689236641221,2946.416628276199,131,196321,11569.7265625,1,4861.587436655728,16431.31399915573,1,10471.689236641221,Reorder Required,5385222348.079999,0.8718855297391719,B,Reorder Required - Medium Priority
36,40,36_40,1370859.26,10464.574503816793,1040.7520090774701,131,39910,10072.81640625,3,2974.3483403725795,33192.79755912258,5,52322.87251908397,Stock Sufficient,5386593207.339999,0.8721074764434764,B,Stock Sufficient
13,24,13_24,1368974.28,10450.18534351145,4642.2154581731775,131,219622,10797.81640625,1,7659.655505985743,18457.471912235742,3,31350.55603053435,Stock Sufficient,5387962181.619999,0.8723291179632072,B,Stock Sufficient
45,17,45_17,1363011.7,10404.669465648854,2570.796300903765,131,118221,9985.58203125,2,5998.830741480536,25969.994803980535,8,83237.35572519084,Stock Sufficient,5389325193.319999,0.8725497941212713,B,Stock Sufficient
41,87,41_87,1362459.75,10400.45610687023,3127.6634061938253,131,196321,14553.93359375,4,10321.289240439623,68537.02361543963,8,83203.64885496184,Stock Sufficient,5390687653.069999,0.8727703809167823,B,Stock Sufficient
16,16,16_16,1361894.05,10396.137786259542,10087.307433814442,131,57197,5369.095703125,1,16644.05726579383,22013.15296891883,2,20792.275572519084,Reorder Required,5392049547.119999,0.8729908761235691,B,Reorder Required - Medium Priority
10,6,10_6,1361280.49,10391.454122137404,6434.75492576056,131,126512,7150.60546875,2,15015.194182820142,29316.40512032014,5,51957.27061068702,Stock Sufficient,5393410827.609999,0.8732112719929375,B,Stock Sufficient
17,17,17_17,1359807.29,10380.208320610687,2698.8619392070123,131,93188,11204.6865234375,1,4453.12219969157,15657.80872312907,3,31140.62496183206,Stock Sufficient,5394770634.899999,0.873431429346293,B,Stock Sufficient
25,17,25_17,1359488.39,10377.773969465648,2627.871103410129,131,128107,10890.3583984375,1,4335.987320626712,15226.345719064211,4,41511.09587786259,Stock Sufficient,5396130123.289999,0.873651535068671,B,Stock Sufficient
18,26,18_26,1359202.0,10375.587786259543,3052.4726402826755,131,120653,11654.90625,3,8723.612207777793,43688.33095777779,4,41502.35114503817,Reorder Required,5397489325.289999,0.8738715944235489,B,Reorder Required - Medium Priority
23,18,23_18,1359034.04,13323.863137254903,20785.92481911995,102,114533,9168.5107421875,2,48502.96569635048,66839.98718072548,7,93267.04196078432,Stock Sufficient,5398848359.329999,0.8740916265851404,B,Stock Sufficient
18,29,18_29,1356464.36,10354.689770992367,2213.8582504704527,131,120653,10426.72265625,1,3652.866113276247,14079.588769526246,8,82837.51816793894,Stock Sufficient,5400204823.689999,0.8743112427069356,B,Stock Sufficient
18,49,18_49,1353929.21,10335.33748091603,2285.076528772436,131,120653,10524.3876953125,2,5332.117259783182,26380.892650408183,4,41341.34992366412,Stock Sufficient,5401558752.899999,0.8745304483794575,B,Stock Sufficient
13,32,13_32,1351079.11,10313.580992366413,4153.72675493463,131,219622,9691.9765625,3,11870.868537503213,40946.798225003215,7,72195.06694656488,Stock Sufficient,5402909832.009998,0.8747491926112461,B,Stock Sufficient
38,81,38_81,1348381.66,10292.989770992366,825.6150079411343,131,39690,10892.09765625,2,1926.5333035230524,23710.72861602305,7,72050.92839694656,Stock Sufficient,5404258213.669998,0.8749675001168477,B,Stock Sufficient
13,44,13_44,1347044.6,10282.783206106871,2839.4854059506215,131,219622,10086.953125,1,4685.150919818525,14772.104044818525,5,51413.916030534354,Stock Sufficient,5405605258.269999,0.8751855911479585,B,Stock Sufficient
26,10,26_10,1346069.89,10275.342671755725,1830.1184372169116,131,152513,11049.822265625,1,3019.695421407904,14069.517687032905,5,51376.71335877862,Stock Sufficient,5406951328.159999,0.8754035243702566,B,Stock Sufficient
3,7,3_7,1345676.15,10272.337022900763,6849.337366036298,131,37392,9827.9677734375,1,11301.40665395989,21129.37442739739,2,20544.674045801527,Reorder Required,5408297004.3099985,0.8756213938447301,B,Reorder Required - Medium Priority
5,87,5_87,1344127.44,10260.514809160304,1835.346723678095,131,34875,11018.103515625,2,4282.694176666269,26318.90120791627,8,82084.11847328243,Stock Sufficient,5409641131.749998,0.8758390125778692,B,Stock Sufficient
27,42,27_42,1343045.62,10252.256641221375,1040.4049582125451,131,204184,9591.064453125,4,3433.3363621013987,41797.5941746014,4,41009.0265648855,Reorder Required,5410984177.369998,0.8760564561607279,B,Reorder Required - Medium Priority
34,55,34_55,1342552.49,10248.492290076336,5670.756512054912,131,158114,7448.0439453125,3,16206.363353781444,38550.495189718946,3,30745.47687022901,Reorder Required,5412326729.859998,0.8762738199041885,B,Reorder Required - Medium Priority
42,1,42_1,1341376.08,10239.512061068703,2261.3000706134703,131,39690,10726.380859375,4,7462.2902330244515,50367.813670524454,5,51197.56030534351,Stock Sufficient,5413668105.939998,0.876490993182931,B,Stock Sufficient
7,14,7_14,1341186.55,10238.065267175572,3223.351553084825,131,70713,9897.611328125,2,7521.537346403749,27316.760002653748,8,81904.52213740458,Stock Sufficient,5415009292.489998,0.876708135776132,B,Stock Sufficient
34,14,34_14,1324533.04,10110.939236641221,4109.773828006301,131,158114,9113.6787109375,2,9589.961511656631,27817.31893353163,4,40443.756946564885,Stock Sufficient,5416333825.529998,0.8769225821103023,B,Stock Sufficient
31,98,31_98,1323426.66,10102.493587786259,2011.4078748096472,131,203750,9492.5009765625,3,5748.37004595884,34225.87297564634,8,80819.94870229007,Stock Sufficient,5417657252.189998,0.877136849317846,B,Stock Sufficient
9,82,9_82,1322420.53,10094.81320610687,3240.1177230838307,131,125833,10164.607421875,4,10692.38848617664,51350.81817367664,4,40379.25282442748,Reorder Required,5418979672.719997,0.8773509536295737,B,Reorder Required - Medium Priority
38,13,38_13,1318891.69,10067.875496183206,687.5199946398357,131,39690,10796.8046875,1,1134.4079911557287,11931.21267865573,4,40271.50198473282,Stock Sufficient,5420298564.409997,0.8775644866102897,B,Stock Sufficient
11,67,11_67,1318044.39,10061.407557251907,4157.8961403958365,131,207499,8297.62890625,3,11882.784156804208,36775.670875554206,1,10061.407557251907,Reorder Required,5421616608.799997,0.8777778824102987,B,Reorder Required - Medium Priority
41,55,41_55,1312043.37,10015.59824427481,9142.286881374459,131,196321,6320.388671875,2,21333.09106292989,33973.86840667989,1,10015.59824427481,Reorder Required,5422928652.169997,0.8779903066250763,B,Reorder Required - Medium Priority
38,97,38_97,1309501.39,9996.193816793892,1190.543232430186,131,39690,10941.4287109375,2,2778.0759367255505,24660.933358600552,2,19992.387633587783,Reorder Required,5424238153.559998,0.8782023192847804,B,Reorder Required - Medium Priority
1,25,1_25,1307747.94,9982.808702290076,1927.7535372134766,131,151315,9064.4765625,2,4498.32107544601,22627.27420044601,8,79862.46961832061,Stock Sufficient,5425545901.499997,0.8784140480550583,B,Stock Sufficient
18,55,18_55,1304775.26,9960.116488549618,7126.036535499716,131,120653,6504.84375,3,20365.384604528048,39879.91585452805,3,29880.349465648855,Reorder Required,5426850676.759997,0.8786252955384907,B,Reorder Required - Medium Priority
33,91,33_91,1304684.99,9959.427404580152,1795.9094599182827,131,39690,10999.3310546875,1,2963.250608865166,13962.581663552666,1,9959.427404580152,Reorder Required,5428155361.749997,0.8788365284069077,B,Reorder Required - Medium Priority
16,74,16_74,1297695.63,9906.07351145038,1898.094551931539,131,57197,10065.458984375,4,6263.712021374078,46525.54795887408,7,69342.51458015267,Stock Sufficient,5429453057.379997,0.8790466296745381,B,Stock Sufficient
5,4,5_4,1296648.11,9898.07717557252,683.4933813570433,131,34875,10186.69921875,2,1594.8992560171714,21968.297693517172,2,19796.15435114504,Reorder Required,5430749705.489997,0.8792565613451729,B,Reorder Required - Medium Priority
7,74,7_74,1292951.11,9869.855801526719,1663.2164872744218,131,70713,10599.564453125,1,2744.307204002796,13343.871657127796,3,29609.567404580157,Stock Sufficient,5432042656.599997,0.8794658944591289,B,Stock Sufficient
12,22,12_22,1292700.46,9867.942442748092,2351.7132784177365,131,112238,8952.255859375,4,7760.65381877853,43569.67725627853,3,29603.827328244275,Reorder Required,5433335357.059997,0.8796751869920106,B,Reorder Required - Medium Priority
26,46,26_46,1291674.47,9860.110458015268,2061.187016148652,131,152513,9119.8408203125,1,3400.958576645276,12520.799396957776,7,69020.77320610688,Stock Sufficient,5434627031.529997,0.8798843134136761,B,Stock Sufficient
28,22,28_22,1291167.5,9856.240458015267,2525.864760952135,131,206302,8827.1337890625,1,4167.676855571022,12994.810644633522,1,9856.240458015267,Reorder Required,5435918199.029997,0.880093357755201,B,Reorder Required - Medium Priority
11,18,11_18,1290931.0,11735.736363636364,17999.38587150504,110,207499,10662.546875,3,51440.15387689884,83427.79450189884,1,11735.736363636364,Reorder Required,5437209130.029997,0.880302363806584,B,Reorder Required - Medium Priority
40,74,40_74,1290676.48,9852.492213740457,2002.8402310642944,131,155083,11702.30859375,4,6609.372762512171,53418.60713751217,4,39409.96885496183,Reorder Required,5438499806.509996,0.8805113286503267,B,Reorder Required - Medium Priority
14,29,14_29,1290157.63,9848.531526717556,3960.0185582827494,131,200898,7325.8427734375,1,6534.030621166537,13859.873394604037,6,59091.18916030534,Stock Sufficient,5439789964.139997,0.8807202094905172,B,Stock Sufficient
41,67,41_67,1289430.47,9842.9806870229,4315.499193204419,131,196321,8463.904296875,4,14241.14733757458,48096.764525074585,7,68900.8648091603,Stock Sufficient,5441079394.609997,0.880928972601069,B,Stock Sufficient
22,25,22_25,1288364.57,9834.844045801527,1976.0626421275133,131,119557,9961.193359375,1,3260.503359510397,13221.696718885396,6,59009.06427480916,Stock Sufficient,5442367759.1799965,0.8811375631388416,B,Stock Sufficient
24,98,24_98,1288063.54,9832.54610687023,1266.9445782575758,131,203819,10420.541015625,3,3620.780426861473,34882.40347373647,6,58995.27664122138,Stock Sufficient,5443655822.719996,0.8813461049388494,B,Stock Sufficient
5,10,5_10,1284728.9,9807.090839694656,1171.639843865155,131,34875,10174.7060546875,1,1933.2057423775057,12107.911797065006,8,78456.72671755725,Stock Sufficient,5444940551.619996,0.8815541068494755,B,Stock Sufficient
2,21,2_21,1278263.72,9757.738320610686,1792.9072290308297,131,202307,8552.91796875,3,5123.920582999229,30782.674489249228,6,58546.429923664116,Stock Sufficient,5446218815.339996,0.8817610620258122,B,Stock Sufficient
39,98,39_98,1277467.98,9751.663969465648,1797.072893544766,131,184109,10227.025390625,1,2965.1702743488636,13192.195664973864,8,78013.31175572518,Stock Sufficient,5447496283.319996,0.8819678883691783,B,Stock Sufficient
6,98,6_98,1276982.25,9747.95610687023,1929.8312804836555,131,202505,9802.3125,2,4503.169390420507,24107.794390420506,1,9747.95610687023,Reorder Required,5448773265.569996,0.882174636071231,B,Reorder Required - Medium Priority
45,3,45_3,1274588.84,9729.685801526719,6253.14666034518,131,118221,15772.1220703125,2,14591.419944037496,46135.664084662494,6,58378.11480916031,Stock Sufficient,5450047854.409996,0.8823809962721909,B,Stock Sufficient
27,33,27_33,1274512.67,9729.104351145037,2993.248189158675,131,204184,10113.3955078125,2,6984.602104683894,27211.393120308894,2,19458.208702290074,Reorder Required,5451322367.079996,0.8825873441409726,B,Reorder Required - Medium Priority
36,4,36_4,1270650.25,9699.620229007634,1572.828481537184,131,39910,7780.7763671875,4,5190.333989072707,36313.43945782271,2,19399.24045801527,Reorder Required,5452593017.329996,0.8827930666710238,B,Reorder Required - Medium Priority
5,1,5_1,1268031.47,9679.629541984732,2473.072360811349,131,34875,10738.4560546875,1,4080.5693953387254,14819.025450026225,1,9679.629541984732,Reorder Required,5453861048.799996,0.8829983652118242,B,Reorder Required - Medium Priority
30,1,30_1,1265323.58,9658.9586259542,2385.4245433171077,131,42988,9488.4140625,1,3935.9504964732273,13424.364558973228,6,57953.7517557252,Stock Sufficient,5455126372.379996,0.8832032253361667,B,Stock Sufficient
4,29,4_29,1262801.06,9639.702748091604,3083.2928334872636,131,205863,9448.9130859375,2,7194.716994111004,26092.543165986004,1,9639.702748091604,Reorder Required,5456389173.439997,0.883407677056075,B,Reorder Required - Medium Priority
11,20,11_20,1256385.45,9590.728625954198,1606.8185420363893,131,207499,9143.85546875,2,3749.4345477937013,22037.145485293702,2,19181.457251908396,Reorder Required,5457645558.889997,0.8836110900672426,B,Reorder Required - Medium Priority
4,42,4_42,1253821.13,9571.153664122137,1218.7041404921167,131,205863,10019.630859375,2,2843.7880746069254,22883.049793356924,3,28713.46099236641,Stock Sufficient,5458899380.019997,0.8838140879064159,B,Stock Sufficient
16,82,16_82,1253227.1,9566.619083969466,3249.681265779639,131,57197,8958.62890625,3,9287.211550212873,36163.09826896287,6,57399.714503816795,Stock Sufficient,5460152607.119997,0.8840169895701433,B,Stock Sufficient
11,71,11_71,1252520.55,9561.225572519084,2039.5940454689892,131,207499,10831.0517578125,1,3365.330175023832,14196.381932836332,5,47806.12786259542,Stock Sufficient,5461405127.669997,0.8842197768410599,B,Stock Sufficient
27,24,27_24,1251563.55,9553.920229007634,2988.772787853664,131,204184,10761.6123046875,3,8541.565429389007,40826.40234345151,2,19107.840458015267,Reorder Required,5462656691.219997,0.8844224091704721,B,Reorder Required - Medium Priority
29,14,29_14,1251062.41,9550.094732824427,3902.5014689751,131,93638,8769.146484375,1,6439.1274238089145,15208.273908183914,2,19100.189465648855,Stock Sufficient,5463907753.629997,0.8846249603636402,B,Stock Sufficient
38,8,38_8,1250473.43,9545.598702290075,829.7809944209037,131,39690,10620.609375,3,2371.4176884618532,34233.24581346185,8,76364.7896183206,Stock Sufficient,5465158227.059998,0.8848274161989744,B,Stock Sufficient
13,71,13_71,1249972.3,9541.773282442748,2151.297066321562,131,219622,9591.6005859375,2,5019.949255010918,24203.150426885917,6,57250.639694656486,Stock Sufficient,5466408199.359998,0.8850297908996836,B,Stock Sufficient
28,17,28_17,1249281.23,9536.497938931298,1937.0078866007268,131,206302,8674.5693359375,2,4519.91565902975,21869.05433090475,1,9536.497938931298,Reorder Required,5467657480.589997,0.8852320537138457,B,Reorder Required - Medium Priority
7,82,7_82,1249229.24,9536.10106870229,3014.4802050439685,131,70713,8691.8916015625,2,7034.146002639374,24417.929205764376,8,76288.80854961832,Stock Sufficient,5468906709.829997,0.8854343081106527,B,Stock Sufficient
43,98,43_98,1248990.83,9534.281145038169,2109.731703830042,131,41062,8290.087890625,4,6962.114622639138,40122.466185139136,8,76274.24916030535,Stock Sufficient,5470155700.659997,0.8856365239080826,B,Stock Sufficient
10,21,10_21,1247357.38,9521.812061068702,1808.6947726212004,131,126512,8484.9912109375,2,4220.503118096468,21190.48553997147,8,76174.49648854962,Stock Sufficient,5471403058.039997,0.885838475244488,B,Stock Sufficient
15,49,15_49,1246377.46,9514.33175572519,1890.3254802174156,131,123737,10263.275390625,4,6238.074084717471,47291.175647217475,2,19028.66351145038,Reorder Required,5472649435.499997,0.8860402679285644,B,Reorder Required - Medium Priority
33,96,33_96,1246353.79,9514.151068702291,1504.3907976638832,131,39690,10952.2021484375,2,3510.424284123145,25414.828580998146,2,19028.302137404582,Reorder Required,5473895789.289997,0.8862420567803885,B,Reorder Required - Medium Priority
32,67,32_67,1242508.35,9484.796564885497,4380.08599504881,131,203007,7726.46875,4,14454.283783661072,45360.15878366107,8,75878.37251908398,Stock Sufficient,5475138297.6399975,0.8864432230426008,B,Stock Sufficient
41,98,41_98,1242475.1,9484.542748091604,1357.7112897310526,131,196321,10391.0302734375,1,2240.2236280562365,12631.253901493736,8,75876.34198473283,Stock Sufficient,5476380772.739998,0.8866443839215268,B,Stock Sufficient
40,46,40_46,1240971.86,9473.067633587787,2104.6212612124377,131,155083,8686.845703125,2,4911.033486587907,22284.724892837905,4,37892.27053435115,Stock Sufficient,5477621744.5999975,0.8868453014208633,B,Stock Sufficient
44,2,44_2,1239956.19,9465.314427480916,929.2215767289875,131,39910,10821.2880859375,3,2655.6073209333827,35119.471578745884,6,56791.8865648855,Stock Sufficient,5478861700.789997,0.887046054479826,B,Stock Sufficient
29,82,29_82,1239448.79,9461.441145038169,3971.0697483055046,131,93638,9024.6181640625,1,6552.265084704082,15576.883248766582,1,9461.441145038169,Reorder Required,5480101149.579997,0.8872467253890297,B,Reorder Required - Medium Priority
14,33,14_33,1238834.29,9456.750305343512,3452.946230438789,131,200898,9755.2822265625,3,9868.119206423633,39133.96588611113,5,47283.75152671756,Stock Sufficient,5481339983.869997,0.8874472968086259,B,Stock Sufficient
39,26,39_26,1237281.7,9444.898473282443,2167.0708533890675,131,184109,10641.38671875,1,3575.666908091961,14217.05362684196,7,66114.2893129771,Stock Sufficient,5482577265.569997,0.8876476168587025,B,Stock Sufficient
11,98,11_98,1235030.77,9427.715801526718,2112.327032421082,131,207499,8378.9267578125,2,4929.014536738391,21686.868052363392,8,75421.72641221374,Stock Sufficient,5483812296.339997,0.8878475724756754,B,Stock Sufficient
6,42,6_42,1233013.51,9412.316870229008,929.6234633988478,131,202505,9724.708984375,4,3067.7574292161976,41966.593366716195,8,75298.53496183206,Stock Sufficient,5485045309.8499975,0.8880472014914996,B,Stock Sufficient
16,87,16_87,1232874.78,9411.25786259542,2261.498063663863,131,57197,11991.2177734375,2,5277.098034307981,29259.53358118298,7,65878.80503816793,Stock Sufficient,5486278184.629997,0.8882468080464723,B,Stock Sufficient
20,33,20_33,1232560.16,9408.856183206106,3621.729463669035,131,203742,8676.14453125,1,5975.853615053908,14651.998146303908,3,28226.568549618318,Stock Sufficient,5487510744.789997,0.8884463636634135,B,Stock Sufficient
7,1,7_1,1231312.1300000001,9399.329236641222,2890.0821984103923,131,70713,8694.3525390625,1,4768.635627377147,13462.988166439647,1,9399.329236641222,Reorder Required,5488742056.919997,0.888645717220119,B,Reorder Required - Medium Priority
29,10,29_10,1230580.99,9393.748015267176,1277.7932459995957,131,93638,8739.1923828125,2,2981.6696883622585,20460.054453987257,7,65756.23610687023,Stock Sufficient,5489972637.909997,0.8888449524028103,B,Stock Sufficient
17,34,17_34,1230216.44,9390.965190839694,2745.004720146242,131,93188,12081.1953125,4,9058.515576482598,57383.2968264826,4,37563.860763358774,Reorder Required,5491202854.349997,0.8890441285636359,B,Reorder Required - Medium Priority
14,71,14_71,1227329.01,9368.923740458014,2302.7473782577244,131,200898,7883.00390625,3,6580.98450262837,30229.99622137837,8,74951.38992366412,Stock Sufficient,5492430183.359997,0.8892428372398764,B,Stock Sufficient
2,18,2_18,1224764.61,12371.359696969697,17240.077147939126,99,202307,9907.3671875,3,49270.137751952214,78992.23931445222,4,49485.43878787879,Reorder Required,5493654947.969996,0.8894411307311705,B,Reorder Required - Medium Priority
6,18,6_18,1223209.46,12610.406804123711,17960.00390621289,97,202505,10280.875,3,51327.60479499877,82170.22979499877,8,100883.25443298969,Stock Sufficient,5494878157.4299965,0.8896391724384723,B,Stock Sufficient
12,32,12_32,1223020.86,9336.037099236642,4401.727149050523,131,112238,7583.44189453125,3,12579.624854297834,35329.950537891586,7,65352.259694656495,Stock Sufficient,5496101178.289996,0.8898371836108027,B,Stock Sufficient
3,9,3_9,1220932.53,9320.095648854962,3007.695525902769,131,37392,14101.9345703125,3,8595.644416525964,50901.44812746346,2,18640.191297709924,Reorder Required,5497322110.819996,0.8900348566755136,B,Reorder Required - Medium Priority
6,20,6_20,1217748.26,9295.788244274809,2106.9925513695803,131,202505,7977.3984375,2,4916.566779243818,20871.363654243818,4,37183.152977099235,Stock Sufficient,5498539859.079996,0.8902320141962495,B,Stock Sufficient
31,25,31_25,1216217.83,9284.105572519085,1683.9564529287113,131,203750,8055.8701171875,1,2778.5281473323735,10834.398264519874,5,46420.52786259542,Stock Sufficient,5499756076.909996,0.8904289239352441,B,Stock Sufficient
32,55,32_55,1209629.65,9233.814122137404,7401.818098192745,131,203007,6931.728515625,2,17271.790042126635,31135.247073376635,4,36935.25648854962,Stock Sufficient,5500965706.559996,0.8906247670258369,B,Stock Sufficient
8,80,8_80,1208770.16,9227.253129770992,763.237297196905,131,155078,9636.1552734375,3,2181.2435320113673,31089.709352323865,6,55363.51877862595,Stock Sufficient,5502174476.7199955,0.890820470962121,B,Stock Sufficient
13,96,13_96,1208230.99,9223.137328244275,1510.3184182650018,131,219622,10097.4931640625,3,4316.314589469375,34608.79408165687,4,36892.5493129771,Stock Sufficient,5503382707.709995,0.8910160876049769,B,Stock Sufficient
18,32,18_32,1207690.16,9219.008854961832,4383.377779641149,131,120653,6588.3583984375,2,10228.403303206072,23405.120100081072,2,18438.017709923664,Reorder Required,5504590397.869995,0.8912116166856447,B,Reorder Required - Medium Priority
15,87,15_87,1206865.22,9212.711603053434,1427.788222117216,131,123737,10439.2255859375,2,3331.6758220593147,24210.126993934315,5,46063.558015267176,Stock Sufficient,5505797263.089995,0.8914070122057645,B,Stock Sufficient
6,21,6_21,1203780.7,9189.165648854962,2207.0319222229045,131,202505,7872.99609375,3,6307.440848307181,29926.429129557182,4,36756.662595419846,Stock Sufficient,5507001043.789995,0.8916019083317681,B,Stock Sufficient
14,24,14_24,1200521.81,9164.2886259542,3559.380944963878,131,200898,9366.896484375,1,5872.978559190398,15239.875043565398,1,9164.2886259542,Reorder Required,5508201565.599996,0.891796276832569,B,Reorder Required - Medium Priority
29,87,29_87,1199440.96,9156.03786259542,1499.901125787967,131,93638,8624.919921875,4,4949.673715100291,39449.35340260029,6,54936.22717557252,Stock Sufficient,5509401006.559996,0.8919904703401358,B,Stock Sufficient
8,74,8_74,1198705.4,9150.422900763358,1698.2276553814243,131,155078,9014.1083984375,1,2802.07563137935,11816.18402981685,6,54902.53740458015,Stock Sufficient,5510599711.959995,0.8921845447580755,B,Stock Sufficient
2,26,2_26,1195375.03,9125.000229007634,2826.107262118816,131,202307,8627.2607421875,1,4663.076982496046,13290.337724683546,5,45625.00114503817,Stock Sufficient,5511795086.989995,0.8923780799779611,B,Stock Sufficient
10,12,10_12,1194610.44,9119.163664122138,1112.2582890423398,131,126512,8655.220703125,2,2595.401749422192,19905.84315567219,7,63834.14564885496,Stock Sufficient,5512989697.429995,0.8925714914081655,B,Stock Sufficient
4,83,4_83,1191731.1,9097.18396946565,1476.4214493313414,131,205863,10241.42578125,3,4219.440989983497,34943.7183337335,6,54583.1038167939,Stock Sufficient,5514181428.529995,0.8927644366635831,B,Stock Sufficient
11,29,11_29,1191349.62,9094.271908396948,2400.9836580996785,131,207499,7799.69970703125,2,5602.581026329207,21201.980440391708,5,45471.35954198474,Stock Sufficient,5515372778.149995,0.8929573201561112,B,Stock Sufficient
13,21,13_21,1188977.09,9076.160992366413,2428.4050599857505,131,219622,8400.123046875,1,4006.868348976488,12406.991395851488,5,45380.804961832066,Stock Sufficient,5516561755.239995,0.8931498195280883,B,Stock Sufficient
3,11,3_11,1187968.96,9068.46534351145,4091.6343390204397,131,37392,7576.34619140625,3,11693.415625941887,34422.45420016064,4,36273.8613740458,Stock Sufficient,5517749724.199995,0.8933421556804428,B,Stock Sufficient
1,17,1_17,1185319.84,9048.243053435115,1944.99743844399,131,151315,7994.07666015625,1,3209.245773432583,11203.322433588834,5,45241.215267175576,Stock Sufficient,5518935044.039995,0.8935340629313993,B,Stock Sufficient
32,22,32_22,1185249.94,9047.709465648855,2497.7758007630314,131,203007,9496.140625,2,5828.440881790555,24820.722131790557,1,9047.709465648855,Reorder Required,5520120293.979995,0.8937259588653115,B,Reorder Required - Medium Priority
20,29,20_29,1181410.23,9018.398702290076,3194.3104154674265,131,203742,8125.01171875,1,5270.612185521253,13395.623904271253,7,63128.790916030535,Stock Sufficient,5521301704.209994,0.893917233137318,B,Stock Sufficient
13,49,13_49,1179280.0,9002.137404580153,1574.482169305484,131,219622,8533.3212890625,2,3673.979161951605,20740.621740076604,3,27006.41221374046,Stock Sufficient,5522480984.209994,0.8941081625179549,B,Stock Sufficient
27,83,27_83,1178146.59,8993.48541984733,1647.9957363024848,131,204184,8016.029296875,3,4709.780370789095,28757.868261414096,6,53960.91251908398,Stock Sufficient,5523659130.799994,0.8942989083957177,B,Stock Sufficient
20,42,20_42,1178140.4,8993.43816793893,973.7849167858856,131,203742,9467.73828125,4,3213.4902253934224,41084.44335039342,2,17986.87633587786,Reorder Required,5524837271.199994,0.8944896532712988,B,Reorder Required - Medium Priority
4,20,4_20,1174550.57,8966.034885496183,1296.5851887212539,131,205863,9312.62890625,1,2139.3655613900687,11451.994467640068,4,35864.13954198473,Stock Sufficient,5526011821.769994,0.8946798169413829,B,Stock Sufficient
23,56,23_56,1171171.2,8940.238167938931,10774.799102640085,131,114533,4879.10009765625,3,30793.124153748282,45430.424446717036,7,62581.66717557252,Stock Sufficient,5527182992.969994,0.8948694334801487,B,Stock Sufficient
23,21,23_21,1170722.07,8936.80969465649,2331.544730285034,131,114533,8520.32421875,1,3847.048804970306,12367.373023720305,4,35747.23877862596,Stock Sufficient,5528353715.039993,0.8950589773032636,B,Stock Sufficient
15,25,15_25,1169923.1,8930.710687022902,2185.1954441232983,131,123737,8604.3671875,2,5099.049505299861,22307.78388029986,8,71445.68549618321,Stock Sufficient,5529523638.139994,0.8952483917704603,B,Stock Sufficient
6,26,6_26,1166899.88,8907.632671755724,2522.2410450536986,131,202505,8920.826171875,3,7208.271904298235,33970.750419923235,6,53445.796030534344,Stock Sufficient,5530690538.019994,0.8954373167682164,B,Stock Sufficient
22,18,22_18,1164200.86,11302.920970873787,17216.090840156958,103,119557,7452.79638671875,3,49201.58767074046,71559.97683089672,2,22605.841941747574,Reorder Required,5531854738.879993,0.8956258047855971,B,Reorder Required - Medium Priority
33,81,33_81,1159848.49,8853.805267175572,747.1913168200474,131,39690,8794.033203125,2,1743.535354991633,19331.601761241633,2,17707.610534351144,Reorder Required,5533014587.369993,0.8958135881397015,B,Reorder Required - Medium Priority
21,24,21_24,1158603.03,8844.297938931299,4845.855332868845,131,140167,9741.76953125,2,11307.572649517831,30791.11171201783,6,53065.787633587795,Stock Sufficient,5534173190.399993,0.8960011698496616,B,Stock Sufficient
10,44,10_44,1158110.74,8840.539999999999,1894.4824101191252,131,126512,9033.7958984375,2,4420.684484811763,22488.27628168676,5,44202.7,Stock Sufficient,5535331301.139993,0.8961886718562225,B,Stock Sufficient
7,3,7_3,1156661.58,8829.477709923665,3779.5460404139226,131,70713,8917.9794921875,3,10801.503523045432,37555.44199960793,5,44147.38854961833,Stock Sufficient,5536487962.719993,0.8963759392389271,B,Stock Sufficient
26,55,26_55,1154499.76,8812.975267175572,6028.699870692917,131,152513,5644.52197265625,4,19894.709573286626,42472.79746391163,6,52877.85160305344,Stock Sufficient,5537642462.479993,0.8965628566157352,B,Stock Sufficient
40,55,40_55,1152826.59,8800.202977099238,5478.586231182231,131,155083,5213.1826171875,3,15657.163014990607,31296.710866553105,2,17600.405954198475,Reorder Required,5538795289.069993,0.896749503100718,B,Reorder Required - Medium Priority
18,24,18_24,1149591.61,8775.508473282443,3278.096222786229,131,120653,8600.7685546875,1,5408.858767597278,14009.627322284778,6,52653.05083969466,Stock Sufficient,5539944880.679993,0.8969356258316068,B,Stock Sufficient
2,42,2_42,1147233.13,8757.504809160304,859.3134546828663,131,202307,8622.1875,3,2455.8180291781296,28322.38052917813,7,61302.53366412213,Stock Sufficient,5541092113.809993,0.8971213667166867,B,Stock Sufficient
4,21,4_21,1144253.55,8734.759923664122,1334.837146997281,131,205863,7992.95556640625,3,3814.809501408801,27793.676200627553,4,34939.03969465649,Stock Sufficient,5542236367.359993,0.8973066251977879,B,Stock Sufficient
23,81,23_81,1143299.53,8727.477328244275,1061.26589409051,131,114533,9087.423828125,3,3032.9746406928775,30295.24612506788,2,17454.95465648855,Reorder Required,5543379666.889993,0.8974917292198568,B,Reorder Required - Medium Priority
16,14,16_14,1142450.3800000001,8720.995267175573,3149.6945377574248,131,57197,7711.900390625,2,7349.662208837861,22773.46299008786,7,61046.96687022901,Stock Sufficient,5544522117.269993,0.8976766957616974,B,Stock Sufficient
18,33,18_33,1142240.91,8719.396259541983,3018.5554380802064,131,120653,8814.8984375,1,4980.61647283234,13795.51491033234,6,52316.3775572519,Stock Sufficient,5545664358.179993,0.8978616283896436,B,Stock Sufficient
36,98,36_98,1141953.16,8717.199694656489,2134.8903518231587,131,39910,4923.51416015625,1,3522.5690805082118,8446.083240664462,6,52303.19816793893,Stock Sufficient,5546806311.339993,0.8980465144299012,B,Stock Sufficient
10,35,10_35,1137895.73,8686.226946564886,2034.7568991907733,131,126512,6815.07080078125,2,4748.008324896897,18378.149926459395,4,34744.907786259544,Stock Sufficient,5547944207.069992,0.8982307435586562,B,Stock Sufficient
38,79,38_79,1136122.35,8672.689694656488,803.2182013231695,131,39690,9150.8564453125,4,2650.6200643664592,39254.045845616456,2,17345.379389312977,Reorder Required,5549080329.419992,0.8984146855712515,B,Reorder Required - Medium Priority
25,67,25_67,1135848.87,8670.602061068703,3227.9729296416913,131,128107,7248.435546875,4,10652.31066781758,39646.05285531758,8,69364.81648854962,Stock Sufficient,5550216178.289992,0.8985985833065189,B,Stock Sufficient
13,20,13_20,1132088.94,8641.900305343512,1411.3930231441227,131,219622,8572.005859375,1,2328.7984881878024,10900.804347562802,5,43209.50152671756,Stock Sufficient,5551348267.229992,0.8987818722965297,B,Stock Sufficient
9,55,9_55,1131142.67,8634.676870229006,4009.986507947586,131,125833,6876.482421875,1,6616.477738113516,13492.960159988517,4,34538.707480916026,Stock Sufficient,5552479409.899992,0.8989650080822592,B,Stock Sufficient
31,49,31_49,1128635.1,8615.535114503817,1997.2847339141997,131,203750,8321.7470703125,3,5708.007749929781,30673.24896086728,2,17231.070229007633,Reorder Required,5553608044.999992,0.8991477378840095,B,Reorder Required - Medium Priority
35,29,35_29,1128218.88,8612.35786259542,2471.055682225095,131,103681,7721.5537109375,4,8154.483751342814,39040.698595092814,4,34449.43145038168,Reorder Required,5554736263.8799925,0.8993304002983481,B,Reorder Required - Medium Priority
11,24,11_24,1126726.13,8600.96282442748,3639.842377653033,131,207499,8010.91845703125,2,8493.398851372465,24515.235765434965,5,43004.8141221374,Stock Sufficient,5555862990.009993,0.8995128210314636,B,Stock Sufficient
14,21,14_21,1125353.92,8590.487938931297,2281.5750823531866,131,200898,6760.49072265625,2,5323.9468013100395,18844.92824662254,3,25771.46381679389,Stock Sufficient,5556988343.929993,0.8996950195991853,B,Stock Sufficient
26,74,26_74,1124127.85,8581.1286259542,1652.4920536318953,131,152513,9990.533203125,3,4722.630323390556,34694.22993276556,1,8581.1286259542,Reorder Required,5558112471.779993,0.8998770196620688,B,Reorder Required - Medium Priority
34,3,34_3,1121299.99,8559.541908396946,6501.298818727995,131,158114,6967.6953125,3,18579.956784220278,39483.04272172028,3,25678.62572519084,Reorder Required,5559233771.769993,0.9000585618849495,B,Reorder Required - Medium Priority
31,87,31_87,1120561.2,8553.902290076336,1320.7272639948533,131,203750,8935.77734375,3,3774.4850948978565,30581.817126147856,3,25661.706870229005,Reorder Required,5560354332.969993,0.9002399844952556,B,Reorder Required - Medium Priority
37,46,37_46,1118663.24,8539.414045801526,754.9824764352312,131,39910,8496.0478515625,3,2157.6522132164882,27645.79576790399,5,42697.07022900763,Stock Sufficient,5561472996.209992,0.9004210998194825,B,Stock Sufficient
31,22,31_22,1114878.81,8510.525267175573,2013.7055038152648,131,203750,8168.01806640625,2,4698.885896299475,21034.922029111975,8,68084.20213740459,Stock Sufficient,5562587875.019993,0.9006016024318211,B,Stock Sufficient
25,79,25_79,1114463.17,8507.352442748092,796.5572058080675,131,128107,8502.1875,2,1858.7283060386465,18863.103306038647,6,51044.11465648855,Stock Sufficient,5563702338.189993,0.9007820377506518,B,Stock Sufficient
3,4,3_4,1112476.35,8492.185877862596,921.336341125359,131,37392,9304.3193359375,1,1520.2049628568423,10824.524298794342,1,8492.185877862596,Reorder Required,5564814814.539993,0.900962151396672,B,Reorder Required - Medium Priority
23,44,23_44,1112011.03,8488.633816793894,3369.3113050853713,131,114533,7266.21044921875,1,5559.363653390862,12825.574102609611,6,50931.80290076336,Stock Sufficient,5565926825.569993,0.9011421897058262,B,Stock Sufficient
27,32,27_32,1110622.66,8478.035572519084,3631.9937665888483,131,204184,6902.64208984375,2,8475.084491221409,22280.36867090891,1,8478.035572519084,Reorder Required,5567037448.229993,0.9013220032332285,B,Reorder Required - Medium Priority
31,83,31_83,1109426.46,8468.90427480916,1252.8815518402305,131,203750,9099.416015625,4,4134.5091210727605,40532.17318357276,1,8468.90427480916,Reorder Required,5568146874.689993,0.9015016230918456,B,Reorder Required - Medium Priority
29,74,29_74,1104347.16,8430.130992366412,1380.9030350127666,131,93638,8510.642578125,1,2278.490007771065,10789.132585896064,4,33720.52396946565,Stock Sufficient,5569251221.849993,0.9016804205947854,B,Stock Sufficient
15,22,15_22,1103952.83,8427.120839694657,2186.0424275575247,131,123737,8324.9716796875,2,5101.025900808512,21750.969260183512,5,42135.60419847329,Stock Sufficient,5570355174.679993,0.9018591542543779,B,Stock Sufficient
45,25,45_25,1098568.93,8386.022366412213,1721.1240147195547,131,118221,7686.99267578125,2,4016.1609248350005,19390.1462763975,4,33544.08946564885,Stock Sufficient,5571453743.609993,0.9020370162425333,B,Stock Sufficient
29,11,29_11,1098522.99,8385.671679389314,3944.7941810525913,131,93638,6639.5947265625,4,13017.82079747355,39576.19970372355,2,16771.343358778628,Reorder Required,5572552266.599993,0.9022148707928488,B,Reorder Required - Medium Priority
28,32,28_32,1098271.36,8448.241230769232,4135.781862905303,130,206302,6403.98876953125,1,6824.040073793749,13228.028843324999,5,42241.20615384616,Stock Sufficient,5573650537.959992,0.9023926846034247,B,Stock Sufficient
28,33,28_33,1093914.74,8350.494198473283,3230.058312226661,131,206302,7627.40576171875,3,9231.13142850814,32113.34871366439,4,33401.97679389313,Stock Sufficient,5574744452.699992,0.9025697930626351,B,Stock Sufficient
18,18,18_18,1093879.81,10620.192330097088,16999.695876841804,103,120653,6853.3935546875,3,48583.15600365011,69143.3366677126,4,42480.769320388354,Reorder Required,5575838332.509993,0.9027468958665618,B,Reorder Required - Medium Priority
22,24,22_24,1092757.3,8341.658778625955,2698.2472376435053,131,119557,8954.8984375,3,7711.277156518527,34575.972469018525,6,50049.95267175573,Stock Sufficient,5576931089.809993,0.9029238169323608,B,Stock Sufficient
14,58,14_58,1092294.91,8338.129083969465,3718.454862584199,131,200898,14734.013671875,2,8676.837341268949,38144.86468501895,2,16676.25816793893,Reorder Required,5578023384.719993,0.9031006631356705,B,Reorder Required - Medium Priority
11,33,11_33,1092044.53,8336.217786259542,2951.590642669524,131,207499,6962.6689453125,2,6887.396203770655,20812.734094395655,7,58353.52450381679,Stock Sufficient,5579115429.249992,0.9032774688016199,B,Stock Sufficient
22,26,22_26,1089782.42,8318.949770992365,2170.635480235247,131,119557,10165.8173828125,2,5065.074522942922,25396.709288567923,5,41594.74885496183,Stock Sufficient,5580205211.669992,0.9034539082243859,B,Stock Sufficient
28,24,28_24,1088901.36,8312.224122137406,3681.0232498224805,131,206302,7525.76171875,2,8589.492455460902,23641.015892960902,3,24936.67236641222,Stock Sufficient,5581294113.029992,0.9036302050005878,B,Stock Sufficient
2,24,2_24,1088427.26,8308.60503816794,4751.338001380142,131,202307,6964.84423828125,2,11087.020957601278,25016.70943416378,4,33234.42015267176,Stock Sufficient,5582382540.289992,0.9038064250184124,B,Stock Sufficient
21,22,21_22,1087312.01,8300.091679389314,2271.700495412785,131,140167,6603.6650390625,1,3748.3058174310954,10351.970856493595,6,49800.55007633589,Stock Sufficient,5583469852.299993,0.9039824644735277,B,Stock Sufficient
31,16,31_16,1086403.68,8293.157862595419,4839.871339051675,131,203750,5389.60546875,3,13831.790051200962,30000.606457450962,4,33172.631450381676,Stock Sufficient,5584556255.979993,0.9041583568669745,B,Stock Sufficient
3,8,3_8,1085379.43,8285.339160305342,716.0058681882839,131,37392,8398.2001953125,3,2046.2615946622939,27240.862180599794,7,57997.37412213739,Stock Sufficient,5585641635.409993,0.9043340834309169,B,Stock Sufficient
20,24,20_24,1084616.53,8279.515496183207,3665.1843960658985,131,203742,8084.04541015625,1,6047.5542535087325,14131.599663664983,8,66236.12396946565,Stock Sufficient,5586726251.939993,0.9045096864787948,B,Stock Sufficient
21,33,21_33,1083881.46,8273.90427480916,3740.5475920528484,131,140167,7938.83984375,3,10690.050487982175,34506.570019232175,7,57917.32992366412,Stock Sufficient,5587810133.399993,0.9046851705163784,B,Stock Sufficient
43,82,43_82,1083806.63,8273.333053435113,1128.0920226408787,131,41062,7684.0361328125,1,1861.3518373574498,9545.38797016995,5,41366.665267175566,Stock Sufficient,5588893940.029993,0.9048606424387345,B,Stock Sufficient
8,34,8_34,1083110.63,8268.020076335877,1681.5128535767547,131,155078,7449.421875,4,5548.99241680329,35346.67991680329,6,49608.12045801526,Stock Sufficient,5589977050.659993,0.9050360016763601,B,Stock Sufficient
15,79,15_79,1081590.85,8256.418702290077,941.1517275529992,131,123737,7967.6513671875,2,2196.1327366379273,18131.435471012926,6,49538.51221374046,Stock Sufficient,5591058641.509994,0.9052111148565151,B,Stock Sufficient
18,20,18_20,1081512.06,8255.817251908398,1803.622264796403,131,120653,7334.9609375,3,5154.542910478198,27159.425722978198,7,57790.72076335879,Stock Sufficient,5592140153.569994,0.9053862152803052,B,Stock Sufficient
4,6,4_6,1081272.23,8253.986488549619,6010.614088440536,131,205863,6524.39794921875,2,14025.481737404618,27074.277635842118,3,24761.959465648855,Reorder Required,5593221425.7999935,0.905561276874815,B,Reorder Required - Medium Priority
12,18,12_18,1080240.28,10802.4028,16962.6200544495,100,112238,7921.47265625,4,55976.64617968335,87662.53680468335,8,86419.2224,Reorder Required,5594301666.079993,0.9057361713931648,B,Reorder Required - Medium Priority
20,6,20_6,1077617.43,8226.087251908397,6461.297462032153,131,203742,6546.630859375,4,21322.281624706102,47508.8050622061,5,41130.43625954198,Reorder Required,5595379283.509994,0.9059106412633172,B,Reorder Required - Medium Priority
21,55,21_55,1077416.45,8224.553053435115,4490.9150555272545,131,140167,5591.5087890625,2,10479.336415337071,21662.35399346207,7,57571.871374045804,Stock Sufficient,5596456699.959993,0.9060850785941347,B,Stock Sufficient
19,18,19_18,1077214.73,11339.102421052632,15177.267385083616,95,203819,8972.478515625,3,43374.86708118771,70292.30262806271,5,56695.51210526316,Reorder Required,5597533914.689993,0.9062594832658087,B,Reorder Required - Medium Priority
29,79,29_79,1075127.07,8207.076870229008,898.4013320543621,131,93638,8022.4267578125,2,2096.3767246048,18141.2302402298,7,57449.538091603055,Stock Sufficient,5598609041.759993,0.9064335499383386,B,Stock Sufficient
29,3,29_3,1074440.73,8201.837633587786,5097.87680697907,131,93638,10783.1171875,2,11895.652757566133,33461.88713256613,2,16403.67526717557,Reorder Required,5599683482.489992,0.9066075054901243,B,Reorder Required - Medium Priority
20,71,20_71,1073156.29,8192.032748091604,2967.515805272939,131,203742,6885.44921875,4,9792.802157400698,37334.5990324007,6,49152.19648854963,Stock Sufficient,5600756638.779992,0.9067812530867734,B,Stock Sufficient
24,26,24_26,1072907.55,8190.133969465649,2176.281550766982,131,203819,8715.2470703125,4,7181.72911753104,42042.71739878104,2,16380.267938931298,Reorder Required,5601829546.329992,0.9069549604115835,B,Reorder Required - Medium Priority
45,22,45_22,1072513.08,8187.122748091603,2630.793761645408,131,118221,7622.3798828125,2,6138.831958917021,21383.59172454202,2,16374.245496183206,Reorder Required,5602902059.409992,0.9071286038703799,B,Reorder Required - Medium Priority
40,98,40_98,1065213.43,8131.400229007633,1122.8211482356983,131,155083,7838.052734375,4,3705.3097891778043,35057.5207266778,3,24394.2006870229,Reorder Required,5603967272.839993,0.9073010654913995,B,Reorder Required - Medium Priority
44,1,44_1,1064522.34,8126.124732824428,2150.893564090668,131,39910,9205.0185546875,1,3548.974380749602,12753.992935437102,6,48756.74839694657,Stock Sufficient,5605031795.179993,0.9074734152226341,B,Stock Sufficient
25,81,25_81,1062077.89,8107.464809160305,899.3386751859155,131,128107,9102.4814453125,3,2570.2054597455867,29877.649795683086,6,48644.78885496183,Stock Sufficient,5606093873.069993,0.9076453691892289,B,Stock Sufficient
4,12,4_12,1061662.34,8104.292671755726,1375.4178756552635,131,205863,7646.23095703125,2,3209.472112575407,18501.934026637908,6,48625.75603053435,Stock Sufficient,5607155535.409993,0.9078172558768872,B,Stock Sufficient
33,80,33_80,1061048.15,8099.604198473282,1158.3350380212203,131,39690,6528.0166015625,2,2702.9196488935813,15758.952852018581,7,56697.229389312975,Stock Sufficient,5608216583.559993,0.907989043125128,B,Stock Sufficient
1,32,1_32,1059088.38,8084.644122137403,5105.072921287498,131,151315,5753.8056640625,3,14589.705365423126,31851.122357610628,5,40423.220610687014,Stock Sufficient,5609275671.939993,0.9081605130800438,B,Stock Sufficient
11,49,11_49,1054590.49,8050.309083969466,1712.2766473986753,131,207499,8777.3017578125,1,2825.256468207814,11602.558226020314,4,32201.236335877864,Stock Sufficient,5610330262.429993,0.9083312548115081,B,Stock Sufficient
23,30,23_30,1052499.52,8034.347480916031,1631.0908636715596,131,114533,6785.59033203125,2,3806.0728544308217,17377.253518493322,1,8034.347480916031,Reorder Required,5611382761.949993,0.9085016580079281,B,Reorder Required - Medium Priority
13,42,13_42,1052395.58,8033.5540458015275,855.9771323471197,131,219622,8448.646484375,1,1412.3622683727474,9861.008752747748,3,24100.662137404583,Stock Sufficient,5612435157.529993,0.9086720443761142,B,Stock Sufficient
20,44,20_44,1049818.42,8013.88106870229,1930.859099362948,131,203742,8620.095703125,1,3185.917513948864,11806.013217073863,4,32055.52427480916,Stock Sufficient,5613484975.949993,0.9088420134934669,B,Stock Sufficient
5,9,5_9,1047403.02,7995.442900763359,2972.2518705379157,131,34875,10816.2490234375,3,8494.350566894449,40943.09763720695,5,39977.214503816795,Reorder Required,5614532378.969994,0.9090115915494722,B,Reorder Required - Medium Priority
34,34,34_34,1046935.89,7991.877022900763,1767.5267617335096,131,158114,6012.79541015625,4,5832.838313720581,29884.019954345582,2,15983.754045801526,Reorder Required,5615579314.859994,0.9091810939755663,B,Reorder Required - Medium Priority
26,98,26_98,1046415.03,7987.9009923664125,1200.2101351115116,131,152513,7631.72802734375,2,2800.6331937743685,18064.089248461867,8,63903.2079389313,Stock Sufficient,5616625729.889994,0.9093505120726824,B,Stock Sufficient
39,20,39_20,1044325.77,7971.952442748092,1674.2413570859683,131,184109,8348.9560546875,2,3906.7624758969055,20604.674585271907,1,7971.952442748092,Reorder Required,5617670055.659994,0.9095195919116089,B,Reorder Required - Medium Priority
26,34,26_34,1043510.26,7965.727175572519,1773.4455191429245,131,152513,8250.248046875,1,2926.185106585825,11176.433153460825,6,47794.36305343511,Stock Sufficient,5618713565.919994,0.9096885397167359,B,Stock Sufficient
13,12,13_12,1042554.57,7958.431832061068,1335.2580118514695,131,219622,8505.8466796875,2,3115.7609828856766,20127.454342260677,8,63667.454656488546,Stock Sufficient,5619756120.489994,0.9098573327924517,B,Stock Sufficient
41,56,41_56,1040067.4299999999,7939.446030534351,11665.042447174492,131,196321,2320.76220703125,1,19247.32003783791,21568.08224486916,2,15878.892061068702,Reorder Required,5620796187.919994,0.9100257231918739,B,Reorder Required - Medium Priority
17,97,17_97,1039853.39,7937.81213740458,1492.9284914200873,131,93188,9699.7421875,4,4926.664021686288,43725.63277168629,7,55564.68496183206,Stock Sufficient,5621836041.309995,0.9101940789375034,B,Stock Sufficient
29,17,29_17,1039719.69,7936.791526717557,1862.9352432692272,131,93638,7584.224609375,1,3073.8431513942246,10658.067760769225,6,47620.74916030534,Stock Sufficient,5622875760.999994,0.910362413036655,B,Stock Sufficient
1,22,1_22,1038432.49,7926.965572519084,2516.167864112825,131,151315,7036.1953125,3,7190.915458675534,28299.501396175532,6,47561.79343511451,Stock Sufficient,5623914193.489994,0.9105305387338167,B,Stock Sufficient
35,42,35_42,1037776.57,7921.95854961832,1534.5388659314033,131,103681,8253.0595703125,3,4385.533815270822,29144.71252620832,7,55453.70984732824,Stock Sufficient,5624951970.059994,0.9106985582353342,B,Stock Sufficient
22,29,22_29,1036400.95,7911.4576335877855,1811.888638406316,131,119557,7127.4345703125,2,4227.955851807489,18482.82499243249,4,31645.830534351142,Stock Sufficient,5625988371.009994,0.9108663550193676,B,Stock Sufficient
27,29,27_29,1035896.76,7907.608854961833,2047.9637564632685,131,204184,7449.9853515625,3,5852.842509119093,28202.798563806595,7,55353.26198473283,Stock Sufficient,5627024267.769994,0.9110340701733519,B,Stock Sufficient
1,42,1_42,1034309.54,7895.4926717557255,844.5671882466233,131,151315,7465.447265625,2,1970.7573137235813,16901.65184497358,3,23686.478015267177,Stock Sufficient,5628058577.309994,0.9112015283511036,B,Stock Sufficient
5,92,5_92,1034029.77,7893.357022900764,1040.6554232233386,131,34875,8696.328125,4,3434.162896637017,38219.47539663702,1,7893.357022900764,Reorder Required,5629092607.079994,0.9113689412331556,B,Reorder Required - Medium Priority
31,17,31_17,1033990.38,7893.056335877863,1466.7128108682127,131,203750,7470.7548828125,2,3422.5044962397146,18364.014261864715,6,47358.338015267174,Stock Sufficient,5630126597.459994,0.9115363477378347,B,Stock Sufficient
14,42,14_42,1033546.16,7889.66534351145,1090.878943521654,131,200898,6638.134765625,1,1799.9502568107291,8438.08502243573,3,23668.996030534352,Stock Sufficient,5631160143.619994,0.9117036823218083,B,Stock Sufficient
32,98,32_98,1033222.57,7887.195190839694,1169.2674999196,131,203007,7985.5458984375,2,2728.430028106827,18699.521824981828,8,63097.56152671755,Stock Sufficient,5632193366.189994,0.9118709645154774,B,Stock Sufficient
32,25,32_25,1027579.37,7844.117328244275,1690.4257459153816,131,203007,7301.037109375,2,3944.5279764960105,18546.60219524601,2,15688.23465648855,Reorder Required,5633220945.559994,0.9120373330561712,B,Reorder Required - Medium Priority
34,98,34_98,1027436.82,7843.029160305343,1592.3554409519531,131,158114,7886.2626953125,2,3715.6855901761896,19488.21098080119,1,7843.029160305343,Reorder Required,5634248382.379993,0.9122036785175426,B,Reorder Required - Medium Priority
20,12,20_12,1027278.28,7841.81893129771,2015.7282069756602,131,203742,8184.52734375,2,4703.605777798916,21072.660465298915,4,31367.27572519084,Stock Sufficient,5635275660.659993,0.912369998310757,B,Stock Sufficient
13,6,13_6,1025836.13,7830.8101526717555,5531.124737597087,131,219622,5759.59619140625,2,12906.61617149376,24425.808554306263,1,7830.8101526717555,Reorder Required,5636301496.789993,0.9125360846150579,B,Reorder Required - Medium Priority
6,44,6_44,1025829.86,7830.762290076335,1733.3987644893416,131,202505,8951.697265625,2,4044.803468873629,21948.19800012363,6,46984.573740458014,Stock Sufficient,5637327326.649993,0.9127021699042247,B,Stock Sufficient
31,55,31_55,1025626.51,7829.21,4803.4367969965,131,203750,6251.6533203125,2,11208.59101611881,23711.897656743808,3,23487.63,Reorder Required,5638352953.159993,0.9128682222703456,B,Reorder Required - Medium Priority
9,46,9_46,1025431.39,7827.720534351145,1870.4545125393834,131,125833,6824.3583984375,4,6172.4998913799645,33469.933485129965,3,23483.161603053435,Reorder Required,5639378384.5499935,0.9130342430458852,B,Reorder Required - Medium Priority
39,49,39_49,1020271.51,7788.33213740458,2002.8370487340078,131,184109,9190.52734375,3,5723.875620686197,33295.457651936194,4,31153.32854961832,Reorder Required,5640398656.059994,0.9131994284195758,B,Reorder Required - Medium Priority
1,21,1_21,1019791.39,7784.667099236642,1092.650758100535,131,151315,7535.4248046875,2,2549.6485097209843,17620.498119095984,3,23354.001297709925,Stock Sufficient,5641418447.449994,0.9133645360602307,B,Stock Sufficient
19,26,19_26,1018699.89,7776.335038167939,2103.782859924319,131,203819,9052.5234375,1,3471.241718875126,12523.765156375126,8,62210.680305343514,Stock Sufficient,5642437147.339994,0.913529466983381,B,Stock Sufficient
27,6,27_6,1018236.51,7772.797786259542,5390.3304668926585,131,204184,4583.0400390625,3,15404.93829310351,29154.05841029101,1,7772.797786259542,Reorder Required,5643455383.849995,0.9136943228837577,B,Reorder Required - Medium Priority
26,17,26_17,1016502.8,7759.563358778626,1837.3554836614883,131,152513,8496.5888671875,2,4287.38152242618,21280.559256801178,3,23278.69007633588,Stock Sufficient,5644471886.649995,0.9138588980906803,B,Stock Sufficient
25,91,25_91,1015645.07,7753.015801526717,634.1224661687437,131,128107,8394.3984375,1,1046.302069178427,9440.700506678428,2,15506.031603053434,Stock Sufficient,5645487531.719995,0.9140233344282438,B,Stock Sufficient
18,67,18_67,1015013.82,7748.1970992366405,3478.9058556633067,131,120653,5275.5068359375,4,11480.38932368891,32582.416667438913,7,54237.37969465648,Stock Sufficient,5646502545.539994,0.9141876685643188,B,Stock Sufficient
17,67,17_67,1014908.87,7747.395954198473,2879.8298065798635,131,93188,6885.8798828125,3,8230.2190445435,28887.858692981,6,46484.37572519084,Stock Sufficient,5647517454.409994,0.9143519857086373,B,Stock Sufficient
17,26,17_26,1014304.82,7742.784885496183,1784.8274146014428,131,93188,8944.615234375,1,2944.9652340923803,11889.58046846738,8,61942.279083969464,Stock Sufficient,5648531759.229994,0.9145162050552382,B,Stock Sufficient
17,22,17_22,1013944.33,7740.033053435114,3890.9964281811285,131,93188,8185.99267578125,2,9079.454867800388,25451.44021936289,7,54180.2313740458,Stock Sufficient,5649545703.559994,0.9146803660373012,B,Stock Sufficient
2,12,2_12,1011082.5,7718.187022900764,1154.8439346607001,131,202307,7726.3955078125,3,3300.4098099143907,26479.596333351892,6,46309.122137404585,Stock Sufficient,5650556786.059994,0.9148440636795047,B,Stock Sufficient
3,92,3_92,1009487.65,7706.0125954198475,1430.182848062866,131,37392,9474.4765625,2,3337.2635676664095,22286.21669266641,7,53942.088167938935,Stock Sufficient,5651566273.709993,0.915007503110153,B,Stock Sufficient
9,3,9_3,1008511.47,7698.560839694656,5442.105329296888,131,125833,10280.71875,1,8979.473793339865,19260.192543339865,5,38492.804198473284,Stock Sufficient,5652574785.179994,0.9151707844939909,B,Stock Sufficient
4,71,4_71,1007879.53,7693.736870229008,1777.9420379624225,131,205863,7620.5556640625,3,5081.151805394724,27942.818797582222,6,46162.42122137405,Stock Sufficient,5653582664.709993,0.9153339635646268,B,Stock Sufficient
35,32,35_32,1006539.11,7683.50465648855,4020.203337573343,131,103681,5538.9189453125,2,9380.953037764777,20458.790928389775,1,7683.50465648855,Reorder Required,5654589203.819993,0.9154969256167764,B,Reorder Required - Medium Priority
4,30,4_30,1003236.65,7658.295038167939,1197.7717396009682,131,205863,5903.43798828125,1,1976.3233703415974,7879.761358622847,7,53608.065267175574,Stock Sufficient,5655592440.469993,0.9156593529895943,B,Stock Sufficient
3,16,3_16,1002485.36,7652.5599999999995,4413.173695577821,131,37392,5076.1025390625,2,10297.930654100672,20450.135732225674,4,30610.239999999998,Stock Sufficient,5656594925.829992,0.9158216587260456,B,Stock Sufficient
40,17,40_17,1000264.25,7635.604961832061,2335.280966889744,131,155083,8218.7958984375,3,6673.961719592655,31330.349414905155,6,45813.62977099237,Stock Sufficient,5657595190.079992,0.9159836048573509,B,Stock Sufficient
22,42,22_42,999914.72,7632.936793893129,908.746362118434,131,119557,7774.18798828125,4,2998.8629949908322,34095.614948115835,4,30531.747175572516,Reorder Required,5658595104.799993,0.9161454943985788,B,Reorder Required - Medium Priority
17,12,17_12,997755.78,7616.456335877863,1766.601718741035,131,93188,9241.625,1,2914.8928359227075,12156.517835922707,5,38082.281679389314,Stock Sufficient,5659592860.579992,0.9163070344001919,B,Stock Sufficient
16,3,16_3,997520.98,7614.663969465649,2896.530347354248,131,57197,7938.8203125,2,6758.91562673849,22636.55625173849,5,38073.31984732825,Stock Sufficient,5660590381.559992,0.9164685363868987,B,Stock Sufficient
19,32,19_32,996390.2,7606.032061068702,4284.414885577495,131,203819,6250.5126953125,1,7069.284561202866,13319.797256515365,1,7606.032061068702,Reorder Required,5661586771.759992,0.9166298552965373,B,Reorder Required - Medium Priority
41,25,41_25,993191.98,7581.618167938931,1900.8153495445863,131,196321,8039.70458984375,2,4435.4620973733,20514.8712770608,4,30326.472671755724,Stock Sufficient,5662579963.739991,0.9167906564036491,B,Stock Sufficient
37,79,37_79,992990.14,7580.077404580153,867.3982137240508,131,39910,7736.09716796875,3,2478.923331331497,25687.214835237748,2,15160.154809160305,Reorder Required,5663572953.879992,0.9169514248321893,B,Reorder Required - Medium Priority
5,11,5_11,989982.2,7557.116030534351,1675.1620068999432,131,34875,6436.84765625,1,2764.017311384906,9200.864967634905,1,7557.116030534351,Reorder Required,5664562936.079991,0.9171117062651717,B,Reorder Required - Medium Priority
35,91,35_91,989246.01,7551.496259541985,1759.7288115254646,131,103681,7452.11572265625,4,5807.105078034033,35615.56796865903,2,15102.99251908397,Reorder Required,5665552182.089992,0.9172718685065282,B,Reorder Required - Medium Priority
34,74,34_74,989221.45,7551.308778625954,1096.1441978035998,131,158114,7555.40625,1,1808.6379263759395,9364.044176375939,7,52859.161450381675,Stock Sufficient,5666541403.539991,0.9174320267715383,B,Stock Sufficient
17,44,17_44,987297.98,7536.625801526718,1767.490360730958,131,93188,7344.8837890625,2,4124.354585190567,18814.122163315566,5,37683.129007633586,Stock Sufficient,5667528701.519991,0.917591873620315,B,Stock Sufficient
12,71,12_71,984603.97,7516.060839694656,2018.7266430401269,131,112238,7071.00830078125,3,5769.28623535846,26982.31113770221,8,60128.48671755725,Stock Sufficient,5668513305.489991,0.9177512842998523,B,Stock Sufficient
44,81,44_81,984461.03,7514.969694656489,645.3096061914637,131,39910,8134.470703125,2,1505.799235059255,17774.740641309254,8,60119.75755725191,Stock Sufficient,5669497766.519991,0.9179106718369249,B,Stock Sufficient
33,2,33_2,983705.61,7509.203129770992,731.6506922853741,131,39690,8493.6484375,1,1207.2236422708672,9700.872079770867,1,7509.203129770992,Reorder Required,5670481472.129991,0.9180699370689701,B,Reorder Required - Medium Priority
42,82,42_82,982387.08,7499.138015267175,1089.6331770804754,131,39690,7286.08740234375,3,3114.04504012153,24972.30724715278,8,59993.1041221374,Stock Sufficient,5671463859.2099905,0.9182289888265934,B,Stock Sufficient
40,34,40_34,981916.56,7495.546259541985,2092.1538795146516,131,155083,6642.03857421875,4,6904.10780239835,33472.26209927335,4,29982.18503816794,Reorder Required,5672445775.769991,0.9183879644054534,B,Reorder Required - Medium Priority
5,16,5_16,981900.08,7495.420458015267,4400.307029219992,131,34875,5285.8115234375,3,12575.566316793964,28433.000887106464,2,14990.840916030535,Reorder Required,5673427675.849991,0.9185469373161461,B,Reorder Required - Medium Priority
2,33,2_33,981105.94,7489.358320610687,3740.9826097358955,131,202307,5657.646484375,2,8729.40476642916,20044.697735179157,6,44936.149923664125,Stock Sufficient,5674408781.78999,0.9187057816529137,B,Stock Sufficient
44,4,44_4,980642.93,7485.823893129771,688.0734424470126,131,39910,8231.986328125,2,1605.5866104585589,18069.55926670856,2,14971.647786259542,Reorder Required,5675389424.719991,0.9188645510268121,B,Reorder Required - Medium Priority
11,21,11_21,980076.54,7481.500305343512,1348.9880775147085,131,207499,7074.9794921875,4,4451.660655798538,32751.578624548536,3,22444.500916030534,Reorder Required,5676369501.259991,0.919023228700273,B,Reorder Required - Medium Priority
26,3,26_3,976804.27,7456.5211450381685,3760.040153137819,131,152513,9215.0791015625,3,10745.75796316071,38390.99526784821,4,29826.084580152674,Reorder Required,5677346305.529991,0.9191813765822643,B,Reorder Required - Medium Priority
9,14,9_14,973963.92,7434.839083969466,3392.4036697982588,131,125833,7265.2158203125,1,5597.466055167127,12862.681875479626,3,22304.517251908397,Stock Sufficient,5678320269.449991,0.9193390646020799,B,Stock Sufficient
43,1,43_1,972179.61,7421.218396946565,6202.826764079153,131,41062,6904.81494140625,3,17726.95832478968,38441.40314900843,1,7421.218396946565,Reorder Required,5679292449.059991,0.9194964637361321,B,Reorder Required - Medium Priority
35,16,35_16,971594.22,7590.57984375,8671.237829164796,128,103681,595.7650146484375,1,14307.542418121913,14903.30743277035,3,22771.73953125,Stock Sufficient,5680264043.279991,0.9196537680935833,B,Stock Sufficient
12,16,12_16,971243.99,7414.076259541985,3754.4227697336332,131,112238,5978.287109375,2,8760.766739735445,20717.340958485445,6,44484.45755725191,Stock Sufficient,5681235287.269991,0.9198110157476247,B,Stock Sufficient
8,17,8_17,971204.21,7413.772595419847,1528.246970722482,131,155078,7081.171875,4,5043.215003384191,33367.90250338419,8,59310.180763358774,Stock Sufficient,5682206491.479991,0.9199682569611509,B,Stock Sufficient
12,81,12_81,970633.67,7409.417328244275,477.87589027152956,131,112238,7139.697265625,1,788.4952189480238,7928.192484573024,2,14818.83465648855,Stock Sufficient,5683177125.149991,0.9201254058023408,B,Stock Sufficient
13,58,13_58,969143.85,7398.04465648855,2711.0572791997574,131,219622,10918.6748046875,2,6326.123054814089,28163.47266418909,5,36990.22328244275,Stock Sufficient,5684146268.999991,0.9202823134366843,B,Stock Sufficient
22,33,22_33,966378.8,7376.937404580153,2206.682418029936,131,119557,8008.37255859375,3,6306.442005924708,30331.559681705956,8,59015.499236641226,Stock Sufficient,5685112647.799992,0.9204387734001745,B,Stock Sufficient
9,74,9_74,965262.39,7368.415190839694,1431.6401501147348,131,125833,7620.06591796875,3,4091.46123895452,26951.658992860772,6,44210.49114503816,Stock Sufficient,5686077910.189992,0.9205950526131476,B,Stock Sufficient
29,16,29_16,962905.38,7350.422748091603,6510.997545063754,131,93638,3494.50537109375,1,10743.145949355194,14237.651320448944,7,51452.959236641225,Stock Sufficient,5687040815.569992,0.9207509502183094,B,Stock Sufficient
1,67,1_67,962759.93,7349.312442748092,3501.1538886902576,131,151315,6124.521484375,2,8169.775867012756,20418.818835762755,7,51445.18709923664,Stock Sufficient,5688003575.499992,0.9209068242746294,B,Stock Sufficient
39,25,39_25,962374.22,7346.3680916030535,1694.5486792527088,131,184109,7234.67919921875,1,2796.0053207669694,10030.68451998572,5,36731.84045801527,Stock Sufficient,5688965949.719993,0.9210626358832088,B,Stock Sufficient
18,71,18_71,962319.15,7345.947709923665,2126.6795297934314,131,120653,6635.95703125,1,3509.0212241591616,10144.978255409162,5,36729.73854961833,Stock Sufficient,5689928268.869992,0.9212184385757708,B,Stock Sufficient
44,13,44_13,959532.96,7324.679083969465,632.7180152137898,131,39910,8339.9404296875,2,1476.417357150661,18156.29821652566,6,43948.07450381679,Stock Sufficient,5690887801.829992,0.9213737901748427,B,Stock Sufficient
3,1,3_1,959234.83,7322.403282442748,3070.769342358421,131,37392,9169.03125,2,7165.494023956601,25503.556523956602,8,58579.22625954198,Stock Sufficient,5691847036.659992,0.9215290935056693,B,Stock Sufficient
21,87,21_87,958144.99,7314.083893129771,990.5881219275532,131,140167,6385.28515625,2,2311.490208646804,15082.060521146805,8,58512.67114503817,Stock Sufficient,5692805181.649992,0.9216842203877507,B,Stock Sufficient
23,6,23_6,957247.76,7307.234809160305,5197.0166615431845,131,114533,5432.736328125,3,14852.46989419839,31150.678878573388,4,29228.93923664122,Reorder Required,5693762429.409992,0.9218392020052909,B,Reorder Required - Medium Priority
28,16,28_16,954097.09,7283.183893129771,3761.009437008506,131,206302,4922.7861328125,2,8776.136414150536,18621.708679775536,5,36415.919465648854,Stock Sufficient,5694716526.499992,0.9219936735188087,B,Stock Sufficient
2,44,2_44,952790.01,7273.206183206107,1736.3865386895404,131,202307,9118.8564453125,4,5730.075577675483,42205.50135892548,4,29092.82473282443,Reorder Required,5695669316.509993,0.9221479334116979,B,Reorder Required - Medium Priority
43,46,43_46,952287.36,7269.369160305343,1372.6229750702948,131,41062,6113.19921875,3,3922.797008555863,22262.394664805863,7,50885.5841221374,Stock Sufficient,5696621603.869992,0.9223021119238689,B,Stock Sufficient
16,17,16_17,951295.3200000001,7261.796335877863,1924.3930729658061,131,57197,7933.5908203125,1,3175.24857039358,11108.83939070608,2,14523.592671755727,Stock Sufficient,5697572899.189992,0.9224561298214422,B,Stock Sufficient
41,18,41_18,950123.55,10440.918131868133,13781.03125306641,91,196321,8608.861328125,1,22738.701567559576,31347.562895684576,4,41763.67252747253,Stock Sufficient,5698523022.739992,0.9226099580055291,B,Stock Sufficient
3,55,3_55,948944.22,7243.8490076335875,2919.539210555944,131,37392,7434.9638671875,2,6812.60571328962,21682.53344766462,7,50706.94305343511,Stock Sufficient,5699471966.959992,0.9227635952521404,B,Stock Sufficient
3,79,3_79,943071.64,7199.020152671756,714.4756772939105,131,37392,7137.31787109375,1,1178.8848675349523,8316.202738628703,7,50393.14106870229,Stock Sufficient,5700415038.599993,0.9229162817083861,B,Stock Sufficient
39,21,39_21,942829.65,7197.172900763359,1764.5363124648088,131,184109,7037.4287109375,3,5042.839799232313,26155.125932044815,7,50380.21030534351,Stock Sufficient,5701357868.249992,0.9230689289856404,B,Stock Sufficient
33,98,33_98,940251.08,7177.489160305343,1166.1097710527413,131,39690,5915.67626953125,1,1924.081122237023,7839.757391768273,8,57419.91328244274,Stock Sufficient,5702298119.329992,0.9232211587837779,B,Stock Sufficient
45,26,45_26,939288.61,7170.142061068702,2047.4668581214494,131,118221,8071.40673828125,3,5851.422431381618,30065.642646225366,2,14340.284122137404,Reorder Required,5703237407.939992,0.9233732327547997,B,Reorder Required - Medium Priority
8,12,8_12,938745.82,7165.998625954198,1260.8197996235278,131,155078,7636.64990234375,1,2080.352669378821,9717.00257172257,2,14331.997251908397,Stock Sufficient,5704176153.759992,0.9235252188463029,B,Stock Sufficient
35,81,35_81,937903.93,7159.571984732825,1653.859628385125,131,103681,7134.7294921875,4,5457.736773670912,33996.65474242091,5,35797.859923664124,Stock Sufficient,5705114057.689992,0.9236770686329964,B,Stock Sufficient
6,33,6_33,936925.79,7152.105267175572,2866.350032131812,131,202505,6448.7431640625,3,8191.69541508282,27537.92490727032,1,7152.105267175572,Reorder Required,5706050983.479992,0.9238287600555486,B,Reorder Required - Medium Priority
8,22,8_22,934960.13,7137.100229007634,2162.533415238662,131,155078,8026.11181640625,3,6180.269284627031,30258.60473384578,7,49959.701603053436,Stock Sufficient,5706985943.609992,0.9239801332311652,B,Stock Sufficient
6,6,6_6,932394.18,7117.512824427481,4978.917498894757,131,202505,5774.033203125,2,11618.066877241596,23166.133283491596,1,7117.512824427481,Reorder Required,5707918337.789992,0.9241310909708851,B,Reorder Required - Medium Priority
16,90,16_90,928626.03,7088.748320610687,1902.6598484818169,131,57197,8088.56591796875,2,4439.766147804444,20616.897983741943,4,28354.99328244275,Stock Sufficient,5708846963.819992,0.9242814386345028,B,Stock Sufficient
25,25,25_25,928369.07,7086.7867938931295,1502.1293852201775,131,128107,7121.611328125,4,4957.026971226585,33443.47228372659,5,35433.933969465645,Stock Sufficient,5709775332.889992,0.9244317446954362,B,Stock Sufficient
31,26,31_26,926755.82,7074.471908396946,1874.2259622189536,131,203750,7361.23046875,4,6184.945675322547,35629.867550322546,2,14148.943816793892,Reorder Required,5710702088.709991,0.9245817895657928,B,Reorder Required - Medium Priority
2,29,2_29,922811.3099999999,7044.361145038168,2404.5059372822516,131,202307,6015.22900390625,2,5610.800097063465,17641.258104875964,2,14088.722290076335,Reorder Required,5711624900.019992,0.924731195806773,B,Reorder Required - Medium Priority
19,21,19_21,922597.81,7042.731374045802,1559.5600246340503,131,203819,6572.9560546875,3,4457.041380197248,24175.909544259746,4,28170.92549618321,Stock Sufficient,5712547497.829992,0.9248805674813882,B,Stock Sufficient
7,22,7_22,922488.64,7041.898015267176,2205.9020308786376,131,70713,7158.63525390625,3,6304.211750101931,27780.11751182068,6,42251.388091603054,Stock Sufficient,5713469986.469993,0.925029921481015,B,Stock Sufficient
32,87,32_87,922340.2,7040.764885496183,1449.1693049374421,131,203007,9831.626953125,1,2391.1293531467795,12222.75630627178,2,14081.529770992365,Stock Sufficient,5714392326.669992,0.9251792514477086,B,Stock Sufficient
40,67,40_67,922151.09,7039.321297709924,2607.6704539853763,131,155083,6393.966796875,4,8605.312498151741,34181.17968565174,2,14078.642595419848,Reorder Required,5715314477.759993,0.9253285507968602,B,Reorder Required - Medium Priority
21,17,21_17,920584.67,7027.363893129771,1368.2675591326156,131,140167,5734.037109375,2,3192.787189482785,14660.861408232784,5,35136.819465648856,Stock Sufficient,5716235062.429993,0.9254775965373687,B,Stock Sufficient
20,20,20_20,919693.08,7020.5578625954195,1216.367359681471,131,203742,6188.91015625,4,4014.012286948854,28769.652911948855,7,49143.90503816793,Stock Sufficient,5717154755.509993,0.9256264979264709,B,Stock Sufficient
39,33,39_33,919551.37,7019.476106870229,2343.1531815810067,131,184109,7238.84521484375,2,5467.63636338072,19945.32679306822,4,28077.904427480917,Stock Sufficient,5718074306.8799925,0.9257753763722495,B,Stock Sufficient
16,55,16_55,919377.96,7018.152366412213,4608.853059419251,131,57197,5107.529296875,2,10754.53913096547,20969.59772471547,6,42108.91419847328,Stock Sufficient,5718993684.839993,0.9259242267423686,B,Stock Sufficient
21,32,21_32,918020.76,7007.792061068702,3504.261365666911,131,140167,5362.7998046875,3,10014.771901754053,26103.17131581655,8,56062.33648854962,Stock Sufficient,5719911705.599993,0.9260728573772633,B,Stock Sufficient
25,55,25_55,916876.58,6999.0578625954195,6412.538731811657,131,128107,4065.31201171875,1,10580.688907489233,14646.000919207983,6,41994.34717557252,Stock Sufficient,5720828582.179993,0.9262213027655849,B,Stock Sufficient
12,29,12_29,915735.67,6990.348625954199,2086.337169323959,131,112238,6362.1396484375,2,4868.368428892709,17592.64772576771,3,20971.045877862598,Stock Sufficient,5721744317.849993,0.9263695634367572,B,Stock Sufficient
35,6,35_6,914047.53,6977.4620610687025,5735.693383130658,131,103681,4055.7197265625,3,16391.94538776122,28559.10456744872,4,27909.84824427481,Reorder Required,5722658365.3799925,0.9265175507924112,B,Reorder Required - Medium Priority
24,32,24_32,912357.79,6964.5632824427485,4176.40400117124,131,203819,5468.0087890625,2,9745.439847669286,20681.457425794288,1,6964.5632824427485,Reorder Required,5723570723.169992,0.9266652645735013,B,Reorder Required - Medium Priority
8,55,8_55,909319.92,6941.373435114504,3655.28137292093,131,155078,5289.51904296875,3,10446.369538867631,26314.92666777388,7,48589.61404580153,Stock Sufficient,5724480043.089993,0.9268124865132665,B,Stock Sufficient
33,13,33_13,909138.8,6939.990839694657,672.9516918426648,131,39690,7712.02001953125,3,1923.2177601630342,25059.277818756786,4,27759.963358778627,Stock Sufficient,5725389181.889993,0.9269596791290974,B,Stock Sufficient
38,1,38_1,907428.3,6926.9335877862595,1679.3147633823608,131,39690,8010.1083984375,2,3918.601027883354,19938.817824758353,1,6926.9335877862595,Reorder Required,5726296610.189993,0.927106594809251,B,Reorder Required - Medium Priority
8,98,8_98,905459.87,6911.907404580153,1442.4343909140803,131,155078,7155.7890625,2,3365.8519594657105,17677.430084465712,1,6911.907404580153,Reorder Required,5727202070.059993,0.9272531917939963,B,Reorder Required - Medium Priority
14,6,14_6,904585.75,6905.234732824428,5265.197990941496,131,200898,3933.7861328125,2,12286.08877215891,20153.66103778391,4,27620.93893129771,Stock Sufficient,5728106655.809993,0.9273996472557869,B,Stock Sufficient
39,87,39_87,902131.6,6886.500763358778,1716.850007990313,131,184109,9236.990234375,2,4006.1877336694247,22480.168202419423,3,20659.502290076336,Reorder Required,5729008787.409993,0.9275457053824754,B,Reorder Required - Medium Priority
13,56,13_56,902054.46,6885.911908396946,8369.072919878847,131,219622,2690.35205078125,2,19528.833105840407,24909.537207402907,3,20657.73572519084,Reorder Required,5729910841.869993,0.9276917510199393,B,Reorder Required - Medium Priority
3,82,3_82,901379.14,6880.75679389313,1843.3138483579248,131,37392,7862.37158203125,1,3041.4678497905757,10903.839431821825,5,34403.78396946565,Stock Sufficient,5730812221.009994,0.9278376873208342,B,Stock Sufficient
7,56,7_56,900237.17,6872.039465648855,11740.425859306695,131,70713,1686.33203125,2,27395.72463914109,30768.38870164109,4,27488.15786259542,Reorder Required,5731712458.179994,0.9279834387329623,B,Reorder Required - Medium Priority
6,29,6_29,899384.14,6865.527786259542,2009.0957923627432,131,202505,5803.87109375,3,5741.762382914452,23153.37566416445,5,34327.63893129771,Stock Sufficient,5732611842.319994,0.9281290520366772,B,Stock Sufficient
4,49,4_49,897537.29,6851.429694656489,1410.3664987065424,131,205863,6727.7265625,3,4030.663614537048,24213.843302037047,1,6851.429694656489,Reorder Required,5733509379.609994,0.9282743663291931,B,Reorder Required - Medium Priority
12,44,12_44,895133.66,6833.081374045802,1351.938070958625,131,112238,7248.427734375,2,3154.683106473042,17651.538575223043,8,54664.65099236641,Stock Sufficient,5734404513.269994,0.9284192914659638,B,Stock Sufficient
18,42,18_42,893536.08,6820.886106870229,835.703813752744,131,120653,7120.28515625,2,1950.0750514344822,16190.645363934482,7,47746.2027480916,Stock Sufficient,5735298049.349994,0.9285639579491833,B,Stock Sufficient
12,91,12_91,891236.52,6803.332213740458,955.6417106275846,131,112238,6648.8505859375,1,1576.8088225355145,8225.659408473015,5,34016.66106870229,Stock Sufficient,5736189285.869994,0.9287082521259392,B,Stock Sufficient
23,50,23_50,891061.85,6801.998854961832,1147.703870350671,131,114533,7453.265625,1,1893.711386078607,9346.977011078607,7,47613.99198473283,Stock Sufficient,5737080347.719995,0.9288525180230373,B,Stock Sufficient
27,21,27_21,890778.67,6799.837175572519,1396.1450642301713,131,204184,6203.755859375,3,3990.0204068722305,22601.28798499723,6,40799.023053435114,Stock Sufficient,5737971126.389995,0.928996738072345,B,Stock Sufficient
21,91,21_91,887847.38,6777.4609160305345,629.0533247036319,131,140167,6631.640625,3,1797.7613264437412,21692.683201443742,8,54219.687328244276,Stock Sufficient,5738858973.769995,0.9291404835359868,B,Stock Sufficient
8,25,8_25,886968.99,6770.755648854962,1383.4491863360931,131,155078,6731.17431640625,2,3228.212793581368,16690.56142639387,3,20312.266946564887,Stock Sufficient,5739745942.7599945,0.9292840867853464,B,Stock Sufficient
6,24,6_24,885377.16,6758.60427480916,3204.5704420837706,131,202505,5865.93994140625,2,7477.712518278442,19209.592401090944,1,6758.60427480916,Reorder Required,5740631319.919994,0.929427432312099,B,Reorder Required - Medium Priority
34,67,34_67,884012.08,6748.183816793893,2592.0869286602783,131,158114,6511.29638671875,3,7407.883325823362,26941.77248597961,3,20244.55145038168,Reorder Required,5741515331.999994,0.9295705568278289,B,Reorder Required - Medium Priority
40,25,40_25,883256.1,6742.412977099237,1538.7784692864434,131,155083,6683.07763671875,2,3590.666278241789,16956.821551679288,1,6742.412977099237,Reorder Required,5742398588.099995,0.9297135589478654,B,Reorder Required - Medium Priority
44,97,44_97,882575.89,6737.220534351145,670.6423560797318,131,39910,7586.740234375,2,1564.9120005251755,16738.392469275175,5,33686.102671755725,Stock Sufficient,5743281163.989995,0.9298564509396255,B,Stock Sufficient
2,6,2_6,882077.3,6733.414503816794,4830.384513117454,131,202307,5529.982421875,4,15940.268893287597,38060.1985807876,7,47133.901526717564,Stock Sufficient,5744163241.289995,0.9299992622079951,B,Stock Sufficient
45,67,45_67,881311.24,6727.566717557252,3410.302914484384,131,118221,4955.3466796875,4,11253.999617798467,31075.386336548465,8,53820.53374045801,Stock Sufficient,5745044552.529995,0.9301419494486856,B,Stock Sufficient
34,17,34_17,880712.12,6722.993282442748,1402.8655212985934,131,158114,6731.23046875,1,2314.728110142679,9045.958578892678,7,47060.95297709924,Stock Sufficient,5745925264.649995,0.930284539689842,B,Stock Sufficient
19,20,19_20,879180.54,6711.301832061069,1487.5828210312816,131,203819,6447.35888671875,2,3471.2036710818506,16365.92144451935,6,40267.810992366416,Stock Sufficient,5746804445.189995,0.9304268819630682,B,Stock Sufficient
28,18,28_18,877686.26,8776.8626,12525.10268040281,100,206302,7421.953125,1,20666.419422664636,28088.372547664636,1,8776.8626,Reorder Required,5747682131.449995,0.9305689823073592,B,Reorder Required - Medium Priority
26,67,26_67,876216.49,6688.675496183206,2780.1010005908934,131,152513,5472.33984375,3,7945.205702274226,24362.225233524226,5,33443.37748091603,Stock Sufficient,5748558347.939995,0.9307108446909657,B,Stock Sufficient
32,42,32_42,875201.5599999999,6680.927938931297,803.037753241946,131,203007,7088.7197265625,3,2294.988611868165,23561.147791555664,8,53447.423511450375,Stock Sufficient,5749433549.499995,0.9308525427540069,B,Stock Sufficient
12,6,12_6,872211.75,6658.104961832061,3880.1909972268863,131,112238,4398.50146484375,4,12804.630290848725,30398.636150223727,7,46606.73473282443,Stock Sufficient,5750305761.249995,0.9309937567567982,B,Stock Sufficient
39,24,39_24,869988.01,6641.129847328244,2614.9715697057222,131,184109,7238.69189453125,2,6101.911627511525,20579.295416574023,6,39846.779083969464,Stock Sufficient,5751175749.259995,0.9311346107286377,B,Stock Sufficient
11,30,11_30,869957.86,6640.8996946564885,1198.2356216614355,131,207499,5215.34228515625,1,1977.0887757413684,7192.431060897618,3,19922.699083969466,Stock Sufficient,5752045707.119995,0.9312754598190911,B,Stock Sufficient
22,20,22_20,869551.88,6637.8006106870225,1153.6436553684734,131,119557,6422.849609375,2,2691.9725308868174,15537.671749636818,5,33189.00305343511,Stock Sufficient,5752915258.999995,0.9314162431800233,B,Stock Sufficient
6,12,6_12,868542.98,6630.099083969466,1075.2011120504571,131,202505,5991.6484375,1,1774.0818348832543,7765.7302723832545,3,19890.2972519084,Stock Sufficient,5753783801.979995,0.9315568631966672,B,Stock Sufficient
31,67,31_67,867055.67,6618.745572519084,3358.6793616828168,131,203750,5180.7646484375,1,5541.820946776647,10722.585595214146,6,39712.4734351145,Stock Sufficient,5754650857.649995,0.9316972424128421,B,Stock Sufficient
5,5,5_5,865269.5599999999,6605.111145038168,3746.660819806318,131,34875,5417.70166015625,1,6181.990352680425,11599.692012836675,2,13210.222290076335,Stock Sufficient,5755516127.209995,0.9318373324518276,B,Stock Sufficient
7,42,7_42,862691.98,6585.434961832061,1053.5832324854175,131,70713,7101.31640625,1,1738.4123336009388,8839.72873985094,5,32927.17480916031,Stock Sufficient,5756378819.189995,0.9319770051719803,B,Stock Sufficient
40,3,40_3,862589.68,6584.654045801527,2876.270560559756,131,155083,7057.3154296875,4,9491.692849847195,37720.9545685972,7,46092.578320610686,Stock Sufficient,5757241408.869995,0.9321166613294207,B,Stock Sufficient
1,26,1_26,861714.5599999999,6577.973740458015,1827.8076727036585,131,151315,6817.58837890625,2,4265.102160242743,17900.278918055243,4,26311.89496183206,Stock Sufficient,5758103123.429996,0.9322561758020028,B,Stock Sufficient
40,21,40_21,860951.07,6572.1455725190835,1631.6393922343923,131,155083,6405.91650390625,2,3807.3528197101186,16619.18582752262,7,46005.019007633586,Stock Sufficient,5758964074.499995,0.9323955666629974,B,Stock Sufficient
25,22,25_22,860153.53,6566.057480916031,2509.282144629398,131,128107,6027.39306640625,1,4140.315538638506,10167.708605044756,8,52528.459847328246,Stock Sufficient,5759824228.029995,0.9325348283995956,B,Stock Sufficient
39,71,39_71,859816.65,6563.485877862596,1802.4457304506566,131,184109,7603.83642578125,1,2974.0354552435833,10577.871881024834,6,39380.91526717557,Stock Sufficient,5760684044.679995,0.9326740355941937,B,Stock Sufficient
30,80,30_80,859298.49,6559.530458015267,924.3730777283697,131,42988,6660.50146484375,3,2641.7508740276794,22623.25526855893,3,19678.5913740458,Reorder Required,5761543343.169994,0.9328131588969529,B,Reorder Required - Medium Priority
20,41,20_41,857655.35,6546.9874045801525,5597.494237489265,131,203742,10000.96484375,2,13061.486238838232,33063.41592633823,7,45828.911832061065,Stock Sufficient,5762400998.519995,0.9329520161698445,B,Stock Sufficient
28,71,28_71,857484.01,6545.679465648855,1874.9230686052622,131,206302,5350.84228515625,1,3093.6230631986823,8444.465348354932,8,52365.43572519084,Stock Sufficient,5763258482.529995,0.9330908457022162,B,Stock Sufficient
41,26,41_26,856816.09,6540.580839694656,1946.8929664215227,131,196321,7745.0654296875,3,5563.993932321932,28799.190221384433,2,13081.161679389312,Reorder Required,5764115298.619995,0.9332295670961035,B,Reorder Required - Medium Priority
45,97,45_97,856451.27,6537.795954198474,582.999235720278,131,118221,6640.36279296875,1,961.9487389384586,7602.3115319072085,8,52302.36763358779,Stock Sufficient,5764971749.889996,0.9333682294244113,B,Stock Sufficient
25,87,25_87,853051.51,6511.843587786259,1011.8398448538936,131,128107,6745.9541015625,1,1669.5357440089244,8415.489845571425,2,13023.687175572519,Stock Sufficient,5765824801.399996,0.9335063413201916,B,Stock Sufficient
40,22,40_22,851867.85,6502.8080152671755,1964.899013695661,131,155083,7152.21533203125,2,4584.998275872171,18889.42893993467,6,39016.84809160305,Stock Sufficient,5766676669.249996,0.9336442615774545,B,Stock Sufficient
15,55,15_55,851745.82,6501.8764885496175,5647.968302623645,131,123737,3947.918212890625,2,13179.265066149119,21075.10149193037,5,32509.382442748087,Stock Sufficient,5767528415.069996,0.9337821620776517,B,Stock Sufficient
14,30,14_30,851127.03,6497.152900763359,1479.1479487058593,131,200898,4827.70361328125,2,3451.5212981966793,13106.92852475918,7,45480.07030534351,Stock Sufficient,5768379542.099996,0.933919962393676,B,Stock Sufficient
9,12,9_12,850156.95,6489.747709923664,1248.5753496344207,131,125833,6867.91796875,1,2060.1493268967943,8928.067295646793,7,45428.23396946565,Stock Sufficient,5769229699.049995,0.9340576056505002,B,Stock Sufficient
7,81,7_81,849341.12,6483.5199999999995,1292.7627280589675,131,70713,6477.04345703125,4,4266.117002594592,30174.29083071959,5,32417.6,Stock Sufficient,5770079040.169995,0.9341951168217157,B,Stock Sufficient
29,25,29_25,848403.97,6476.366183206107,1323.7603487504005,131,93638,6788.30078125,1,2184.2045754381606,8972.505356688162,2,12952.732366412214,Stock Sufficient,5770927444.139996,0.9343324762652084,B,Stock Sufficient
24,18,24_18,847441.86,7499.485486725664,12542.987084416289,113,203819,6459.5537109375,3,35846.39999966723,55225.06113247973,1,7499.485486725664,Reorder Required,5771774885.999995,0.9344696799398705,B,Reorder Required - Medium Priority
42,98,42_98,845959.51,6457.706183206107,1223.2938585660104,131,39690,5568.9228515625,2,2854.497963160415,13992.343666285415,1,6457.706183206107,Reorder Required,5772620845.509995,0.9346066436171042,B,Reorder Required - Medium Priority
19,42,19_42,845824.82,6456.678015267175,866.403646514114,131,203819,6855.826171875,3,2476.0809737818954,23043.559489406896,6,38740.068091603054,Stock Sufficient,5773466670.329995,0.9347435854875759,B,Stock Sufficient
26,25,26_25,845635.51,6455.232900763359,1502.2241254197259,131,152513,7143.90283203125,4,4957.339613885095,33532.950942010095,8,51641.86320610687,Stock Sufficient,5774312305.839995,0.9348804967081248,B,Stock Sufficient
7,55,7_55,843586.08,6439.588396946565,4547.3499079118465,131,70713,4780.48974609375,4,15006.254696109092,34128.21368048409,1,6439.588396946565,Reorder Required,5775155891.919995,0.9350170761190945,B,Reorder Required - Medium Priority
12,20,12_20,841472.46,6423.453893129771,1222.5201608830414,131,112238,6012.8603515625,2,2852.6925764623034,14878.413279587303,6,38540.723358778625,Stock Sufficient,5775997364.379995,0.935153313327909,B,Stock Sufficient
16,22,16_22,838009.53,6397.0193129771,1799.7448829804018,131,57197,6918.92333984375,1,2969.579056917663,9888.502396761412,3,19191.0579389313,Stock Sufficient,5776835373.909995,0.9352889898767613,B,Stock Sufficient
16,56,16_56,837793.42,6444.564769230769,10778.931158071317,130,57197,1563.241455078125,2,25152.122542190136,28278.605452346386,2,12889.129538461539,Reorder Required,5777673167.329995,0.9354246314366812,B,Reorder Required - Medium Priority
19,12,19_12,837027.91,6389.526030534352,1642.2737928773677,131,203819,6533.66748046875,2,3832.1676871781765,16899.502648115675,1,6389.526030534352,Reorder Required,5778510195.239995,0.9355601490579688,B,Reorder Required - Medium Priority
36,97,36_97,836842.07,6388.107404580152,1167.1423490959505,131,39910,5099.931640625,3,3335.5572496941377,18635.35217156914,4,25552.42961832061,Stock Sufficient,5779347037.309995,0.9356956365911382,B,Stock Sufficient
32,18,32_18,836546.11,8995.119462365592,13044.616847715417,93,203007,6056.99755859375,1,21523.617798730436,27580.615357324186,4,35980.47784946237,Stock Sufficient,5780183583.419994,0.9358310762073925,B,Stock Sufficient
29,22,29_22,835616.16,6378.749312977099,1607.8743694542766,131,93638,6052.82666015625,1,2652.9927095995563,8705.819369755805,3,19136.247938931298,Stock Sufficient,5781019199.579994,0.9359663652616281,B,Stock Sufficient
28,83,28_83,834391.44,6369.400305343511,2447.248804300592,131,206302,6495.7939453125,1,4037.9605270959764,10533.754472408476,7,44585.80213740458,Stock Sufficient,5781853591.019994,0.9361014560295948,B,Stock Sufficient
24,33,24_33,833380.28,6361.681526717557,2344.892847672107,131,203819,6438.654296875,3,6701.43135828038,26017.39424890538,1,6361.681526717557,Reorder Required,5782686971.2999935,0.9362363830873719,B,Reorder Required - Medium Priority
23,97,23_97,832315.22,6353.551297709923,1725.6899948276632,131,114533,7486.78369140625,4,5694.776982931288,35641.91174855629,3,19060.65389312977,Reorder Required,5783519286.519994,0.9363711377083689,B,Reorder Required - Medium Priority
28,42,28_42,831135.04,6344.542290076336,600.6559450410665,131,206302,6731.49462890625,3,1716.6049142210534,21911.088800939804,5,31722.71145038168,Stock Sufficient,5784350421.559994,0.9365057012542721,B,Stock Sufficient
7,6,7_6,829761.53,6334.057480916031,3785.7135077255807,131,70713,5109.2998046875,3,10819.129428162822,26147.02884222532,8,50672.459847328246,Stock Sufficient,5785180183.0899935,0.9366400424243074,B,Stock Sufficient
30,46,30_46,829709.67,6333.661603053435,959.4866905332698,131,42988,5263.4501953125,4,3166.30607875979,24220.10686000979,2,12667.32320610687,Reorder Required,5786009892.759994,0.9367743751980351,B,Reorder Required - Medium Priority
31,20,31_20,827370.34,6315.804122137404,1103.1966489740137,131,203750,6184.79931640625,1,1820.2744708071225,8005.073787213372,7,44210.62885496183,Stock Sufficient,5786837263.099994,0.9369083292264028,B,Stock Sufficient
45,87,45_87,826912.48,6312.3090076335875,1390.3419813052396,131,118221,8053.7880859375,3,3973.4358700024777,28134.80012781498,6,37873.85404580153,Stock Sufficient,5787664175.579993,0.9370422091257035,B,Stock Sufficient
28,67,28_67,825799.62,6303.813893129771,3242.80333229008,131,206302,4924.80615234375,4,10701.250996557264,30400.475605932264,6,37822.88335877862,Stock Sufficient,5788489975.199993,0.9371759088492438,B,Stock Sufficient
22,32,22_32,824399.06,6293.122595419848,3021.658280322143,131,119557,4904.7080078125,2,7050.895699466088,16860.311715091088,4,25172.490381679392,Stock Sufficient,5789314374.259994,0.9373093818174308,B,Stock Sufficient
33,40,33_40,820650.83,6264.510152671755,1084.5019200266615,131,39690,7525.1220703125,2,2530.6335841402547,17580.877724765254,8,50116.08122137404,Stock Sufficient,5790135025.0899935,0.9374422479346303,B,Stock Sufficient
21,16,21_16,819532.88,6255.976183206107,4172.273756410463,131,140167,3651.856689453125,3,11923.873713162138,22879.443781521513,3,18767.928549618322,Reorder Required,5790954557.969994,0.9375749330519816,B,Reorder Required - Medium Priority
5,96,5_96,817530.64,6240.691908396947,1296.4240467123498,131,34875,8005.7958984375,1,2139.099677075377,10144.895575512877,8,49925.535267175575,Stock Sufficient,5791772088.609994,0.9377072939999727,B,Stock Sufficient
3,46,3_46,817021.11,6236.802366412214,2125.522888097759,131,37392,5769.69873046875,1,3507.112765361302,9276.811495830052,6,37420.81419847328,Stock Sufficient,5792589109.719994,0.9378395724533506,B,Stock Sufficient
5,7,5_7,816323.21,6231.474885496183,4060.707197264529,131,34875,5155.02001953125,3,11605.029447532585,27070.089506126336,6,37388.849312977094,Stock Sufficient,5793405432.929994,0.9379717379143817,B,Stock Sufficient
34,87,34_87,815242.31,6223.2237404580155,1634.2349003100157,131,158114,8572.875,2,3813.409314201081,20959.159314201082,2,12446.447480916031,Reorder Required,5794220675.239994,0.9381037283740837,B,Reorder Required - Medium Priority
5,23,5_23,814697.5,6219.064885496183,1668.8687584392037,131,34875,5535.4580078125,1,2753.633451424686,8289.091459237186,7,43533.45419847328,Stock Sufficient,5795035372.739994,0.9382356306272224,B,Stock Sufficient
12,67,12_67,814309.98,6216.106717557252,2521.2552598501848,131,112238,5221.38623046875,1,4160.071178752804,9381.457409221555,7,43512.74702290076,Stock Sufficient,5795849682.719994,0.9383674701395754,B,Stock Sufficient
13,29,13_29,811837.88,6197.23572519084,2181.816222025914,131,219622,6026.26611328125,1,3599.9967663427583,9626.262879624008,6,37183.41435114504,Stock Sufficient,5796661520.599994,0.9384989094106612,B,Stock Sufficient
19,71,19_71,810844.04,6189.649160305344,2037.5508039733306,131,203819,6082.38427734375,4,6723.917653111991,31053.454762486992,4,24758.596641221375,Reorder Required,5797472364.639994,0.9386301877757232,B,Reorder Required - Medium Priority
1,24,1_24,809780.81,6181.532900763359,3100.2367540546834,131,151315,6493.6220703125,2,7234.254825850263,20221.498966475265,2,12363.065801526718,Reorder Required,5798282145.449994,0.9387612940002882,B,Reorder Required - Medium Priority
29,67,29_67,807910.5,6167.255725190839,2881.0609459855455,131,93638,4941.8330078125,4,9507.501121752299,29274.8331530023,2,12334.511450381679,Reorder Required,5799090055.949994,0.9388920974154017,B,Reorder Required - Medium Priority
19,33,19_33,806844.65,6159.119465648855,2332.7597229759745,131,203819,6955.8330078125,3,6666.756297373732,27534.255320811233,5,30795.597328244276,Stock Sufficient,5799896900.599994,0.9390227282658313,B,Stock Sufficient
11,42,11_42,806660.15,6157.7110687022905,700.7925378985096,131,207499,6522.04345703125,3,2002.783663988838,21568.914035082587,6,36946.26641221374,Stock Sufficient,5800703560.749993,0.9391533292450931,B,Stock Sufficient
10,31,10_31,805725.7,6150.57786259542,2673.6044301852444,131,126512,4543.6953125,1,4411.447309805653,8955.142622305653,1,6150.57786259542,Reorder Required,5801509286.449993,0.9392837789337711,B,Reorder Required - Medium Priority
20,30,20_30,804397.19,6140.4365648854955,1380.204161207694,131,203742,4962.18408203125,3,3944.4631578490234,18831.015403942773,4,24561.746259541982,Stock Sufficient,5802313683.639993,0.9394140135322318,B,Stock Sufficient
15,67,15_67,803201.62,6131.310076335878,2521.9299519923525,131,123737,4655.02294921875,4,8322.368841574762,26942.46063844976,1,6131.310076335878,Reorder Required,5803116885.259993,0.9395440545639062,B,Reorder Required - Medium Priority
34,22,34_22,802141.5,6123.217557251908,1871.1289922948374,131,158114,5665.1181640625,3,5347.46929558019,22342.82378776769,4,24492.870229007633,Stock Sufficient,5803919026.759993,0.9396739239586032,B,Stock Sufficient
24,21,24_21,801073.43,6115.064351145039,1174.5295336726883,131,203819,6125.3564453125,1,1937.9737305599356,8063.330175872436,7,42805.45045801527,Stock Sufficient,5804720100.189993,0.9398036204291907,B,Stock Sufficient
1,18,1_18,800091.45,8000.9145,11868.223998615626,100,151315,4981.681640625,2,27693.935511204705,37657.298792454705,4,32003.658,Reorder Required,5805520191.639993,0.9399331579139284,B,Reorder Required - Medium Priority
33,4,33_4,799866.42,6105.850534351145,675.3553651583542,131,39690,6621.10546875,1,1114.3363525112843,7735.4418212612845,3,18317.551603053435,Stock Sufficient,5806320058.059993,0.9400626589655555,B,Stock Sufficient
18,30,18_30,798988.17,6099.146335877863,1380.404970645156,131,120653,5485.791015625,1,2277.6682015645074,7763.459217189507,2,12198.292671755726,Stock Sufficient,5807119046.229993,0.9401920178255669,B,Stock Sufficient
8,26,8_26,797787.08,6089.9777099236635,1928.183679839483,131,155078,5781.0693359375,2,4499.324792779506,16061.463464654506,2,12179.955419847327,Reorder Required,5807916833.309993,0.9403211822250858,B,Reorder Required - Medium Priority
31,32,31_32,795436.99,6072.0380916030535,2795.3851347938316,131,203750,5006.82763671875,2,6522.898089974606,16536.553363412106,8,48576.30473282443,Stock Sufficient,5808712270.299993,0.9404499661371646,B,Stock Sufficient
26,22,26_22,794855.23,6067.597175572519,1636.3792723022443,131,152513,7076.44287109375,3,4676.581866132122,25905.91047941337,5,30337.985877862593,Stock Sufficient,5809507125.529992,0.9405786558603514,B,Stock Sufficient
39,32,39_32,793905.25,6060.345419847328,2585.3219230239183,131,184109,5537.12158203125,1,4265.781172989465,9802.902755020714,4,24241.381679389313,Stock Sufficient,5810301030.779992,0.9407071917785955,B,Stock Sufficient
12,42,12_42,793375.97,6056.305114503816,820.9948594998502,131,112238,6823.23193359375,3,2346.30793552091,22816.003736302162,7,42394.13580152671,Stock Sufficient,5811094406.749992,0.9408356420046354,B,Stock Sufficient
42,46,42_46,790836.38,6036.91893129771,730.2333892838664,131,39690,5740.7763671875,1,1204.8850923183795,6945.66145950588,8,48295.35145038168,Stock Sufficient,5811885243.1299925,0.9409636810625509,B,Stock Sufficient
24,24,24_24,789812.64,6029.104122137404,2332.119148187188,131,203819,6827.1259765625,3,6664.92560904136,27146.303538728862,2,12058.208244274809,Reorder Required,5812675055.769993,0.9410915543735325,B,Reorder Required - Medium Priority
4,58,4_58,789375.07,6025.763893129771,2702.3789766504647,131,205863,3236.38232421875,3,7723.085186626578,17432.23215928283,4,24103.055572519082,Stock Sufficient,5813464430.839993,0.9412193568404659,B,Stock Sufficient
25,18,25_18,788236.45,7652.781067961165,13232.858790399629,103,128107,6267.41357421875,2,30878.245811079454,43413.072959516954,1,7652.781067961165,Reorder Required,5814252667.289992,0.9413469749610088,B,Reorder Required - Medium Priority
17,6,17_6,786021.35,6000.162977099237,3698.996346311272,131,93188,5048.333984375,4,12206.687942827197,32400.023880327197,4,24000.651908396947,Reorder Required,5815038688.639993,0.941474234449445,B,Reorder Required - Medium Priority
45,55,45_55,783795.81,5983.174122137405,5671.5447089151,131,118221,4213.61474609375,4,18716.09753941983,35570.55652379483,6,35899.04473282443,Stock Sufficient,5815822484.449993,0.9416011336155032,B,Stock Sufficient
41,49,41_49,783099.11,5977.855801526717,1755.9965467913105,131,196321,7221.50244140625,1,2897.3943022056624,10118.896743611913,3,17933.56740458015,Stock Sufficient,5816605583.559993,0.9417279199834986,B,Stock Sufficient
24,42,24_42,782666.16,5974.550839694657,720.7929108014295,131,203819,6199.92138671875,1,1189.3083028223584,7389.229689541108,1,5974.550839694657,Reorder Required,5817388249.719993,0.9418546362554392,B,Reorder Required - Medium Priority
20,35,20_35,776891.11,5930.466488549619,1737.1927310010717,131,203742,5337.818359375,3,4964.695019844762,20978.150097969763,6,35582.798931297715,Stock Sufficient,5818165140.829992,0.941980417527448,B,Stock Sufficient
1,33,1_33,773718.8,5906.25038167939,2569.7214800654674,131,151315,6364.76904296875,1,4240.040442108021,10604.80948507677,1,5906.25038167939,Reorder Required,5818938859.6299925,0.9421056851918459,B,Reorder Required - Medium Priority
32,26,32_26,772781.41,5899.094732824427,1668.767151821657,131,203007,6390.65478515625,1,2753.465800505734,9144.120585661984,1,5899.094732824427,Reorder Required,5819711641.039992,0.9422308010896641,B,Reorder Required - Medium Priority
35,30,35_30,772781.3,5899.0938931297715,1732.0233109128449,131,103681,5247.1416015625,2,4041.5939134548403,14535.87711657984,6,35394.56335877863,Stock Sufficient,5820484422.339993,0.9423559169696729,B,Stock Sufficient
6,56,6_56,771823.8,5891.784732824428,6038.677141893594,131,202505,2156.08642578125,4,19927.63456824886,28551.98027137386,4,23567.13893129771,Reorder Required,5821256246.139993,0.9424808778272257,B,Reorder Required - Medium Priority
44,46,44_46,771030.3,5885.727480916031,590.4788405449411,131,39910,5656.84619140625,2,1377.8542545784433,12691.546637390944,6,35314.36488549619,Stock Sufficient,5822027276.439993,0.9426057102144715,B,Stock Sufficient
19,6,19_6,770801.58,5883.981526717557,4250.3447402964075,131,203819,4827.95703125,1,7013.068821489072,11841.025852739072,7,41187.8706870229,Stock Sufficient,5822798078.019993,0.9427305055711835,B,Stock Sufficient
7,79,7_79,770754.9,5883.625190839695,1041.621855930121,131,70713,5604.7568359375,2,2430.5749966090084,13640.088668484008,4,23534.50076335878,Stock Sufficient,5823568832.919992,0.9428552933702472,B,Stock Sufficient
17,32,17_32,768227.48,5864.331908396946,2265.271886949731,131,93188,6086.8037109375,4,7475.397226934113,31822.612070684114,4,23457.327633587785,Reorder Required,5824337060.399992,0.9429796719715501,B,Reorder Required - Medium Priority
35,18,35_18,765632.48,7089.189629629629,12393.18818335373,108,103681,5198.70361328125,2,28918.91443640236,39316.32166296486,6,42535.137777777774,Stock Sufficient,5825102692.879992,0.9431036304336641,B,Stock Sufficient
12,30,12_30,764578.94,5836.480458015267,1117.4689702137405,131,112238,4783.71728515625,1,1843.8238008526716,6627.541086008921,4,23345.921832061067,Stock Sufficient,5825867271.819991,0.9432274183241245,B,Stock Sufficient
7,12,7_12,763842.49,5830.8587022900765,1746.6104113477347,131,70713,4639.50830078125,4,5763.814357447524,24321.847560572525,8,46646.86961832061,Stock Sufficient,5826631114.309991,0.943351086980864,B,Stock Sufficient
24,20,24_20,762975.42,5824.239847328245,1203.7294927458288,131,203819,5511.36279296875,2,2808.8454472149015,13831.571033152402,5,29121.199236641223,Stock Sufficient,5827394089.729991,0.9434746152560674,B,Stock Sufficient
34,25,34_25,761478.76,5812.814961832061,1058.9576093051085,131,158114,5356.8251953125,2,2471.0271515448317,13184.677542169831,4,23251.259847328245,Stock Sufficient,5828155568.489991,0.9435979012170054,B,Stock Sufficient
19,29,19_29,759587.82,5798.380305343511,1983.1878146792387,131,203819,5635.94873046875,1,3272.2598942207437,8908.208624689494,6,34790.28183206107,Stock Sufficient,5828915156.309991,0.9437208810284258,B,Stock Sufficient
30,79,30_79,756939.19,5778.16175572519,838.0448309097708,131,42988,6453.62646484375,2,1955.5377034862872,14862.790633173787,1,5778.16175572519,Reorder Required,5829672095.49999,0.9438434320177806,B,Reorder Required - Medium Priority
41,33,41_33,756814.92,5777.213129770993,2211.286099197298,131,196321,5749.798828125,3,6319.598791902845,23568.995276277845,5,28886.065648854965,Stock Sufficient,5830428910.419991,0.9439659628874065,B,Stock Sufficient
8,32,8_32,754678.78,5760.906717557252,3701.2066315566794,131,155078,4082.27294921875,2,8636.589415562947,16801.135314000447,1,5760.906717557252,Reorder Required,5831183589.19999,0.9440881479088137,B,Reorder Required - Medium Priority
39,29,39_29,753493.49,5751.8587022900765,1505.022087061233,131,184109,5908.3037109375,2,3511.8973678685434,15328.504789743543,8,46014.86961832061,Stock Sufficient,5831937082.68999,0.9442101410278012,B,Stock Sufficient
11,6,11_6,752428.42,5743.728396946565,3505.8101820193406,131,207499,3426.399658203125,1,5784.586800331912,9210.986458535037,3,17231.185190839697,Stock Sufficient,5832689511.10999,0.9443319617083895,B,Stock Sufficient
37,82,37_82,751095.86,5733.556183206107,1660.0939865763191,131,39910,6242.69384765625,3,4744.355764648088,23472.437307616838,2,11467.112366412213,Reorder Required,5833440606.96999,0.9444535666430519,B,Reorder Required - Medium Priority
19,24,19_24,749497.93,5721.358244274809,2505.94955133071,131,203819,6907.228515625,1,4134.816759695672,11042.045275320672,2,11442.716488549619,Stock Sufficient,5834190104.89999,0.9445749128674971,B,Stock Sufficient
14,56,14_56,748476.9,5713.564122137404,6599.4845480995245,131,200898,1847.5648193359375,3,18860.56019277228,24403.25465078009,8,45708.512977099235,Stock Sufficient,5834938581.79999,0.9446960937837662,B,Stock Sufficient
21,71,21_71,745892.43,5693.83534351145,1557.4915627914686,131,140167,4072.0771484375,2,3634.332390779247,11778.486687654247,8,45550.6827480916,Stock Sufficient,5835684474.22999,0.9448168562656888,B,Stock Sufficient
2,20,2_20,745858.02,5693.572671755725,1173.613725364017,131,202307,4954.541015625,2,2738.5717382050593,12647.653769455059,6,34161.43603053435,Stock Sufficient,5836430332.24999,0.9449376131765173,B,Stock Sufficient
45,18,45_18,745542.98,6839.843853211009,12380.964948862913,109,118221,4966.4140625,1,20428.592165623806,25395.006228123806,2,13679.687706422019,Reorder Required,5837175875.22999,0.9450583190813147,B,Reorder Required - Medium Priority
19,56,19_56,745377.37,5689.90358778626,6553.566720831204,131,203819,3273.410888671875,2,15292.435848552159,21839.25762589591,3,17069.71076335878,Reorder Required,5837921252.59999,0.9451789981732986,B,Reorder Required - Medium Priority
39,83,39_83,744778.55,5685.332442748092,732.4157566249162,131,184109,6239.37890625,3,2093.159149518288,20811.295868268287,5,28426.66221374046,Stock Sufficient,5838666031.14999,0.9452995803143195,B,Stock Sufficient
32,56,32_56,744106.29,5680.200687022901,7100.445728718099,131,203007,2685.9921875,1,11715.735452384863,14401.727639884863,5,28401.003435114504,Stock Sufficient,5839410137.43999,0.9454200536141955,B,Stock Sufficient
29,55,29_55,743716.44,5677.224732824427,4710.511176720114,131,93638,3046.573974609375,1,7772.343441588188,10818.917416197564,2,11354.449465648853,Stock Sufficient,5840153853.87999,0.9455404637960511,B,Stock Sufficient
24,29,24_29,743415.33,5674.9261832061065,1945.2092283898444,131,203819,5222.94140625,1,3209.595226843243,8432.536633093243,7,39724.48328244274,Stock Sufficient,5840897269.20999,0.9456608252271894,B,Stock Sufficient
4,56,4_56,741240.13,5658.321603053435,7013.101488902021,131,205863,1178.4207763671875,3,20042.629360735144,23577.891689836706,2,11316.64320610687,Reorder Required,5841638509.33999,0.9457808344861645,B,Reorder Required - Medium Priority
38,82,38_82,740295.26,5651.108854961833,1211.992495005096,131,39690,5761.74658203125,2,2828.1267694855105,14351.61993354801,6,33906.653129770995,Stock Sufficient,5842378804.59999,0.9459006907675228,B,Stock Sufficient
3,3,3_3,739801.39,5647.338854961832,3264.431784954464,131,37392,7240.7060546875,1,5386.312445174865,12627.018499862366,3,16942.016564885496,Stock Sufficient,5843118605.98999,0.9460204670896745,B,Stock Sufficient
6,71,6_71,738214.64,5635.226259541985,1490.0733584256002,131,202505,5066.77734375,2,3477.0152214869113,13610.569908986912,3,16905.678778625956,Stock Sufficient,5843856820.629991,0.9461399865116882,B,Stock Sufficient
18,6,18_6,735765.05,5616.527099236641,4309.657327933928,131,120653,3540.45556640625,4,14221.869182181963,28383.691447806963,7,39315.68969465649,Stock Sufficient,5844592585.679991,0.9462591093368788,B,Stock Sufficient
26,21,26_21,735128.84,5611.670534351145,1093.2872607756515,131,152513,6058.587890625,3,3124.487986836534,21300.251658711535,4,22446.68213740458,Stock Sufficient,5845327714.519991,0.9463781291575402,B,Stock Sufficient
2,83,2_83,734739.97,5608.702061068702,856.4104079144419,131,202307,5709.671875,2,1998.3929028196292,13417.736652819629,1,5608.702061068702,Reorder Required,5846062454.489991,0.9464970860188465,B,Reorder Required - Medium Priority
9,34,9_34,734726.56,5608.599694656489,1250.2076362791402,131,125833,5212.56591796875,1,2062.8425998605812,7275.408517829332,7,39260.19786259542,Stock Sufficient,5846797181.049992,0.9466160407090289,B,Stock Sufficient
1,83,1_83,734338.83,5605.639923664122,1112.1980684776338,131,151315,6031.01318359375,3,3178.532878427331,21271.57242920858,5,28028.19961832061,Stock Sufficient,5847531519.879992,0.9467349326244261,B,Stock Sufficient
41,20,41_20,733121.85,5596.349999999999,1229.2766879310648,131,196321,5589.86083984375,3,3513.1299720933825,20282.712491624632,6,33578.1,Stock Sufficient,5848264641.729992,0.9468536275066863,B,Stock Sufficient
19,44,19_44,729837.89,5571.281603053435,1321.8572011650974,131,203819,5555.39404296875,1,2181.0643819224106,7736.458424891161,3,16713.844809160306,Stock Sufficient,5848994479.619992,0.9469717907048268,B,Stock Sufficient
23,12,23_12,726280.53,5544.126183206107,1723.6022827592835,131,114533,5522.5048828125,2,4021.9438452854183,15066.95361091042,4,22176.50473282443,Stock Sufficient,5849720760.149992,0.947089377954472,B,Stock Sufficient
20,83,20_83,726093.89,5542.70145038168,1196.4047408337271,131,203742,5315.4560546875,2,2791.753487447966,13422.665596822966,6,33256.20870229008,Stock Sufficient,5850446854.039992,0.9472069349864762,B,Stock Sufficient
31,71,31_71,725536.84,5538.449160305343,1232.3001614741797,131,203750,4762.65625,2,2875.5137420977107,12400.826242097712,7,38769.1441221374,Stock Sufficient,5851172390.8799925,0.9473244018302203,B,Stock Sufficient
27,56,27_56,723516.81,5523.029083969466,6634.879921304756,131,204184,3243.84521484375,1,10947.551870152847,14191.397084996597,5,27615.14541984733,Stock Sufficient,5851895907.689993,0.9474415416243436,B,Stock Sufficient
7,17,7_17,722575.26,5515.841679389313,1484.9822718476382,131,70713,4948.01416015625,4,4900.441497097206,24692.498137722207,3,16547.52503816794,Reorder Required,5852618482.949993,0.9475585289783692,B,Reorder Required - Medium Priority
16,79,16_79,720877.03,5502.878091603054,873.634193685835,131,57197,4935.9599609375,2,2038.5837866845957,11910.503708559596,2,11005.756183206107,Reorder Required,5853339359.979993,0.9476752413832715,B,Reorder Required - Medium Priority
28,20,28_20,719476.3099999999,5492.1855725190835,1078.5867818850604,131,206302,4742.77783203125,2,2516.830890978036,12002.386555040535,1,5492.1855725190835,Reorder Required,5854058836.289993,0.9477917270069159,B,Reorder Required - Medium Priority
11,44,11_44,719009.05,5488.618702290077,1463.1981612988386,131,207499,6818.73046875,3,4181.650368903066,24637.841775153065,2,10977.237404580153,Reorder Required,5854777845.3399935,0.9479081369796016,B,Reorder Required - Medium Priority
41,32,41_32,715656.97,5463.030305343511,2259.311842249228,131,196321,5359.70849609375,1,3727.864539711226,9087.573035804977,5,27315.151526717556,Stock Sufficient,5855493502.309994,0.9480240042393114,B,Stock Sufficient
4,44,4_44,715286.54,5460.202595419848,1314.900746566411,131,205863,6154.51025390625,4,4339.172463669156,28957.213479294158,7,38221.41816793894,Stock Sufficient,5856208788.849994,0.9481398115251639,B,Stock Sufficient
45,24,45_24,714255.78,5452.334198473282,2102.3875193543295,131,118221,6731.1494140625,4,6937.878813869287,33862.47647011929,5,27261.670992366413,Reorder Required,5856923044.629993,0.948255451927521,B,Reorder Required - Medium Priority
20,56,20_56,713438.98,5446.099083969466,6896.1210154219125,131,203742,2954.748046875,2,16091.769981830052,22001.266075580053,1,5446.099083969466,Reorder Required,5857636483.609993,0.9483709600872231,B,Reorder Required - Medium Priority
17,25,17_25,710006.89,5419.899923664122,1402.8479156758758,131,93188,5076.5361328125,3,4009.1763776504827,19238.78477608798,7,37939.29946564885,Stock Sufficient,5858346490.499993,0.9484859125800625,B,Stock Sufficient
14,12,14_12,707756.64,5402.722442748091,1003.3141277180351,131,200898,4590.25390625,1,1655.4683107347578,6245.722216984757,5,27013.612213740456,Stock Sufficient,5859054247.139994,0.9486005007498924,B,Stock Sufficient
33,97,33_97,706145.61,5390.424503816794,713.4933188768256,131,39690,5557.265625,2,1664.902681560027,12779.433931560026,4,21561.698015267175,Stock Sufficient,5859760392.749993,0.9487148280885708,B,Stock Sufficient
31,42,31_42,705492.1,5385.435877862596,593.5697136995274,131,203750,5467.73388671875,3,1696.3532882367945,18099.554948393044,2,10770.871755725191,Reorder Required,5860465884.849994,0.9488290496217922,B,Reorder Required - Medium Priority
25,42,25_42,704721.03,5379.549847328244,715.0576043626833,131,128107,5871.47900390625,2,1668.5528672467403,13411.51087505924,3,16138.649541984732,Stock Sufficient,5861170605.879993,0.9489431463161986,B,Stock Sufficient
21,81,21_81,704269.04,5376.099541984733,761.3124576331863,131,140167,6068.0205078125,1,1256.1655550947573,7324.186062907257,6,32256.5972519084,Stock Sufficient,5861874874.919993,0.9490571698319107,B,Stock Sufficient
41,6,41_6,703398.06,5369.450839694657,3909.968020879068,131,196321,4465.5166015625,3,11174.23439241792,24570.784197105422,1,5369.450839694657,Reorder Required,5862578272.979994,0.9491710523330444,B,Reorder Required - Medium Priority
41,71,41_71,701425.07,5354.389847328244,1440.3650982911802,131,196321,5845.90087890625,2,3361.023363674201,15052.825121486701,8,42835.118778625954,Stock Sufficient,5863279698.0499935,0.9492846154004909,B,Stock Sufficient
22,21,22_21,701060.64,5351.607938931298,1325.644676110294,131,119557,4579.654296875,2,3093.32872174073,12252.63731549073,3,16054.823816793894,Stock Sufficient,5863980758.689994,0.9493981194655002,B,Stock Sufficient
14,44,14_44,699503.58,5339.721984732824,1479.3455654477343,131,200898,4496.705078125,1,2440.9201829887616,6937.625261113762,4,21358.887938931297,Stock Sufficient,5864680262.269994,0.9495113714372818,B,Stock Sufficient
34,12,34_12,697669.3,5325.719847328244,818.3632415489095,131,158114,5035.31640625,2,1909.611651991027,11980.244464491027,2,10651.439694656488,Reorder Required,5865377931.569994,0.9496243264329898,B,Reorder Required - Medium Priority
21,20,21_20,697549.4,5324.804580152672,987.1350324006874,131,140167,4450.01171875,3,2821.1172495810815,16171.152405831082,3,15974.413740458018,Reorder Required,5866075480.969994,0.9497372620164861,B,Reorder Required - Medium Priority
28,29,28_29,697465.81,5324.166488549618,1756.9400909802614,131,206302,4438.25732421875,2,4099.736033153154,12976.250681590653,3,15972.499465648856,Stock Sufficient,5866772946.779994,0.9498501840664817,B,Stock Sufficient
15,90,15_90,696602.02,5317.572671755725,579.3928463165615,131,123737,5243.818359375,1,955.9981964223265,6199.816555797326,2,10635.14534351145,Stock Sufficient,5867469548.799994,0.949962966265984,B,Stock Sufficient
18,97,18_97,695873.22,5566.98576,2084.010294870501,125,120653,7800.037109375,1,3438.6169865363267,11238.654095911326,2,11133.97152,Reorder Required,5868165422.019995,0.950075630470326,C,Reorder Required - Low Priority
35,67,35_67,695678.2,5310.520610687023,2200.9093306350787,131,103681,4777.29443359375,4,7263.000791095759,26372.178525470757,3,15931.561832061068,Reorder Required,5868861100.219995,0.9501882631002769,C,Reorder Required - Low Priority
8,67,8_67,694174.33,5299.040687022901,2772.2881359633916,131,155078,4618.1953125,4,9148.550848679191,27621.33209867919,1,5299.040687022901,Reorder Required,5869555274.549994,0.9503006522486394,C,Reorder Required - Low Priority
19,49,19_49,693969.39,5297.476259541985,1268.398415245557,131,203819,5731.529296875,1,2092.857385155169,7824.386682030169,6,31784.85755725191,Stock Sufficient,5870249243.939995,0.9504130082165297,C,Review Overstock Risk
41,58,41_58,693793.44,5296.133129770992,2422.463048748615,131,196321,8162.8017578125,1,3997.0640304352146,12159.865788247715,5,26480.66564885496,Stock Sufficient,5870943037.379994,0.9505253356975258,C,Stock Sufficient
8,42,8_42,692921.09,5289.473969465648,584.7015471999101,131,155078,5313.3427734375,1,964.7575528798517,6278.100326317352,3,15868.421908396944,Stock Sufficient,5871635958.469995,0.950637521942136,C,Stock Sufficient
10,97,10_97,692367.11,5285.245114503817,418.7713798525877,131,126512,4935.44580078125,2,977.1830721200207,10848.07467368252,8,42281.96091603053,Stock Sufficient,5872328325.579994,0.9507496184955293,C,Review Overstock Risk
29,81,29_81,691565.95,5279.129389312977,452.84214305404294,131,93638,5390.19921875,3,1294.1702393036603,17464.76789555366,8,42233.035114503815,Stock Sufficient,5873019891.529994,0.950861585338436,C,Review Overstock Risk
17,18,17_18,691484.35,8865.183974358974,9759.306227523026,78,93188,6299.7607421875,2,22772.876323420194,35372.39780779519,3,26595.55192307692,Reorder Required,5873711375.879994,0.9509735389700296,C,Reorder Required - Low Priority
37,98,37_98,690103.9400000001,5267.969007633588,885.4273532037031,131,39910,4925.82080078125,3,2530.448517564078,17307.910919907827,6,31607.81404580153,Stock Sufficient,5874401479.819994,0.9510852691086219,C,Review Overstock Risk
32,32,32_32,690065.58,5267.6761832061065,2067.7636755127346,131,203007,4991.841796875,3,5909.428377655146,20884.953768280146,3,15803.02854961832,Reorder Required,5875091545.399994,0.9511969930366019,C,Reorder Required - Low Priority
23,35,23_35,689941.02,5266.725343511451,1542.1325572811866,131,114533,5083.35400390625,2,3598.492882848861,13765.200890661361,6,31600.352061068705,Stock Sufficient,5875781486.419994,0.9513086967979009,C,Review Overstock Risk
8,18,8_18,689336.87,6758.204607843138,9829.72129797789,102,155078,5573.73046875,1,16219.040141663518,21792.770610413518,2,13516.409215686275,Reorder Required,5876470823.289994,0.9514203027452919,C,Reorder Required - Low Priority
21,18,21_18,686428.58,8075.630352941176,11422.341582956378,85,140167,3997.14208984375,3,32643.725339093817,44635.15160862506,5,40378.15176470588,Reorder Required,5877157251.869994,0.951531437830794,C,Reorder Required - Low Priority
41,24,41_24,686280.77,5238.784503816794,2186.083842603274,131,196321,5449.20361328125,1,3607.038340295402,9056.241953576653,5,26193.92251908397,Stock Sufficient,5877843532.639995,0.9516425489853622,C,Stock Sufficient
7,32,7_32,685321.64,5231.462900763358,3155.3428495210837,131,70713,3503.072509765625,1,5206.315701709788,8709.388211475412,2,10462.925801526717,Stock Sufficient,5878528854.279995,0.9517535048535718,C,Stock Sufficient
22,71,22_71,682309.6,5208.470229007634,1283.5638113300408,131,119557,4551.36083984375,1,2117.8802886945673,6669.241128538317,4,20833.880916030535,Stock Sufficient,5879211163.879995,0.9518639730624201,C,Stock Sufficient
22,6,22_6,681949.9,5245.768461538461,4169.25487592179,130,119557,3493.642822265625,1,6879.270545270952,10372.913367536577,6,31474.61076923077,Stock Sufficient,5879893113.779995,0.951974383034634,C,Review Overstock Risk
45,33,45_33,681375.09,5201.336564885496,1875.7366955997977,131,118221,5840.32958984375,4,6189.931095479332,29551.249454854333,2,10402.673129770992,Reorder Required,5880574488.869995,0.9520846999431842,C,Reorder Required - Low Priority
25,21,25_21,679562.48,5187.499847328244,942.3632169147005,131,128107,4778.6083984375,2,2198.9596893698085,11756.176486244809,4,20749.999389312976,Stock Sufficient,5881254051.349995,0.9521947233841062,C,Stock Sufficient
41,42,41_42,677329.14,5170.45145038168,736.9337299869613,131,196321,6151.37890625,2,1719.5997646042927,14022.357577104292,4,20681.80580152672,Stock Sufficient,5881931380.489995,0.9523043852398041,C,Stock Sufficient
9,25,9_25,675816.73,5158.906335877862,1129.3113562713318,131,125833,4714.431640625,1,1863.3637378476974,6577.795378472698,7,36112.34435114503,Stock Sufficient,5882607197.219995,0.9524138022312589,C,Review Overstock Risk
23,85,23_85,674864.42,5151.63679389313,2540.0743387199304,131,114533,4881.935546875,1,4191.122658887885,9073.058205762885,7,36061.45755725191,Stock Sufficient,5883282061.639995,0.9525230650405362,C,Review Overstock Risk
24,49,24_49,673160.73,5138.631526717557,1203.921636202337,131,203819,4413.5859375,4,3972.9413994677116,21627.285149467712,5,25693.157633587783,Stock Sufficient,5883955222.369994,0.9526320520166979,C,Stock Sufficient
31,18,31_18,672771.29,6661.1018811881195,10536.871488907678,101,203750,2887.1611328125,4,34771.67591339534,46320.32044464534,7,46627.71316831683,Stock Sufficient,5884627993.659994,0.9527409759412195,C,Review Overstock Risk
21,29,21_29,671095.82,5122.868854961832,1358.9161928806705,131,140167,4359.7041015625,4,4484.423436506212,21923.23984275621,1,5122.868854961832,Reorder Required,5885299089.479994,0.9528496286015382,C,Reorder Required - Low Priority
7,25,7_25,669744.33,5112.55213740458,1619.1319867053207,131,70713,4578.0234375,4,5343.135556127558,23655.229306127556,6,30675.31282442748,Stock Sufficient,5885968833.809994,0.9529580624511006,C,Review Overstock Risk
16,6,16_6,669373.69,5109.72282442748,2787.152083567706,131,57197,4817.38232421875,2,6503.686657013502,16138.451305451003,1,5109.72282442748,Reorder Required,5886638207.499993,0.953066436292806,C,Reorder Required - Low Priority
17,33,17_33,669339.33,5109.460534351145,1740.337345228179,131,93188,5392.298828125,1,2871.556619626495,8263.855447751495,8,40875.68427480916,Stock Sufficient,5887307546.829993,0.9531748045715123,C,Review Overstock Risk
8,33,8_33,668284.4,5101.407633587786,2061.0273782576096,131,155078,6007.4697265625,3,5890.176822638886,23912.586002326385,3,15304.222900763358,Reorder Required,5887975831.229993,0.9532830020535192,C,Reorder Required - Low Priority
22,44,22_44,668261.98,5101.236488549618,1462.3304579666,131,119557,5777.8134765625,1,2412.84525564489,8190.65873220739,4,20404.945954198472,Stock Sufficient,5888644093.209992,0.9533911959056531,C,Stock Sufficient
21,67,21_67,666827.93,5090.289541984734,2504.8485456262497,131,140167,3858.920654296875,3,7158.56616137796,18735.328124268584,8,40722.31633587787,Stock Sufficient,5889310921.139993,0.9534991575802905,C,Review Overstock Risk
32,20,32_20,665218.47,5078.003587786259,882.2394209833457,131,203007,5312.9072265625,3,2521.337777612449,18460.059457299947,1,5078.003587786259,Reorder Required,5889976139.609993,0.9536068586779648,C,Reorder Required - Low Priority
41,21,41_21,665142.8,5077.425954198474,1416.7836855735432,131,196321,4890.392578125,3,4049.0031891343083,18720.18092350931,2,10154.851908396948,Reorder Required,5890641282.409993,0.9537145475244128,C,Reorder Required - Low Priority
10,52,10_52,664631.79,5073.525114503817,1266.093621669769,131,126512,4097.060546875,1,2089.054475755119,6186.115022630119,2,10147.050229007635,Stock Sufficient,5891305914.199993,0.9538221536366306,C,Stock Sufficient
32,71,32_71,664408.82,5071.823053435114,1118.845184169747,131,203007,5448.07421875,3,3197.5295628965027,19541.752219146503,5,25359.11526717557,Stock Sufficient,5891970323.019993,0.9539297236492589,C,Stock Sufficient
44,80,44_80,663894.73,5067.8987022900765,512.5466368550086,131,39910,5918.53369140625,1,845.7019508107642,6764.235642217014,7,35475.290916030535,Stock Sufficient,5892634217.749992,0.9540372104289947,C,Review Overstock Risk
45,20,45_20,662011.32,5053.521526717557,1101.973000773873,131,118221,4643.20654296875,3,3149.3108227506514,17078.930451656903,6,30321.129160305343,Stock Sufficient,5893296229.069992,0.9541443922783452,C,Review Overstock Risk
2,56,2_56,661910.73,5052.753664122138,5029.856399724657,131,202307,2159.750732421875,1,8299.263059545685,10459.01379196756,5,25263.76832061069,Stock Sufficient,5893958139.799992,0.954251557841838,C,Stock Sufficient
16,25,16_25,661420.72,5049.013129770992,1372.0347696962765,131,57197,4826.25927734375,4,4527.714739997712,23832.75184937271,1,5049.013129770992,Reorder Required,5894619560.519992,0.9543586440710712,C,Reorder Required - Low Priority
20,85,20_85,661165.09,5047.061755725191,1640.468725739211,131,203742,4587.72265625,3,4688.269048993344,18451.437017743345,4,20188.247022900763,Stock Sufficient,5895280725.609992,0.9544656889129514,C,Stock Sufficient
28,58,28_58,660705.18,5043.550992366412,3166.6042213886954,131,206302,8858.470703125,2,7389.1201503170505,25106.061556567052,1,5043.550992366412,Reorder Required,5895941430.789992,0.9545726592938626,C,Reorder Required - Low Priority
17,24,17_24,659256.32,5032.490992366412,1845.8654286539352,131,93188,4862.72998046875,2,4307.239073804736,14032.699034742236,7,35227.436946564885,Stock Sufficient,5896600687.109992,0.9546793950994885,C,Review Overstock Risk
15,32,15_32,658984.16,5030.413435114504,2547.4175247414087,131,123737,3935.499267578125,1,4203.2389158233245,8138.7381834014495,1,5030.413435114504,Reorder Required,5897259671.269992,0.9547860868414991,C,Reorder Required - Low Priority
32,21,32_21,658963.68,5030.257099236642,1105.7698584463421,131,203007,4279.54443359375,1,1824.5202664364645,6104.064700030214,3,15090.771297709925,Stock Sufficient,5897918634.949992,0.9548927752677292,C,Stock Sufficient
28,21,28_21,657891.01,5022.068778625954,749.9991157071952,131,206302,4120.17578125,1,1237.498540916872,5357.674322166872,1,5022.068778625954,Reorder Required,5898576525.959992,0.9549992900250946,C,Reorder Required - Low Priority
18,44,18_44,656962.64,5014.9819847328245,1217.8721611157084,131,120653,4711.66357421875,1,2009.4890658409188,6721.152640059669,6,30089.891908396945,Stock Sufficient,5899233488.599993,0.9551056544762486,C,Review Overstock Risk
6,30,6_30,656627.63,5012.42465648855,883.1372916111648,131,202505,4125.583984375,3,2523.9037875633594,14900.655740688358,8,40099.3972519084,Stock Sufficient,5899890116.229993,0.9552119646881618,C,Review Overstock Risk
34,32,34_32,656115.45,5008.514885496183,3216.351731518747,131,158114,3847.4150390625,3,9191.959613104293,20734.204730291793,6,30051.089312977096,Stock Sufficient,5900546231.679993,0.955318191976418,C,Review Overstock Risk
9,22,9_22,655675.31,5005.155038167939,1579.3764092730612,131,125833,6166.67919921875,4,5211.942150601101,29878.658947476102,4,20020.620152671756,Reorder Required,5901201906.989993,0.9554243480045346,C,Reorder Required - Low Priority
5,79,5_79,654635.82,4997.219999999999,443.45221411452764,131,34875,5260.525390625,2,1034.7746235174855,11555.825404767485,3,14991.659999999998,Stock Sufficient,5901856542.809993,0.9555303357357394,C,Stock Sufficient
8,56,8_56,653820.31,4990.994732824428,5690.937803780313,131,155078,2001.9349365234375,2,13279.532350800991,17283.402223847865,1,4990.994732824428,Reorder Required,5902510363.119993,0.9556361914331447,C,Reorder Required - Low Priority
44,8,44_8,653026.43,4984.934580152672,403.22501755082243,131,39910,5568.1923828125,2,940.9063760390289,12077.291141664029,5,24924.672900763362,Stock Sufficient,5903163389.5499935,0.9557419185987199,C,Stock Sufficient
38,46,38_46,651901.86,4976.350076335878,596.3727654044479,131,39690,5256.2265625,3,1704.3640843859166,17473.043771885918,2,9952.700152671756,Reorder Required,5903815291.409993,0.9558474636926465,C,Reorder Required - Low Priority
27,30,27_30,651480.43,4973.133053435115,1214.6315458378529,131,204184,4870.3740234375,1,2004.142050632457,6874.5160740699575,2,9946.26610687023,Stock Sufficient,5904466771.8399935,0.9559529405556452,C,Stock Sufficient
9,17,9_17,650927.54,4968.9125190839695,929.086373099396,131,125833,5391.90673828125,1,1532.9925156140034,6924.899253895253,5,24844.562595419848,Stock Sufficient,5905117699.379993,0.9560583279039014,C,Stock Sufficient
15,18,15_18,649926.47,6914.111382978723,11995.144667335386,94,123737,2215.293701171875,4,39583.97740220677,48445.15220689427,8,55312.89106382978,Stock Sufficient,5905767625.849994,0.9561635531755729,C,Review Overstock Risk
19,85,19_85,649826.98,4960.511297709923,1897.8475884523646,131,203819,4534.28466796875,2,4428.53696819557,13497.10630413307,4,19842.045190839694,Stock Sufficient,5906417452.829993,0.95626876233948,C,Stock Sufficient
18,21,18_21,649566.07,4958.51961832061,1401.7967261325746,131,120653,3984.56787109375,3,4006.1722000498007,15959.875813331051,7,34709.637328244266,Stock Sufficient,5907067018.899993,0.9563739292611846,C,Review Overstock Risk
13,83,13_83,649518.2,4958.154198473282,777.6361867924874,131,219622,4420.13671875,4,2566.1994164152084,20246.74629141521,1,4958.154198473282,Reorder Required,5907716537.099993,0.9564790884325759,C,Reorder Required - Low Priority
22,30,22_30,648240.17,4948.398244274809,1164.2960456056903,131,119557,4423.34765625,2,2716.8293762163357,11563.524688716336,5,24741.991221374046,Stock Sufficient,5908364777.269993,0.9565840406866309,C,Stock Sufficient
27,44,27_44,647988.44,4946.476641221374,1440.7458174851456,131,204184,4752.24853515625,2,3361.911753782678,12866.408824095179,6,29678.859847328244,Stock Sufficient,5909012765.709992,0.956688952184756,C,Review Overstock Risk
18,56,18_56,647590.57,4943.439465648855,6673.280426980688,131,120653,2462.372802734375,1,11010.912704518136,13473.28550725251,3,14830.318396946564,Stock Sufficient,5909660356.279992,0.956793799266396,C,Stock Sufficient
21,42,21_42,647343.43,4941.5529007633595,705.9400964186136,131,140167,5374.96240234375,1,1164.8011590907124,6539.763561434463,1,4941.5529007633595,Reorder Required,5910307699.709992,0.9568986063352425,C,Reorder Required - Low Priority
28,6,28_6,646525.11,5011.8225581395345,3137.4351241602585,129,206302,3045.029296875,4,10353.535909728853,22533.653097228853,1,5011.8225581395345,Reorder Required,5910954224.819992,0.9570032809153409,C,Reorder Required - Low Priority
39,6,39_6,645932.89,4930.785419847329,4391.8712514785175,131,184109,3318.653076171875,3,12551.457843972137,22507.417072487762,8,39446.28335877863,Stock Sufficient,5911600157.709992,0.9571078596130385,C,Review Overstock Risk
1,44,1_44,645767.72,4929.524580152672,1190.4562067842598,131,151315,5933.501953125,1,1964.2527411940287,7897.754694319028,3,14788.573740458014,Stock Sufficient,5912245925.429993,0.9572124115691599,C,Stock Sufficient
16,34,16_34,645651.61,4928.638244274809,1257.0548778856573,131,57197,4674.18798828125,1,2074.1405485113346,6748.328536792585,8,39429.10595419847,Stock Sufficient,5912891577.039992,0.9573169447266835,C,Review Overstock Risk
5,46,5_46,645248.78,4925.563206106871,1230.4228093347342,131,34875,4435.953125,3,3516.4054539229983,16824.264828923,1,4925.563206106871,Reorder Required,5913536825.819992,0.9574214126646813,C,Reorder Required - Low Priority
31,33,31_33,644664.09,4921.099923664122,1989.0251834923852,131,203750,4881.67138671875,2,4641.295544154333,14404.638317591833,4,19684.399694656488,Stock Sufficient,5914181489.909992,0.9575257859394105,C,Stock Sufficient
36,82,36_82,644018.47,4916.171526717557,1099.2819781807743,131,39910,5075.8076171875,1,1813.8152639982775,6889.622881185777,2,9832.343053435114,Stock Sufficient,5914825508.3799925,0.9576300546860999,C,Stock Sufficient
24,6,24_6,641593.39,4897.659465648855,3598.9926656552784,131,203819,4023.21875,4,11876.675796662417,27969.550796662417,4,19590.63786259542,Reorder Required,5915467101.769993,0.9577339308042172,C,Reorder Required - Low Priority
15,26,15_26,639955.98,4885.160152671756,1610.2909850535061,131,123737,5283.966796875,1,2656.980125338285,7940.946922213285,1,4885.160152671756,Reorder Required,5916107057.749992,0.9578375418201729,C,Reorder Required - Low Priority
2,30,2_30,639693.83,4883.159007633588,1040.1546848802052,131,202307,4099.3359375,2,2427.1514228337737,10625.823297833773,4,19532.63603053435,Stock Sufficient,5916746751.579992,0.9579411103931659,C,Stock Sufficient
13,85,13_85,635637.53,4852.194885496184,2029.7360063187323,131,219622,4038.23095703125,3,5800.74971667838,17915.44258777213,7,33965.36419847329,Stock Sufficient,5917382389.109992,0.9580440222376069,C,Review Overstock Risk
24,71,24_71,635191.28,4848.788396946565,1361.089293441565,131,203819,4633.5712890625,1,2245.797334178582,6879.368623241082,1,4848.788396946565,Reorder Required,5918017580.389992,0.9581468618326787,C,Reorder Required - Low Priority
24,44,24_44,633124.29,4833.009847328244,1235.1876988514023,131,203819,4695.82958984375,1,2038.0597031048137,6733.889292948564,7,33831.06893129771,Stock Sufficient,5918650704.679992,0.9582493667751486,C,Review Overstock Risk
43,83,43_83,632954.24,4831.71175572519,1160.49672270805,131,41062,4168.873046875,3,3316.564821483397,15823.183962108396,1,4831.71175572519,Reorder Required,5919283658.9199915,0.958351844185954,C,Reorder Required - Low Priority
38,98,38_98,631419.11,4819.99320610687,819.5785181733231,131,39690,4884.712890625,4,2704.609109971966,22243.460672471967,6,28919.95923664122,Stock Sufficient,5919915078.029991,0.9584540730540723,C,Review Overstock Risk
15,24,15_24,631373.79,4819.647251908397,2011.9725179485135,131,123737,5920.30859375,1,3319.754654615047,9240.063248365048,7,33737.53076335878,Stock Sufficient,5920546451.819991,0.9585562945847309,C,Review Overstock Risk
45,32,45_32,629212.36,4803.147786259542,3380.192977772648,131,118221,3439.901123046875,4,11154.63682664974,24914.241318837237,4,19212.591145038168,Reorder Required,5921175664.179991,0.9586581661726352,C,Reorder Required - Low Priority
24,56,24_56,628509.75,4797.784351145038,5608.806296409807,131,203819,2058.34375,3,16029.316834070114,22204.348084070116,3,14393.353053435116,Reorder Required,5921804173.929991,0.9587599240056279,C,Reorder Required - Low Priority
45,29,45_29,627089.65,4786.943893129771,1853.5865558929352,131,118221,4070.96337890625,2,4325.255956520769,12467.18271433327,3,14360.831679389314,Stock Sufficient,5922431263.57999,0.9588614519196758,C,Stock Sufficient
12,12,12_12,626893.53,4785.44679389313,683.3628990888958,131,112238,4394.1064453125,1,1127.548783496678,5521.655228809178,6,28712.68076335878,Stock Sufficient,5923058157.10999,0.9589629480812388,C,Review Overstock Risk
18,94,18_94,626085.28,5540.577699115044,3632.5523727160503,113,120653,8141.3466796875,2,8476.387972017246,24759.081331392248,4,22162.310796460177,Reorder Required,5923684242.38999,0.9590643133844206,C,Reorder Required - Low Priority
22,56,22_56,621863.33,4820.645968992248,5838.191498416443,129,119557,2674.941162109375,3,16684.87309429702,24709.696580625146,4,19282.58387596899,Reorder Required,5924306105.71999,0.9591649951397608,C,Reorder Required - Low Priority
23,31,23_31,621660.38,4745.499083969466,1870.546119105101,131,114533,5175.46240234375,2,4364.830289626608,14715.755094314107,6,28472.994503816793,Stock Sufficient,5924927766.09999,0.9592656440368166,C,Review Overstock Risk
1,6,1_6,620863.35,4775.871923076923,3418.267550321587,130,151315,3755.22607421875,1,5640.141458030618,9395.36753224937,8,38206.97538461538,Stock Sufficient,5925548629.44999,0.9593661638920467,C,Review Overstock Risk
15,29,15_29,615921.62,4701.691755725191,1384.0500476969648,131,123737,4026.63916015625,3,3955.4542546682974,16035.371735137047,2,9403.383511450382,Reorder Required,5926164551.06999,0.959465883664643,C,Reorder Required - Low Priority
26,6,26_6,612179.58,4673.126564885496,3293.069401696835,131,152513,4963.65625,1,5433.564512799778,10397.220762799778,2,9346.253129770992,Reorder Required,5926776730.64999,0.9595649975884338,C,Reorder Required - Low Priority
29,91,29_91,611795.93,4670.197938931298,466.1950804441581,131,93638,4609.6474609375,2,1087.8440190349784,10307.13894090998,5,23350.98969465649,Stock Sufficient,5927388526.57999,0.959664049398005,C,Stock Sufficient
41,44,41_44,610946.37,4663.712748091603,1477.436039893776,131,196321,5085.0302734375,3,4222.340571948475,19477.431392260976,2,9327.425496183207,Reorder Required,5927999472.94999,0.9597629636609675,C,Reorder Required - Low Priority
39,12,39_12,610547.01,4660.664198473282,688.568682263269,131,184109,5056.59716796875,1,1136.138325734394,6192.735493703144,3,13981.992595419848,Stock Sufficient,5928610019.9599905,0.9598618132662089,C,Stock Sufficient
35,31,35_31,609602.92,4653.457404580153,2374.162652974918,131,103681,5323.7978515625,2,5539.995488142748,16187.591191267747,3,13960.372213740458,Reorder Required,5929219622.879991,0.9599605100201181,C,Reorder Required - Low Priority
32,49,32_49,609253.91,4650.7932061068705,1084.6654970870886,131,203007,4576.39794921875,3,3099.8479877834525,16829.041835439704,5,23253.966030534353,Stock Sufficient,5929828876.78999,0.9600591502681396,C,Stock Sufficient
3,14,3_14,608995.22,4648.818473282443,1672.5759748090431,131,37392,4794.07275390625,3,4780.027837015703,19162.246098734453,8,37190.54778625954,Stock Sufficient,5930437872.009991,0.9601577486333841,C,Review Overstock Risk
40,42,40_42,607207.96,4635.175267175572,597.824395765857,131,155083,5007.62158203125,3,1708.5126753265372,16731.377421420286,8,37081.40213740458,Stock Sufficient,5931045079.969991,0.9602560576352501,C,Review Overstock Risk
30,82,30_82,606775.65,4631.875190839695,1572.5949544305874,131,42988,4080.691650390625,1,2594.781674810469,6675.473325201094,6,27791.25114503817,Stock Sufficient,5931651855.61999,0.9603542966446796,C,Review Overstock Risk
32,6,32_6,606592.44,4630.476641221374,3203.71829480914,131,203007,4015.65869140625,2,7475.724073194121,15507.04145600662,1,4630.476641221374,Reorder Required,5932258448.05999,0.9604525059917965,C,Reorder Required - Low Priority
10,58,10_58,604689.58,4615.950992366412,1846.7515866885565,131,126512,4670.31103515625,1,3047.140118036118,7717.451153192368,4,18463.803969465647,Stock Sufficient,5932863137.63999,0.9605504072595082,C,Stock Sufficient
29,29,29_29,602868.99,4602.053358778626,1301.8981370005697,131,93638,4286.552734375,2,3037.917303587878,11611.022772337878,2,9204.106717557252,Reorder Required,5933466006.62999,0.9606480137676029,C,Reorder Required - Low Priority
1,29,1_29,602750.51,4601.14893129771,1582.256212533838,131,151315,3782.828369140625,2,3692.1195216088263,11257.776259890077,2,9202.29786259542,Reorder Required,5934068757.13999,0.9607456010933888,C,Reorder Required - Low Priority
2,71,2_71,601619.54,4592.515572519084,1368.6054926390534,131,202307,4550.90283203125,2,3193.57574122696,12295.38140528946,4,18370.062290076337,Stock Sufficient,5934670376.67999,0.9608430053113449,C,Stock Sufficient
21,30,21_30,600774.51,4586.064961832061,814.5059249370128,131,140167,4094.035400390625,2,1900.6107873706233,10088.681588151874,2,9172.129923664123,Reorder Required,5935271151.18999,0.9609402727161146,C,Reorder Required - Low Priority
31,21,31_21,600533.18,4584.2227480916035,782.808389345255,131,203750,3831.162353515625,3,2237.1754398462826,13730.662500393159,6,27505.33648854962,Stock Sufficient,5935871684.36999,0.9610375010487492,C,Review Overstock Risk
26,12,26_12,599735.53,4578.133816793893,1413.9358310602674,131,152513,5423.13037109375,4,4665.988242498883,26358.509726873883,3,13734.40145038168,Reorder Required,5936471419.89999,0.961134600239178,C,Reorder Required - Low Priority
22,97,22_97,599614.6,4577.210687022901,459.5383302506161,131,119557,4611.0869140625,2,1072.3108094666677,10294.484637591668,8,36617.68549618321,Stock Sufficient,5937071034.49999,0.9612316798506348,C,Review Overstock Risk
40,32,40_32,599598.97,4577.091374045801,2549.0128192766224,131,155083,3554.5224609375,2,5948.0000244784,13057.044946353399,1,4577.091374045801,Reorder Required,5937670633.469991,0.9613287569315424,C,Reorder Required - Low Priority
16,32,16_32,598202.88,4566.434198473283,2000.492385302622,131,57197,3694.971435546875,3,5717.174844973013,16802.08915161364,1,4566.434198473283,Reorder Required,5938268836.349991,0.9614256079808043,C,Reorder Required - Low Priority
17,19,17_19,598007.63,4564.943740458015,2442.807194111013,131,93188,4081.81982421875,3,6981.25918593682,19226.71865859307,8,36519.54992366412,Stock Sufficient,5938866843.979991,0.9615224274184375,C,Review Overstock Risk
3,34,3_34,597847.5,4563.721374045802,1224.1046021290347,131,37392,3865.978515625,1,2019.7725935129072,5885.751109137907,7,31946.049618320612,Stock Sufficient,5939464691.479991,0.9616192209304875,C,Review Overstock Risk
8,21,8_21,596076.2,4550.2,873.0337062265642,131,155078,3932.30517578125,4,2881.0112305476614,18610.23193367266,6,27301.199999999997,Stock Sufficient,5940060767.679991,0.9617157276631365,C,Review Overstock Risk
7,97,7_97,595420.84,4545.1972519083965,1571.251002024063,131,70713,4237.556640625,2,3666.43938697533,12141.55266822533,5,22725.986259541984,Stock Sufficient,5940656188.519991,0.9618121282908072,C,Stock Sufficient
19,30,19_30,594117.4,4535.247328244275,1109.1923792657744,131,203819,4005.488525390625,4,3660.3348515770554,19682.288953139556,5,22676.236641221374,Stock Sufficient,5941250305.919991,0.9619083178871775,C,Stock Sufficient
13,52,13_52,593870.4,4533.3618320610685,1219.7649703193467,131,219622,3967.168701171875,2,2846.2634704898396,10780.60087283359,3,13600.085496183205,Stock Sufficient,5941844176.31999,0.9620044674934207,C,Stock Sufficient
39,44,39_44,592664.22,4524.154351145038,1319.5549888405558,131,184109,5053.78125,4,4354.531463173834,24569.656463173833,3,13572.463053435114,Reorder Required,5942436840.53999,0.9621004218150834,C,Reorder Required - Low Priority
13,30,13_30,590692.41,4509.102366412214,796.7475891299305,131,219622,4324.3271484375,1,1314.6335220643853,5638.960670501885,4,18036.409465648856,Stock Sufficient,5943027532.94999,0.9621960568941046,C,Stock Sufficient
44,79,44_79,589361.75,4498.944656488549,471.1167915092784,131,39910,4878.1962890625,3,1346.3970616682916,15980.985928855791,3,13496.833969465648,Reorder Required,5943616894.69999,0.9622914765348164,C,Reorder Required - Low Priority
3,42,3_42,589354.48,4498.8891603053435,1101.3970214735584,131,37392,5198.109375,2,2570.0574987866416,12966.276248786642,7,31492.224122137406,Stock Sufficient,5944206249.17999,0.9623868949984907,C,Review Overstock Risk
28,44,28_44,588939.76,4495.723358778626,962.1918506375154,131,206302,4692.75341796875,3,2749.8325336892867,16828.09278759554,4,17982.893435114504,Stock Sufficient,5944795188.93999,0.9624822463176085,C,Stock Sufficient
31,24,31_24,588653.96,4493.541679389313,2071.024219608465,131,203750,5433.99267578125,1,3417.189962353967,8851.182638135217,6,26961.250076335877,Stock Sufficient,5945383842.89999,0.9625775513647493,C,Review Overstock Risk
7,34,7_34,587969.09,4488.313664122137,1146.4315678508392,131,70713,3967.690673828125,3,3276.368242815525,15179.4402642999,6,26929.881984732823,Stock Sufficient,5945971811.98999,0.9626727455291441,C,Review Overstock Risk
2,37,2_37,587466.83,4484.47961832061,572.951362397307,131,202307,4557.63037109375,2,1336.9547190159826,10452.215461203483,8,35875.83694656488,Stock Sufficient,5946559278.81999,0.9627678583759629,C,Review Overstock Risk
17,20,17_20,586030.12,4473.512366412214,2544.510134567792,131,93188,4763.74658203125,4,8396.883444073714,27451.869772198712,3,13420.53709923664,Reorder Required,5947145308.93999,0.9628627386146222,C,Reorder Required - Low Priority
45,42,45_42,585876.97,4472.343282442748,518.1044748228394,131,118221,4615.2041015625,2,1208.9721187840712,10439.380321909071,1,4472.343282442748,Reorder Required,5947731185.90999,0.9629575940577838,C,Reorder Required - Low Priority
8,24,8_24,584219.21,4459.688625954198,2190.123067527261,131,155078,4776.0693359375,2,5110.54787984931,14662.68655172431,7,31217.820381679387,Stock Sufficient,5948315405.11999,0.9630521811040506,C,Review Overstock Risk
29,24,29_24,583938.79,4457.548015267176,1765.0765615726007,131,93638,5350.20654296875,3,5044.3837684229875,21095.003397329237,8,35660.38412213741,Stock Sufficient,5948899343.90999,0.9631467227493804,C,Review Overstock Risk
9,32,9_32,581841.88,4441.54106870229,2885.9279312631843,131,125833,3527.03515625,1,4761.781086584254,8288.816242834255,7,31090.787480916035,Stock Sufficient,5949481185.78999,0.9632409248979601,C,Review Overstock Risk
40,12,40_12,581448.82,4438.540610687022,1246.959125889091,131,155083,5146.35107421875,3,3563.6643256526086,19002.717548308858,6,26631.243664122136,Stock Sufficient,5950062634.60999,0.9633350634088096,C,Review Overstock Risk
17,56,17_56,580598.67,4466.143615384615,6386.8871207470365,130,93188,1052.7076416015625,1,10538.363749232609,11591.071390834171,2,8932.28723076923,Reorder Required,5950643233.27999,0.9634290642775275,C,Reorder Required - Low Priority
34,26,34_26,579379.51,4422.744351145038,1214.3721054786988,131,158114,4757.72998046875,3,3470.5344068727713,17743.72434827902,2,8845.488702290077,Reorder Required,5951222612.78999,0.9635228677601593,C,Reorder Required - Low Priority
15,20,15_20,579130.3099999999,4420.842061068702,761.3641349362719,131,123737,4209.3037109375,4,2512.501645289697,19349.716489039696,2,8841.684122137403,Reorder Required,5951801743.099991,0.9636166308964768,C,Reorder Required - Low Priority
31,29,31_29,578569.08,4416.5578625954195,1197.469202799103,131,203750,4209.88330078125,2,2794.237358752273,11214.003960314772,4,17666.231450381678,Stock Sufficient,5952380312.179991,0.963710303167778,C,Stock Sufficient
34,21,34_21,576246.23,4398.826183206107,664.6819306989079,131,158114,4041.1943359375,3,1899.5837434917482,14023.166751304248,6,26392.957099236643,Stock Sufficient,5952956558.40999,0.9638035993618863,C,Review Overstock Risk
4,35,4_35,574984.84,4389.1972519083965,847.7598535326033,131,205863,3709.443603515625,4,2797.6075166575906,17635.38193072009,3,13167.591755725189,Reorder Required,5953531543.24999,0.9638966913327303,C,Reorder Required - Low Priority
25,56,25_56,572511.51,4370.316870229008,5383.126594008225,131,128107,2611.1689453125,4,17764.317760227143,28208.993541477143,8,34962.53496183206,Stock Sufficient,5954104054.759991,0.9639893828631656,C,Review Overstock Risk
34,18,34_18,571183.3,5145.795495495496,7921.974771688241,111,158114,4107.4658203125,1,13071.258373285596,17178.724193598096,6,30874.772972972976,Stock Sufficient,5954675238.059991,0.9640818593519547,C,Review Overstock Risk
15,81,15_81,570610.78,4355.807480916031,446.4208000570823,131,123737,4215.76123046875,1,736.5943200941858,4952.355550562936,5,21779.037404580155,Stock Sufficient,5955245848.839991,0.9641742431478387,C,Stock Sufficient
32,44,32_44,565853.94,4319.495725190839,1179.14272058007,131,203007,4483.43896484375,4,3891.170977914231,21824.926837289233,2,8638.991450381678,Reorder Required,5955811702.77999,0.9642658567953991,C,Reorder Required - Low Priority
10,27,10_27,565695.55,4318.286641221374,1597.6261520141065,131,126512,3584.744140625,1,2636.0831508232754,6220.827291448275,6,25909.719847328248,Stock Sufficient,5956377398.32999,0.9643574447990882,C,Review Overstock Risk
22,35,22_35,565664.0,4318.045801526718,1226.5990104957527,131,119557,4566.9912109375,1,2023.8883673179919,6590.879578255492,5,21590.22900763359,Stock Sufficient,5956943062.32999,0.9644490276947267,C,Stock Sufficient
41,12,41_12,565414.45,4316.140839694656,916.5605687804463,131,196321,4497.0068359375,1,1512.3249384877363,6009.331774425236,7,30212.985877862593,Stock Sufficient,5957508476.77999,0.9645405701873847,C,Review Overstock Risk
21,44,21_44,564778.2,4311.283969465649,889.9654369024927,131,140167,4267.40087890625,2,2076.6919650028235,10611.493722815323,7,30178.98778625954,Stock Sufficient,5958073254.97999,0.9646320096690372,C,Review Overstock Risk
3,32,3_32,564136.07,4339.50823076923,3143.9345633636126,130,37392,4117.78125,1,5187.4920295499605,9305.273279549961,3,13018.52469230769,Stock Sufficient,5958637391.04999,0.9647233451876926,C,Stock Sufficient
27,85,27_85,562882.72,4296.814656488549,2070.7225779650694,131,204184,3664.999755859375,2,4831.932523556127,12161.932035274876,2,8593.629312977098,Reorder Required,5959200273.76999,0.9648144777847865,C,Reorder Required - Low Priority
45,71,45_71,561416.82,4285.624580152671,1292.5909452242747,131,118221,3198.658203125,1,2132.775059620053,5331.433262745053,5,21428.122900763356,Stock Sufficient,5959761690.58999,0.9649053730477619,C,Stock Sufficient
41,29,41_29,559808.55,4273.347709923664,1365.4816236211393,131,196321,4562.357421875,2,3186.2863416388113,12311.001185388812,7,29913.433969465652,Stock Sufficient,5960321499.13999,0.9649960079264394,C,Review Overstock Risk
11,12,11_12,559288.72,4269.379541984733,622.1881940153608,131,207499,4026.71826171875,3,1778.141580441809,13858.296365598058,3,12808.138625954198,Reorder Required,5960880787.85999,0.9650865586428993,C,Reorder Required - Low Priority
10,50,10_50,559199.42,4268.69786259542,478.0212584217239,131,126512,4178.4345703125,2,1115.4398421583826,9472.308982783383,5,21343.4893129771,Stock Sufficient,5961439987.27999,0.9651770949013901,C,Stock Sufficient
3,25,3_25,558410.31,4262.674122137405,982.5048552331551,131,37392,4440.8271484375,2,2292.628290757435,11174.282587632435,3,12788.022366412215,Stock Sufficient,5961998397.589991,0.9652675034003299,C,Stock Sufficient
15,33,15_33,557977.35,4259.3690839694655,1647.375294909801,131,123737,5426.0732421875,2,3844.0717992266987,14696.218283601698,3,12778.107251908397,Reorder Required,5962556374.939991,0.9653578418015959,C,Reorder Required - Low Priority
40,26,40_26,557369.82,4254.731450381679,1216.7357771886866,131,155083,4855.568359375,4,4015.2280647226657,23437.501502222665,4,17018.925801526715,Reorder Required,5963113744.759991,0.9654480818417206,C,Reorder Required - Low Priority
11,35,11_35,555620.59,4241.37854961832,1084.9140667757424,131,207499,3235.6044921875,3,3100.558371077903,12807.371847640403,2,8482.75709923664,Reorder Required,5963669365.349991,0.9655380386756514,C,Reorder Required - Low Priority
15,71,15_71,555369.96,4239.46534351145,1267.427989268817,131,123737,3872.060546875,4,4182.512364587096,19670.754552087095,5,21197.326717557247,Stock Sufficient,5964224735.309991,0.9656279549317458,C,Stock Sufficient
24,12,24_12,555285.57,4238.821145038168,1127.997745798785,131,203819,4852.4853515625,1,1861.1962805679952,6713.681632130495,7,29671.748015267174,Stock Sufficient,5964780020.879991,0.9657178575248168,C,Review Overstock Risk
24,30,24_30,554333.77,4231.555496183206,1184.9122030982296,131,203819,3557.729248046875,4,3910.2102702241573,18141.127262411657,1,4231.555496183206,Reorder Required,5965334354.649991,0.9658076060182808,C,Reorder Required - Low Priority
17,85,17_85,553921.13,4228.405572519084,1440.024668953311,131,93188,3618.885986328125,3,4115.423219786484,14972.081178770859,2,8456.811145038168,Reorder Required,5965888275.779991,0.9658972877039471,C,Reorder Required - Low Priority
16,12,16_12,553114.3,4222.246564885497,1146.1526464432554,131,57197,4826.34765625,3,3275.5711178342563,17754.614086584257,7,29555.72595419848,Stock Sufficient,5966441390.079991,0.9659868387611349,C,Review Overstock Risk
24,83,24_83,552641.54,4218.637709923664,918.4754771874507,131,203819,4404.869140625,4,3030.969074718587,20650.44563721859,2,8437.275419847329,Reorder Required,5966994031.619991,0.9660763132768957,C,Reorder Required - Low Priority
14,41,14_41,552608.92,4218.388702290076,2825.5189597521858,131,200898,4409.46484375,3,8075.004953465912,21303.399484715912,1,4218.388702290076,Reorder Required,5967546640.539991,0.9661657825113693,C,Reorder Required - Low Priority
12,21,12_21,550961.28,4205.811297709924,615.7814923298647,131,112238,3894.351806640625,1,1016.0394623442767,4910.391268984902,5,21029.056488549617,Stock Sufficient,5968097601.819991,0.96625498498741,C,Stock Sufficient
15,6,15_6,549972.59,4198.264045801527,3483.2530587141086,131,123737,2601.5751953125,1,5747.3675468782785,8348.942742190779,3,12594.79213740458,Stock Sufficient,5968647574.409991,0.9663440273912293,C,Stock Sufficient
34,42,34_42,549447.86,4194.2584732824425,545.5630185688535,131,158114,4367.9072265625,3,1559.15573037163,14662.877410059129,2,8388.516946564885,Reorder Required,5969197022.269991,0.9664329848395045,C,Reorder Required - Low Priority
5,3,5_3,546904.98,4174.847175572519,2544.637614943138,131,34875,5337.951171875,3,7272.278699288466,23286.132214913465,1,4174.847175572519,Reorder Required,5969743927.24999,0.9665215305869933,C,Reorder Required - Low Priority
20,58,20_58,546627.59,4204.8276153846155,1767.5218938261373,130,203742,5655.60546875,2,4124.428166166497,15435.639103666497,1,4204.8276153846155,Reorder Required,5970290554.839991,0.9666100314241123,C,Reorder Required - Low Priority
19,83,19_83,545347.86,4162.960763358778,1071.292942181132,131,203819,3766.444091796875,2,2499.811063376769,10032.699246970518,3,12488.882290076335,Stock Sufficient,5970835902.69999,0.9666983250686593,C,Stock Sufficient
26,32,26_32,544162.34,4153.910992366412,2046.703018020353,131,152513,3532.83251953125,3,5849.239465106087,16447.737023699836,4,16615.643969465647,Stock Sufficient,5971380065.03999,0.9667864267735489,C,Stock Sufficient
32,24,32_24,543949.84,4152.288854961832,1580.300488294573,131,203007,4449.58837890625,4,5214.99161137209,23013.34512699709,4,16609.155419847328,Reorder Required,5971924014.879991,0.9668744940739769,C,Reorder Required - Low Priority
6,52,6_52,542469.15,4140.985877862596,954.6803015273836,131,202505,4146.732421875,2,2227.701019748262,10521.165863498261,3,12422.957633587786,Stock Sufficient,5972466484.02999,0.9669623216457359,C,Stock Sufficient
29,32,29_32,540758.27,4127.92572519084,2592.8565439055615,131,93638,3104.984619140625,4,8556.426594888353,20976.365071450855,4,16511.70290076336,Reorder Required,5973007242.299991,0.9670498722202946,C,Reorder Required - Low Priority
13,31,13_31,539404.08,4117.588396946565,2106.6366069688565,131,219622,5035.03076171875,1,3475.9504014986132,8510.981163217362,1,4117.588396946565,Reorder Required,5973546646.379991,0.9671372035469578,C,Reorder Required - Low Priority
2,52,2_52,538323.74,4109.341526717557,983.2793160827258,131,202307,3967.404541015625,4,3244.821743072995,19114.439907135496,5,20546.707633587786,Stock Sufficient,5974084970.11999,0.9672243599629576,C,Stock Sufficient
1,20,1_20,535517.12,4087.9169465648856,919.2623246669818,131,151315,3857.181396484375,2,2145.054857422397,9859.417650391148,8,32703.335572519085,Stock Sufficient,5974620487.23999,0.9673110619777819,C,Review Overstock Risk
17,21,17_21,535038.09,4084.2602290076334,922.7241456357247,131,93188,3967.17919921875,3,2637.0384176592374,14538.576015315488,3,12252.7806870229,Reorder Required,5975155525.32999,0.9673976864360453,C,Reorder Required - Low Priority
29,33,29_33,534092.84,4077.0445801526716,1606.7322106577112,131,93638,4388.61181640625,3,4591.854007977417,17757.689457196167,7,28539.3120610687,Stock Sufficient,5975689618.169991,0.9674841578551687,C,Review Overstock Risk
29,26,29_26,532362.19,4063.833511450381,1329.5338401015852,131,93638,4628.01953125,3,3799.6532663728667,17683.711860122865,3,12191.500534351144,Reorder Required,5976221980.35999,0.9675703490762622,C,Reorder Required - Low Priority
7,67,7_67,529594.58,4042.7067175572515,1471.687964550828,131,70713,3707.901611328125,3,4205.913240357936,15329.61807434231,6,24256.24030534351,Stock Sufficient,5976751574.93999,0.9676560922120299,C,Review Overstock Risk
2,19,2_19,529162.34,4039.407175572519,853.5239941436225,131,202307,3706.57861328125,3,2439.2724235041937,13559.008263347943,2,8078.814351145038,Reorder Required,5977280737.27999,0.9677417653666942,C,Reorder Required - Low Priority
20,37,20_37,526591.95,4019.785877862595,502.68360087843325,131,203742,4429.55615234375,2,1172.9882438089599,10032.100548496459,8,32158.28702290076,Stock Sufficient,5977807329.22999,0.9678270223666109,C,Review Overstock Risk
9,26,9_26,526137.32,4016.315419847328,1131.593374940677,131,125833,4759.3388671875,1,1867.129068652117,6626.467935839617,4,16065.261679389312,Stock Sufficient,5978333466.54999,0.9679122057604084,C,Stock Sufficient
17,42,17_42,526065.29,4015.7655725190843,780.9092590240413,131,93188,4524.58203125,2,1822.2145674059639,10871.378629905965,3,12047.296717557252,Stock Sufficient,5978859531.83999,0.9679973774923077,C,Stock Sufficient
14,35,14_35,525835.52,4014.0116030534355,986.9954305480829,131,200898,3424.994384765625,2,2303.1068344042624,9153.095603935511,6,24084.069618320613,Stock Sufficient,5979385367.35999,0.9680825120236748,C,Review Overstock Risk
10,37,10_37,525077.58,4008.225801526717,402.94816935060845,131,126512,3881.672607421875,1,664.864479428504,4546.537086850379,4,16032.903206106868,Stock Sufficient,5979910444.93999,0.968167523842018,C,Stock Sufficient
45,21,45_21,525002.34,4007.6514503816793,639.5681012456431,131,118221,3651.44921875,3,1827.8113363253856,12782.158992575385,2,8015.302900763359,Reorder Required,5980435447.27999,0.9682525234787532,C,Reorder Required - Low Priority
13,19,13_19,524916.58,4006.9967938931295,940.7122652186049,131,219622,3175.633056640625,3,2688.4463737920237,12215.345543713898,2,8013.993587786259,Reorder Required,5980960363.85999,0.9683375092306573,C,Reorder Required - Low Priority
40,6,40_6,524744.94,4005.686564885496,2630.313477160753,131,155083,3657.89501953125,1,4340.017237315242,7997.912256846492,6,24034.119389312975,Stock Sufficient,5981485108.79999,0.9684224671934706,C,Review Overstock Risk
26,56,26_56,524690.53,4005.271221374046,5122.461206036535,131,152513,2281.33740234375,3,14639.399063282111,21483.41127031336,1,4005.271221374046,Reorder Required,5982009799.329989,0.9685074163471227,C,Reorder Required - Low Priority
25,44,25_44,522102.29,3985.5136641221375,984.8673175151806,131,128107,3633.347412109375,3,2814.6363838730977,13714.678620201223,3,11956.540992366412,Reorder Required,5982531901.619989,0.9685919464560525,C,Reorder Required - Low Priority
44,82,44_82,520045.85,3969.8156488549616,1170.891719173632,131,39910,4318.71240234375,3,3346.2725138211604,16302.40972085241,7,27788.709541984732,Stock Sufficient,5983051947.46999,0.9686761436204607,C,Review Overstock Risk
21,31,21_31,519337.02,3964.404732824428,2249.3625209526945,131,140167,4249.3173828125,2,5248.780323311309,13747.415088936308,8,31715.237862595422,Stock Sufficient,5983571284.48999,0.9687602260229187,C,Review Overstock Risk
2,31,2_31,517499.78,3950.38,2077.265407269115,131,202307,3990.760986328125,4,6854.975843988079,22818.01978930058,2,7900.76,Reorder Required,5984088784.26999,0.9688440109700687,C,Reorder Required - Low Priority
3,96,3_96,517184.12,3947.9703816793894,801.5186949740664,131,37392,4215.2392578125,1,1322.5058467072095,5537.7451045197095,7,27635.792671755727,Stock Sufficient,5984605968.38999,0.9689277448108078,C,Review Overstock Risk
25,32,25_32,516375.78,3941.7998473282446,1938.8281751745683,131,128107,3165.7177734375,3,5540.945695804866,15038.099016117365,7,27592.59893129771,Stock Sufficient,5985122344.16999,0.9690113477785942,C,Review Overstock Risk
16,81,16_81,515847.63,3937.768167938931,602.14223952204,131,57197,3819.84765625,2,1405.0702406561331,9044.765553156132,1,3937.768167938931,Reorder Required,5985638191.79999,0.9690948652371273,C,Reorder Required - Low Priority
6,83,6_83,515488.99,3935.030458015267,630.9598374526307,131,202505,3815.93310546875,2,1472.3147330730858,9104.180944010586,2,7870.060916030534,Reorder Required,5986153680.789989,0.9691783246306436,C,Reorder Required - Low Priority
4,31,4_31,515277.5,3933.416030534351,2700.876227729318,131,205863,3160.218505859375,4,8912.89155150675,21553.76557494425,6,23600.49618320611,Stock Sufficient,5986668958.289989,0.9692617497832207,C,Review Overstock Risk
5,82,5_82,514804.18,3929.8029007633586,1499.631364767041,131,34875,4075.73193359375,3,4285.772232060612,16512.96803284186,3,11789.408702290075,Reorder Required,5987183762.46999,0.969345098303705,C,Reorder Required - Low Priority
34,49,34_49,514500.14,3927.4819847328245,1222.5327229337154,131,158114,2411.75341796875,4,4034.3579856812607,13681.371657556261,5,19637.409923664123,Stock Sufficient,5987698262.60999,0.9694283975990953,C,Stock Sufficient
11,37,11_37,512656.2,3913.406106870229,448.04179032175887,131,207499,4062.92138671875,4,1478.5379080618043,17730.223454936804,5,19567.030534351146,Stock Sufficient,5988210918.80999,0.9695113983544252,C,Stock Sufficient
25,20,25_20,512382.11,3911.3138167938932,870.1313901885586,131,128107,3401.842529296875,1,1435.7167938111215,4837.5593231079965,7,27379.196717557254,Stock Sufficient,5988723300.91999,0.9695943547336665,C,Review Overstock Risk
20,31,20_31,511805.71,3906.913816793893,1673.2523541697321,131,203742,4181.7626953125,3,4781.960850655245,17327.248936592747,5,19534.569083969465,Stock Sufficient,5989235106.62999,0.9696772177918179,C,Stock Sufficient
14,31,14_31,511348.04,3903.4201526717557,2332.742543189482,131,200898,4173.39306640625,2,5443.343634470397,13790.129767282897,7,27323.94106870229,Stock Sufficient,5989746454.66999,0.9697600067516639,C,Review Overstock Risk
16,44,16_44,510010.2,3893.2076335877864,1001.1482841139751,131,57197,4354.3271484375,1,1651.8946687880589,6006.221817225559,6,23359.24580152672,Stock Sufficient,5990256464.869989,0.9698425791107341,C,Review Overstock Risk
29,20,29_20,508784.28,3883.849465648855,715.5498326228827,131,93638,3783.5849609375,2,1669.7014584509802,9236.87138032598,7,27186.946259541986,Stock Sufficient,5990765249.149989,0.9699249529892516,C,Review Overstock Risk
39,30,39_30,508514.12,3881.787175572519,847.6484097433458,131,184109,3900.02587890625,2,1977.947197351993,9777.998955164494,4,15527.148702290076,Stock Sufficient,5991273763.269989,0.9700072831279606,C,Stock Sufficient
27,12,27_12,508233.89,3879.6480152671757,791.0381792093222,131,204184,3663.66748046875,3,2260.695223243579,13251.69766464983,7,27157.53610687023,Stock Sufficient,5991781997.159989,0.9700895678964944,C,Review Overstock Risk
32,33,32_33,505897.9,3861.8160305343513,1564.6578442550108,131,203007,3820.39013671875,3,4471.610356472936,15932.780766629185,2,7723.632061068703,Reorder Required,5992287895.059989,0.9701714744604252,C,Reorder Required - Low Priority
21,6,21_6,505789.5,3860.9885496183206,2808.908198880599,131,140167,2445.3369140625,2,6554.453516024578,11445.127344149578,8,30887.908396946565,Stock Sufficient,5992793684.559989,0.9702533634740332,C,Review Overstock Risk
6,37,6_37,505134.74,3855.9903816793894,358.55351441892327,131,202505,4088.78076171875,2,836.6675508308342,9014.229074268334,8,30847.923053435115,Stock Sufficient,5993298819.299989,0.9703351464798048,C,Review Overstock Risk
41,83,41_83,504946.44,3854.5529770992366,580.019973479289,131,196321,3639.068603515625,2,1353.448986353794,8631.586193385045,4,15418.211908396946,Stock Sufficient,5993803765.739988,0.9704168989991758,C,Stock Sufficient
2,35,2_35,504861.66,3853.9058015267174,951.2166308979533,131,202307,2610.467529296875,1,1569.507440981623,4179.9749702784975,6,23123.434809160302,Stock Sufficient,5994308627.399988,0.9704986377923811,C,Review Overstock Risk
25,26,25_26,503999.91,3847.3275572519083,1100.5866803301506,131,128107,4552.35302734375,3,3145.348879967888,16802.40796199914,8,30778.620458015266,Stock Sufficient,5994812627.309988,0.9705802370653759,C,Review Overstock Risk
18,58,18_58,503222.44,3841.392671755725,2364.624974257286,131,120653,4721.220703125,2,5517.739769059294,14960.181175309295,7,26889.748702290075,Stock Sufficient,5995315849.749988,0.9706617104633745,C,Review Overstock Risk
18,35,18_35,502472.23,3835.665877862595,1211.498914641166,131,120653,3755.99560546875,1,1998.9732091579237,5754.9688146266735,8,30685.32702290076,Stock Sufficient,5995818321.979987,0.970743062399862,C,Review Overstock Risk
26,44,26_44,501925.58,3831.4929770992367,970.2085261115419,131,152513,4020.404296875,3,2772.743260916815,14833.956151541815,3,11494.47893129771,Reorder Required,5996320247.559987,0.9708243258318843,C,Reorder Required - Low Priority
40,56,40_56,500667.07,3821.886030534351,4408.505177068645,131,155083,2312.9697265625,4,14548.067084326527,23799.945990576525,3,11465.658091603053,Reorder Required,5996820914.629987,0.9709053855069235,C,Reorder Required - Low Priority
28,30,28_30,499453.31,3812.6206870229007,785.321778390323,131,206302,2993.8681640625,4,2591.5618686880657,14567.034524938066,3,11437.862061068703,Reorder Required,5997320367.939987,0.9709862486701548,C,Reorder Required - Low Priority
18,12,18_12,498874.76,3808.2042748091603,893.7295968916138,131,120653,3777.3828125,4,2949.3076697423253,18058.838919742324,1,3808.2042748091603,Reorder Required,5997819242.699987,0.9710670181642039,C,Reorder Required - Low Priority
25,6,25_6,498611.64,3835.474153846154,3708.5789058067794,130,128107,2652.22314453125,2,8653.792266442488,13958.238555504988,5,19177.37076923077,Stock Sufficient,5998317854.339988,0.9711477450582441,C,Stock Sufficient
23,36,23_36,497652.52,3798.8741984732824,2215.854576053066,131,114533,2185.63330078125,3,6332.654968048043,12889.554870391792,5,18994.370992366414,Stock Sufficient,5998815506.859988,0.9712283166675447,C,Stock Sufficient
29,42,29_42,497187.12,3795.3215267175574,477.75500651158234,131,93638,3877.651611328125,2,1114.818556005538,8870.121778661789,6,22771.929160305343,Stock Sufficient,5999312693.979988,0.971308812927027,C,Review Overstock Risk
8,20,8_20,495631.29,3783.444961832061,800.3508842678117,131,155078,3825.714111328125,2,1867.5806740615837,9519.008896717834,7,26484.114732824426,Stock Sufficient,5999808325.269988,0.9713890572924228,C,Review Overstock Risk
35,36,35_36,495121.48,3779.553282442748,2605.251339020551,131,103681,1525.5841064453125,2,6079.229932105322,9130.398144995946,1,3779.553282442748,Reorder Required,6000303446.749988,0.9714692191178724,C,Reorder Required - Low Priority
40,18,40_18,494689.43,4711.327904761904,6923.766785909589,105,155083,3837.36181640625,2,16156.28007071383,23831.00370352633,4,18845.311619047618,Reorder Required,6000798136.179988,0.9715493109929806,C,Reorder Required - Low Priority
16,42,16_42,491538.7,3752.203816793893,605.0379766103157,131,57197,4274.46240234375,2,1411.8273052505886,9960.752109938088,5,18761.019083969466,Stock Sufficient,6001289674.879988,0.9716288927543519,C,Stock Sufficient
12,52,12_52,491404.18,3751.1769465648854,798.4277558030898,131,112238,2985.2685546875,1,1317.405797075098,4302.674351762598,4,15004.707786259542,Stock Sufficient,6001781079.059988,0.971708452736485,C,Stock Sufficient
15,56,15_56,490330.17,3771.7705384615383,4387.320673684745,130,123737,2569.527099609375,3,12538.452821266834,20247.03412009496,8,30174.164307692306,Stock Sufficient,6002271409.229988,0.9717878388328028,C,Review Overstock Risk
29,21,29_21,490199.36,3741.979847328244,876.4393467407549,131,93638,3517.166259765625,2,2045.1294777510157,9079.461997282266,1,3741.979847328244,Reorder Required,6002761608.589988,0.9718672037505436,C,Reorder Required - Low Priority
33,8,33_8,489779.19,3738.7724427480916,666.5459572776784,131,39690,4553.341796875,2,1555.353248999633,10662.036842749632,3,11216.317328244275,Stock Sufficient,6003251387.779987,0.9719465006413545,C,Stock Sufficient
45,94,45_94,489117.89,4009.163032786885,1574.3233284795278,122,118221,4261.12548828125,1,2597.6334919912206,6858.758980272471,7,28064.141229508197,Stock Sufficient,6003740505.669988,0.9720256904654812,C,Review Overstock Risk
35,21,35_21,488087.15,3725.8561068702293,825.280946753727,131,103681,3156.303466796875,3,2358.5570749884005,11827.467475379026,8,29806.848854961834,Stock Sufficient,6004228592.819987,0.9721047134093506,C,Review Overstock Risk
4,52,4_52,487884.31,3724.307709923664,1171.2200981255303,131,205863,3230.86669921875,1,1932.5131619071249,5163.379861125875,5,18621.53854961832,Stock Sufficient,6004716477.129988,0.9721837035127449,C,Stock Sufficient
10,36,10_36,487501.5,3750.0115384615383,2952.690213950992,130,126512,1023.29052734375,4,9743.877706038273,13837.039815413273,5,18750.05769230769,Stock Sufficient,6005203978.629988,0.9722626316379183,C,Stock Sufficient
5,14,5_14,487065.96,3718.060763358779,1705.0265156425066,131,34875,3102.988037109375,3,4872.767713019171,14181.731824347296,6,22308.364580152673,Stock Sufficient,6005691044.589988,0.9723414892477075,C,Review Overstock Risk
8,44,8_44,486254.7,3711.867938931298,956.1446200981536,131,155078,4059.78173828125,3,2732.5502512995126,14911.895466143262,2,7423.735877862596,Reorder Required,6006177299.289988,0.9724202155117861,C,Reorder Required - Low Priority
42,83,42_83,485864.72,3708.890992366412,837.8576953689736,131,39690,3543.82666015625,3,2394.4999615211877,13025.979941989937,5,18544.45496183206,Stock Sufficient,6006663164.009988,0.9724988786367972,C,Stock Sufficient
32,83,32_83,483935.98,3694.167786259542,456.050113107169,131,203007,3563.647705078125,2,1064.171220878605,8191.466631034855,8,29553.342290076336,Stock Sufficient,6007147099.989987,0.9725772294923439,C,Review Overstock Risk
15,12,15_12,482444.44,3682.7819847328246,909.8837578262571,131,123737,3822.862548828125,1,1501.3082004133241,5324.170749241449,5,18413.909923664123,Stock Sufficient,6007629544.429987,0.9726553388625705,C,Stock Sufficient
22,12,22_12,482129.26,3680.3760305343512,717.1795199665888,131,119557,3527.058837890625,2,1673.5042562584104,8727.62193203966,7,25762.632213740457,Stock Sufficient,6008111673.689987,0.9727333972040999,C,Review Overstock Risk
34,56,34_56,481911.82,3678.716183206107,4641.749929072913,131,158114,963.0833740234375,3,13265.582076752804,16154.832198823116,4,14714.864732824428,Reorder Required,6008593585.509987,0.9728114203413651,C,Reorder Required - Low Priority
17,93,17_93,481759.46,3677.5531297709927,945.3015060539261,131,93188,4599.4345703125,2,2205.816047148738,11404.685187773739,3,11032.659389312978,Reorder Required,6009075344.969987,0.9728894188110363,C,Reorder Required - Low Priority
9,96,9_96,481000.37,3671.7585496183206,708.5013149329553,131,125833,3775.7353515625,2,1653.254078086639,9204.724781211638,8,29374.068396946564,Stock Sufficient,6009556345.339987,0.9729672943814947,C,Review Overstock Risk
13,35,13_35,479597.07,3661.0463358778625,856.5235975519846,131,219622,2959.159912109375,2,1998.6570254485086,7916.976849667259,5,18305.23167938931,Stock Sufficient,6010035942.4099865,0.9730449427529843,C,Stock Sufficient
39,42,39_42,478728.11,3654.4130534351143,620.0275435803616,131,184109,4122.638671875,2,1446.8047459407674,9692.082089690768,1,3654.4130534351143,Reorder Required,6010514670.519986,0.9731224504369403,C,Reorder Required - Low Priority
16,21,16_21,476949.86,3640.8386259541985,993.7665621538193,131,57197,3004.37841796875,2,2318.9069475508472,8327.663783488348,3,10922.515877862596,Stock Sufficient,6010991620.379986,0.9731996702162672,C,Stock Sufficient
2,85,2_85,476825.78,3639.8914503816795,1161.3352791414934,131,202307,2756.29248046875,3,3318.961318357164,11587.838759763414,1,3639.8914503816795,Reorder Required,6011468446.159986,0.9732768699066267,C,Reorder Required - Low Priority
45,12,45_12,475734.87,3631.563893129771,615.7127140634195,131,118221,3574.44384765625,3,1759.635410979552,12482.966953948302,7,25420.947251908394,Stock Sufficient,6011944181.029985,0.9733538929750043,C,Review Overstock Risk
1,85,1_85,475149.42,3627.0948091603054,1116.9179885156166,131,151315,2846.39306640625,2,2606.274936238482,8299.061069050982,1,3627.0948091603054,Reorder Required,6012419330.4499855,0.9734308212570668,C,Reorder Required - Low Priority
27,31,27_31,474755.33,3624.0864885496185,1754.06882950774,131,204184,4386.9541015625,4,5788.427137375542,23336.24354362554,5,18120.432442748093,Reorder Required,6012894085.779985,0.9735076857346386,C,Reorder Required - Low Priority
25,29,25_29,474357.59,3621.050305343512,1039.3532406971167,131,128107,3539.519287109375,1,1714.9328471502424,5254.452134259617,7,25347.35213740458,Stock Sufficient,6013368443.369986,0.9735844858167727,C,Review Overstock Risk
5,34,5_34,472431.34,3606.346106870229,912.1877063484186,131,34875,3090.3671875,3,2606.926498168047,11878.028060668046,4,14425.384427480916,Stock Sufficient,6013840874.709986,0.9736609740325821,C,Stock Sufficient
1,56,1_56,471397.79,3598.4564122137404,3660.3206151000295,131,151315,1730.39306640625,4,12079.058029830097,19000.6302954551,7,25189.19488549618,Stock Sufficient,6014312272.499986,0.9737372949131858,C,Review Overstock Risk
15,42,15_42,470995.66,3595.386717557252,611.5349814378731,131,123737,3761.763916015625,1,1009.0327193724905,4770.796635388116,3,10786.160152671755,Stock Sufficient,6014783268.159986,0.973813550687596,C,Stock Sufficient
27,35,27_35,469965.82,3587.5253435114505,1171.3876384575806,131,204184,3364.877685546875,2,2733.3772704197886,9463.132641513539,4,14350.101374045802,Stock Sufficient,6015253233.979985,0.9738896397274619,C,Stock Sufficient
4,37,4_37,469599.23,3584.7269465648856,645.985698089949,131,205863,2822.69189453125,2,1507.3768633074646,7152.760652369965,1,3584.7269465648856,Reorder Required,6015722833.209985,0.9739656694151793,C,Reorder Required - Low Priority
9,21,9_21,469275.76,3582.257709923664,622.9690842305281,131,125833,3395.95361328125,2,1453.6686909656337,8245.575917528135,4,14329.030839694657,Stock Sufficient,6016192108.969985,0.9740416467320206,C,Stock Sufficient
35,97,35_97,468008.39,3572.5831297709924,859.9074171722336,131,103681,3894.68505859375,3,2457.515504973597,14141.570680754847,8,28580.66503816794,Stock Sufficient,6016660117.359985,0.9741174188574155,C,Review Overstock Risk
12,31,12_31,466256.12,3559.207022900763,2031.7669898776414,131,112238,3839.207763671875,2,4741.031513900417,12419.447041244166,1,3559.207022900763,Reorder Required,6017126373.479985,0.9741929072844301,C,Reorder Required - Low Priority
5,74,5_74,464237.32,3543.7963358778625,833.714041811797,131,34875,3191.958984375,2,1945.4320133673693,8329.34998211737,2,7087.592671755725,Reorder Required,6017590610.799985,0.974268068860965,C,Reorder Required - Low Priority
40,20,40_20,463527.5,3538.3778625954196,795.874752875493,131,155083,3501.630859375,3,2274.517588928769,12779.41016705377,5,17691.8893129771,Stock Sufficient,6018054138.299985,0.9743431155152652,C,Stock Sufficient
7,44,7_44,462252.2,3528.642748091603,843.2680448907861,131,70713,3438.1669921875,4,2782.784548139594,16535.452516889593,4,14114.570992366413,Reorder Required,6018516390.499985,0.9744179556942252,C,Reorder Required - Low Priority
14,36,14_36,461707.04,3524.4812213740456,3007.061102621122,131,200898,1439.22705078125,2,7016.833880448784,9895.287982011283,3,10573.443664122136,Stock Sufficient,6018978097.539985,0.9744927076099559,C,Stock Sufficient
6,35,6_35,461546.88,3523.2586259541986,843.0814721381988,131,202505,2647.397216796875,4,2782.168858056056,13371.757725243555,3,10569.775877862596,Reorder Required,6019439644.419985,0.9745674335952463,C,Reorder Required - Low Priority
45,6,45_6,461532.66,3523.1500763358777,3131.126599967716,131,118221,2625.208251953125,1,5166.358889946731,7791.567141899856,8,28185.20061068702,Stock Sufficient,6019901177.079985,0.9746421572782711,C,Review Overstock Risk
25,41,25_41,461395.68,3522.104427480916,3972.550849978495,131,128107,5182.556640625,2,9269.758227272985,19634.871508522985,5,17610.52213740458,Reorder Required,6020362572.759985,0.9747168587837753,C,Reorder Required - Low Priority
16,91,16_91,461346.35,3521.7278625954195,2534.9751363860346,131,57197,5799.18115234375,4,8365.417950073914,31562.142559448912,6,21130.367175572515,Reorder Required,6020823919.109985,0.9747915523025874,C,Reorder Required - Low Priority
6,36,6_36,461132.27,3547.171307692308,2939.9783391862466,130,202505,1257.6507568359375,2,6860.299446594524,9375.600960266398,3,10641.513923076924,Stock Sufficient,6021285051.379986,0.9748662111611306,C,Stock Sufficient
45,56,45_56,461118.69,3519.9900000000002,4549.813355465845,131,118221,1433.8419189453125,2,10616.772793383963,13484.456631274588,7,24639.93,Stock Sufficient,6021746170.069985,0.9749408678210262,C,Review Overstock Risk
17,52,17_52,460985.39,3518.972442748092,774.7898976686336,131,93188,3148.789306640625,3,2214.259522122721,11660.627442044595,3,10556.917328244275,Reorder Required,6022207155.459986,0.9750155028992056,C,Reorder Required - Low Priority
20,36,20_36,458642.51,3501.08786259542,2609.0239137772473,131,203742,1753.5574951171875,3,7456.28726176025,12716.959747111812,2,7002.17572519084,Reorder Required,6022665797.969986,0.9750897586572682,C,Reorder Required - Low Priority
9,67,9_67,457813.65,3494.760687022901,1550.7508224540238,131,125833,2946.23291015625,3,4431.865703709827,13270.564434178577,5,17473.803435114503,Stock Sufficient,6023123611.619986,0.9751638802201215,C,Stock Sufficient
26,26,26_26,457086.76,3489.2119083969465,1019.8159626167204,131,152513,4177.9296875,3,2914.515551676172,15448.304614176172,6,20935.27145038168,Stock Sufficient,6023580698.379986,0.9752378840970499,C,Review Overstock Risk
39,56,39_56,456080.55,3481.530916030534,3402.5875356674014,131,184109,1759.077880859375,2,7939.775976169102,11457.931737887851,4,13926.123664122137,Stock Sufficient,6024036778.929986,0.9753117250652101,C,Stock Sufficient
13,37,13_37,455751.48,3479.01893129771,416.8042624122299,131,219622,3586.951171875,1,687.7270329801793,4274.6782048551795,4,13916.07572519084,Stock Sufficient,6024492530.409986,0.9753855127558355,C,Stock Sufficient
26,20,26_20,454263.58,3467.6609160305343,767.6373055546186,131,152513,3765.55419921875,3,2193.8182447596923,13490.480842415942,4,13870.643664122137,Stock Sufficient,6024946793.989985,0.975459059550469,C,Stock Sufficient
25,85,25_85,452576.12,3454.779541984733,1666.9353200893333,131,128107,3166.815185546875,1,2750.4432781473997,5917.258463694275,8,27638.236335877864,Stock Sufficient,6025399370.109985,0.9755323331396781,C,Review Overstock Risk
44,98,44_98,452497.54,3454.179694656488,487.6417317235756,131,39910,3493.567626953125,3,1393.6234211395729,11874.326301998948,6,20725.07816793893,Stock Sufficient,6025851867.649985,0.9756055940065222,C,Review Overstock Risk
5,55,5_55,451979.63,3450.2261832061067,1681.3737462295335,131,34875,2660.092041015625,1,2774.26668127873,5434.358722294355,8,27601.809465648854,Stock Sufficient,6026303847.279985,0.9756787710220032,C,Review Overstock Risk
16,67,16_67,451558.74,3447.013282442748,1409.6420958414844,131,57197,3026.361328125,1,2325.9094581384493,5352.270786263449,7,24129.092977099233,Stock Sufficient,6026755406.019985,0.9757518798939838,C,Review Overstock Risk
19,35,19_35,450935.82,3442.2581679389314,1137.6006275124048,131,203819,3175.229736328125,2,2654.5368893871073,9004.996362043357,5,17211.29083969466,Stock Sufficient,6027206341.839985,0.9758248879131307,C,Stock Sufficient
18,31,18_31,450599.75,3439.692748091603,1964.5560389023713,131,120653,2584.3203125,3,5614.472941597025,13367.433879097025,5,17198.463740458013,Stock Sufficient,6027656941.589985,0.9758978415214193,C,Stock Sufficient
34,33,34_33,449637.98,3432.350992366412,1312.6984567317543,131,158114,3254.539794921875,4,4331.904907214789,17350.06408690229,1,3432.350992366412,Reorder Required,6028106579.569984,0.9759706394159245,C,Reorder Required - Low Priority
34,6,34_6,448757.22000000003,3425.6276335877865,2601.2796257498508,131,158114,3156.49365234375,1,4292.111382487254,7448.605034831004,3,10276.88290076336,Stock Sufficient,6028555336.789985,0.9760432947124369,C,Stock Sufficient
17,71,17_71,448450.72000000003,3423.287938931298,1273.3435186877814,131,93188,4344.3955078125,3,3639.0678552620157,16672.254378699516,5,17116.43969465649,Stock Sufficient,6029003787.509985,0.9761159003855728,C,Stock Sufficient
15,91,15_91,446565.16,3408.894351145038,280.84862836410446,131,123737,3429.896728515625,1,463.40023680077235,3893.2969653163973,2,6817.788702290076,Stock Sufficient,6029450352.669985,0.9761882007802313,C,Stock Sufficient
36,8,36_8,445829.01,3403.2748854961833,307.20355438740637,131,39910,3192.274169921875,3,877.9520713668155,10454.77458113244,7,23822.924198473283,Stock Sufficient,6029896181.679985,0.9762603819897399,C,Review Overstock Risk
9,44,9_44,445449.67,3400.3791603053432,889.5304341418981,131,125833,4218.01123046875,1,1467.7252163341318,5685.736446802882,2,6800.7583206106865,Stock Sufficient,6030341631.349985,0.9763325017828323,C,Stock Sufficient
15,44,15_44,444393.31,3392.3153435114505,981.0199281480145,131,123737,3453.721435546875,1,1618.6828814442238,5072.404316991098,1,3392.3153435114505,Reorder Required,6030786024.659986,0.9764044505477036,C,Reorder Required - Low Priority
16,20,16_20,444381.46,3392.2248854961836,772.8466589845883,131,57197,3432.089111328125,3,2208.705971704922,12504.973305689296,6,20353.3493129771,Stock Sufficient,6031230406.119986,0.9764763973940204,C,Review Overstock Risk
26,49,26_49,441747.77,3372.1203816793895,1051.361783553856,131,152513,3411.1630859375,4,3469.4938857277243,17114.146229477723,1,3372.1203816793895,Reorder Required,6031672153.889986,0.9765479178371076,C,Reorder Required - Low Priority
3,74,3_74,440759.61,3364.577175572519,792.0115820707856,131,37392,3781.98486328125,1,1306.819110416796,5088.803973698046,8,26916.617404580153,Stock Sufficient,6032112913.499986,0.976619278293782,C,Review Overstock Risk
15,30,15_30,438101.6,3344.287022900763,735.8386631024855,131,123737,2703.601806640625,2,1717.0444781787357,7124.2480914599855,8,26754.296183206105,Stock Sufficient,6032551015.099986,0.9766902084097375,C,Review Overstock Risk
28,12,28_12,437729.32,3341.4451908396945,493.76881895875624,131,206302,3112.468505859375,2,1152.1860247398904,7377.123036458641,1,3341.4451908396945,Reorder Required,6032988744.419986,0.9767610782523145,C,Reorder Required - Low Priority
8,6,8_6,437416.6,3339.0580152671755,2496.6079103293555,131,155078,3011.9921875,4,8238.806104086872,20286.77485408687,8,26712.464122137404,Stock Sufficient,6033426161.019986,0.9768318974644765,C,Review Overstock Risk
31,6,31_6,437265.97,3337.908167938931,2864.874781365282,131,203750,2258.513427734375,1,4727.043389252715,6985.55681698709,8,26703.265343511448,Stock Sufficient,6033863426.989986,0.9769026922891371,C,Review Overstock Risk
1,30,1_30,436340.6,3330.84427480916,728.7986894377632,131,151315,2547.00048828125,2,1700.6170348903263,6794.618011452826,8,26646.75419847328,Stock Sufficient,6034299767.589987,0.9769733372932963,C,Review Overstock Risk
34,44,34_44,435926.46,3327.682900763359,844.1580087869885,131,158114,4000.814208984375,2,1969.802512940502,9971.430930909251,2,6655.365801526718,Reorder Required,6034735694.049987,0.9770439152468027,C,Reorder Required - Low Priority
32,29,32_29,433810.05,3311.5270992366413,1021.1689706180166,131,203007,3467.57421875,1,1684.9288015197274,5152.503020269727,1,3311.5270992366413,Reorder Required,6035169504.099987,0.9771141505464436,C,Reorder Required - Low Priority
6,31,6_31,433440.76,3308.7080916030536,1547.1642005971462,131,202505,3572.269287109375,2,3610.2339829093094,10754.772557128059,3,9926.12427480916,Reorder Required,6035602944.859987,0.9771843260567971,C,Reorder Required - Low Priority
40,29,40_29,432923.78,3304.761679389313,1072.1177601372779,131,155083,3335.556640625,1,1768.9943042265083,5104.550944851509,6,19828.570076335876,Stock Sufficient,6036035868.639987,0.9772544178663574,C,Review Overstock Risk
40,83,40_83,432753.7,3303.463358778626,801.9571133436483,131,155083,2583.343994140625,2,1871.328733118072,7038.016721399322,4,13213.853435114504,Stock Sufficient,6036468622.339987,0.9773244821393963,C,Stock Sufficient
15,85,15_85,431287.16,3292.2683969465647,1895.7662976289748,131,123737,2945.6015625,2,4423.680375174597,10314.883500174597,5,16461.341984732822,Stock Sufficient,6036899909.499987,0.9773943089746987,C,Stock Sufficient
21,97,21_97,431035.04,3290.343816793893,280.0681959464599,131,140167,3204.035888671875,1,462.11252331165883,3666.148411983534,1,3290.343816793893,Reorder Required,6037330944.539987,0.9774640949909289,C,Reorder Required - Low Priority
11,83,11_83,429329.27,3277.3226717557254,555.8924636720866,131,207499,3458.483154296875,3,1588.6760845307388,11964.125547421363,8,26218.581374045803,Stock Sufficient,6037760273.809987,0.9775336048372847,C,Review Overstock Risk
29,6,29_6,429095.91,3275.5412977099236,3185.3792399870713,131,93638,1839.8416748046875,2,7432.93076211084,11112.614111720215,2,6551.082595419847,Reorder Required,6038189369.719987,0.977603076901875,C,Reorder Required - Low Priority
1,58,1_58,428742.88,3272.8464122137407,1508.3391772547855,131,151315,4110.34619140625,3,4310.658148585679,16641.69672280443,6,19637.078473282443,Stock Sufficient,6038618112.599987,0.9776724918097264,C,Review Overstock Risk
20,50,20_50,427485.39,3263.247251908397,608.9789952460196,131,203742,2667.874755859375,1,1004.8153421559323,3672.6900980153073,1,3263.247251908397,Reorder Required,6039045597.989987,0.9777417031257362,C,Reorder Required - Low Priority
40,44,40_44,427405.35,3262.6362595419846,1011.5625484081821,131,155083,3223.913330078125,2,2360.4330339934436,8808.259694149694,4,13050.545038167938,Stock Sufficient,6039473003.339988,0.977810901483002,C,Stock Sufficient
23,27,23_27,425566.79,3248.601450381679,1287.3681270693453,131,114533,3825.076904296875,4,4248.314819328839,19548.62243651634,5,16243.007251908395,Reorder Required,6039898570.129988,0.9778798021712477,C,Reorder Required - Low Priority
3,33,3_33,425370.77,3247.105114503817,1111.0124413513497,131,37392,3653.7548828125,2,2592.4946231651306,9900.00438879013,5,16235.525572519084,Stock Sufficient,6040323940.899988,0.977948671123199,C,Stock Sufficient
31,58,31_58,425116.46,3245.163816793893,1869.7264773553852,131,203750,2117.407958984375,2,4362.917694636694,8597.733612605443,6,19470.98290076336,Stock Sufficient,6040749057.359988,0.9780174989015098,C,Review Overstock Risk
26,29,26_29,423105.62,3229.813893129771,960.9854100225797,131,152513,3546.61962890625,3,2746.384666561004,13386.243553279754,5,16149.069465648854,Stock Sufficient,6041172162.979988,0.9780860011180916,C,Stock Sufficient
11,58,11_58,422668.97,3226.4806870229004,2089.248961657014,131,207499,2001.404052734375,3,5970.830829563275,11975.0429877664,5,16132.403435114502,Stock Sufficient,6041594831.949988,0.9781544326395764,C,Stock Sufficient
20,52,20_52,422154.85,3222.5561068702286,969.8358998650414,131,203742,3472.30419921875,1,1600.2292347773182,5072.533433996068,7,22557.8927480916,Stock Sufficient,6042016986.799989,0.9782227809233117,C,Review Overstock Risk
32,12,32_12,421998.54,3221.3629007633585,607.4443754622737,131,203007,3404.499267578125,4,2004.566439025503,15622.563509338002,3,9664.088702290075,Reorder Required,6042438985.339989,0.9782911038999347,C,Reorder Required - Low Priority
25,12,25_12,421993.62,3221.3253435114502,769.2519513440391,131,128107,3233.337646484375,3,2198.4327148564726,11898.445654309598,2,6442.6506870229005,Reorder Required,6042860978.959989,0.978359426079993,C,Reorder Required - Low Priority
35,35,35_35,421059.94,3214.1980152671754,1055.56778528497,131,103681,2516.741455078125,3,3016.6901076617632,10566.914472896138,3,9642.594045801527,Reorder Required,6043282038.899988,0.9784275970941332,C,Reorder Required - Low Priority
7,20,7_20,418258.41,3192.8122900763356,816.2651266032145,131,70713,3509.367919921875,2,1904.7158006818547,8923.451640525605,7,22349.68603053435,Stock Sufficient,6043700297.309988,0.9784953145311858,C,Review Overstock Risk
30,98,30_98,417736.06,3188.824885496183,716.4251837822891,131,42988,3267.743408203125,2,1671.744048695408,8207.230865101657,6,19132.9493129771,Stock Sufficient,6044118033.369988,0.9785629473980245,C,Review Overstock Risk
4,36,4_36,417259.1,3185.1839694656487,2504.3170370667094,131,205863,2491.196533203125,2,5843.704545197879,10826.09761160413,6,19111.103816793893,Stock Sufficient,6044535292.469989,0.9786305030434422,C,Review Overstock Risk
21,21,21_21,412030.85,3145.2736641221372,565.4091466542764,131,140167,3003.058837890625,4,1865.850183959112,13878.085535521612,3,9435.82099236641,Reorder Required,6044947323.319989,0.9786972122176789,C,Reorder Required - Low Priority
25,71,25_71,411747.13,3143.10786259542,825.5546578951146,131,128107,3388.99462890625,3,2359.3393096341442,12526.323196352894,4,12572.43145038168,Stock Sufficient,6045359070.449989,0.9787638754566976,C,Stock Sufficient
29,56,29_56,410984.32,3137.284885496183,3987.286654454933,131,93638,1885.40869140625,2,9304.143525269028,13074.960908081528,3,9411.85465648855,Reorder Required,6045770054.769989,0.9788304151942231,C,Reorder Required - Low Priority
33,82,33_82,410775.76,3135.692824427481,522.6552911097697,131,39690,3316.65625,1,862.3812303311199,4179.03748033112,8,25085.542595419847,Stock Sufficient,6046180830.529989,0.9788969211651862,C,Review Overstock Risk
5,90,5_90,410388.85,3132.739312977099,403.97615906080875,131,34875,3192.7197265625,3,1154.5169336907475,10732.676113378247,7,21929.17519083969,Stock Sufficient,6046591219.37999,0.978963364494125,C,Review Overstock Risk
3,22,3_22,410233.78,3131.5555725190843,1146.447745860873,131,37392,4073.816650390625,2,2675.1812187350415,10822.81451951629,6,18789.333435114506,Stock Sufficient,6047001453.159989,0.9790297827167114,C,Review Overstock Risk
24,35,24_35,408202.45,3116.0492366412213,981.8173606348731,131,203819,3006.04150390625,1,1619.9986450475405,4626.040148953791,6,18696.295419847327,Stock Sufficient,6047409655.609989,0.9790958720601691,C,Review Overstock Risk
31,30,31_30,405576.6,3096.0045801526717,698.6596972107044,131,203750,2787.283447265625,3,1996.6882530698856,10358.53859486676,4,12384.018320610687,Stock Sufficient,6047815232.20999,0.9791615362697198,C,Stock Sufficient
19,31,19_31,404105.96,3084.7783206106874,1508.3541712660262,131,203819,3936.30712890625,2,3519.6726276796335,11392.286885492133,1,3084.7783206106874,Reorder Required,6048219338.16999,0.9792269623777302,C,Reorder Required - Low Priority
26,33,26_33,403982.48,3083.8357251908396,1228.6915668485165,131,152513,3549.216552734375,3,3511.457764011519,14159.107422214644,2,6167.671450381679,Reorder Required,6048623320.649989,0.979292368493915,C,Reorder Required - Low Priority
9,42,9_42,402956.63,3076.0048091603053,641.4845976774993,131,125833,3169.57080078125,3,1833.2884604930098,11342.00086283676,4,12304.019236641221,Stock Sufficient,6049026277.279989,0.9793576085215501,C,Stock Sufficient
40,33,40_33,402839.82,3075.1131297709926,1169.191747991935,131,155083,3704.3271484375,1,1929.1663841866928,5633.493532624193,1,3075.1131297709926,Reorder Required,6049429117.099989,0.9794228296372549,C,Reorder Required - Low Priority
19,58,19_58,400479.0,3057.091603053435,1629.9158293528849,131,203819,5543.9755859375,2,3803.3309678057776,14891.282139680778,3,9171.274809160304,Reorder Required,6049829596.099989,0.9794876685282969,C,Reorder Required - Low Priority
9,18,9_18,400117.69,4256.5711702127655,5761.495171060967,94,125833,2940.65087890625,1,9506.467032250594,12447.117911156844,1,4256.5711702127655,Reorder Required,6050229713.7899885,0.9795524489220402,C,Reorder Required - Low Priority
5,67,5_67,400075.73,3054.0132061068703,1451.9910951450117,131,34875,2657.3017578125,2,3388.152073678414,8702.755589303415,3,9162.03961832061,Stock Sufficient,6050629789.519988,0.9796172225223189,C,Stock Sufficient
34,24,34_24,399306.55,3048.141603053435,1347.3019385776531,131,158114,2644.2099609375,3,3850.4324277416877,11783.062310554187,8,24385.13282442748,Stock Sufficient,6051029096.069988,0.9796818715897802,C,Review Overstock Risk
11,36,11_36,399183.4,3047.2015267175575,2102.3366147391885,131,207499,647.05615234375,1,3468.8554143196607,4115.911566663411,8,24377.61221374046,Stock Sufficient,6051428279.469988,0.9797465007188441,C,Review Overstock Risk
15,21,15_21,398402.14,3041.237709923664,819.157735011128,131,123737,2864.535888671875,3,2341.057647146322,10934.665313161946,3,9123.713129770993,Reorder Required,6051826681.609988,0.9798110033592982,C,Reorder Required - Low Priority
6,58,6_58,397324.91,3033.0145801526714,1439.3362310364616,131,202505,4360.26953125,2,3358.622550932119,12079.16161343212,6,18198.08748091603,Stock Sufficient,6052224006.519988,0.9798753315926082,C,Review Overstock Risk
9,90,9_90,396958.61,3030.2183969465646,438.67045953183623,131,125833,3221.392822265625,1,723.8062582275297,3945.1990804931547,2,6060.436793893129,Stock Sufficient,6052620965.129988,0.9799396005207217,C,Stock Sufficient
10,19,10_19,396777.04,3028.8323664122136,531.7424813743993,131,126512,2848.693603515625,3,1519.6582405672914,10065.739051114166,4,12115.329465648854,Stock Sufficient,6053017742.169988,0.9800038400520443,C,Stock Sufficient
24,37,24_37,396003.08,3022.9242748091606,449.9282086511656,131,203819,3163.13818359375,2,1049.8860483683718,7376.162415555872,4,12091.697099236642,Stock Sufficient,6053413745.249988,0.9800679542766515,C,Stock Sufficient
26,18,26_18,395265.85,3764.4366666666665,5752.254213188892,105,152513,3206.97265625,1,9491.219451761672,12698.192108011672,7,26351.056666666664,Stock Sufficient,6053809011.099988,0.9801319491412531,C,Review Overstock Risk
36,83,36_83,395078.44,3015.8659541984734,1060.418064362265,131,39910,2010.728759765625,3,3030.5516418198235,9062.737921116699,6,18095.19572519084,Stock Sufficient,6054204089.539988,0.9801959136635482,C,Review Overstock Risk
11,56,11_56,395018.37,3015.4074045801526,2975.7491598459683,131,207499,1292.0731201171875,2,6943.768953122944,9527.91519335732,3,9046.222213740457,Reorder Required,6054599107.909987,0.9802598684603091,C,Reorder Required - Low Priority
19,41,19_41,394199.43,3009.1559541984734,2072.3779136492453,131,203819,4592.87548828125,4,6838.847115042509,25210.34906816751,4,12036.623816793894,Reorder Required,6054993307.339988,0.9803236906679421,C,Reorder Required - Low Priority
22,85,22_85,394108.8,3008.4641221374045,1465.1303018292476,131,119557,2753.16650390625,1,2417.4649980182585,5170.6315019245085,7,21059.248854961832,Stock Sufficient,6055387416.139988,0.9803874982022746,C,Review Overstock Risk
22,31,22_31,393813.0,3006.206106870229,1720.1751280868395,131,119557,3392.19921875,4,5676.57792268657,19245.37479768657,8,24049.648854961833,Stock Sufficient,6055781229.139988,0.9804512578455965,C,Review Overstock Risk
4,19,4_19,393306.15,3002.3370229007637,777.6384971859895,131,205863,2562.0654296875,2,1814.5824004173662,6938.713259792366,4,12009.348091603055,Stock Sufficient,6056174535.289988,0.9805149354282063,C,Stock Sufficient
45,30,45_30,392708.38,2997.773893129771,653.3446078549885,131,118221,2748.03759765625,2,1524.5485287975625,7020.6237241100625,7,20984.417251908395,Stock Sufficient,6056567243.669988,0.9805785162298517,C,Review Overstock Risk
25,37,25_37,392390.75,2995.3492366412215,533.9999433284592,131,128107,3087.24658203125,3,1526.1098045882572,10787.849550682007,6,17972.09541984733,Stock Sufficient,6056959634.419988,0.9806420456061365,C,Review Overstock Risk
32,41,32_41,391746.01,2990.4275572519086,2268.91084273934,131,203007,7057.6611328125,3,6484.283614822951,27657.26701326045,5,14952.137786259544,Reorder Required,6057351380.429988,0.9807054705968565,C,Reorder Required - Low Priority
25,24,25_24,391290.6,2986.951145038168,989.3087611176117,131,128107,3491.93017578125,1,1632.359455844059,5124.289631625309,7,20908.658015267174,Stock Sufficient,6057742671.029988,0.9807688218551727,C,Review Overstock Risk
31,37,31_37,391258.64,2986.707175572519,406.51942581509957,131,203750,2484.34619140625,3,1161.785294629541,8614.82386884829,5,14933.535877862596,Stock Sufficient,6058133929.669989,0.9808321679390579,C,Stock Sufficient
40,24,40_24,390860.34,2983.666717557252,1455.8057674891,131,155083,3221.989013671875,2,3397.053429930695,9841.031457274445,7,20885.667022900765,Stock Sufficient,6058524790.009989,0.9808954495368394,C,Review Overstock Risk
7,18,7_18,390532.97000000003,4821.394691358025,7185.142473867183,81,70713,2510.53466796875,4,23710.970163761704,33753.1088356367,3,14464.184074074074,Reorder Required,6058915322.979989,0.9809586781323217,C,Reorder Required - Low Priority
22,58,22_58,389961.94,2999.7072307692306,1701.4761786016466,130,119557,3488.503173828125,2,3970.3136349247725,10947.319982581022,2,5999.414461538461,Reorder Required,6059305284.919989,0.981021814276135,C,Reorder Required - Low Priority
11,31,11_31,389898.6,2976.3251908396946,1532.0492519936772,131,207499,2695.27001953125,4,5055.762531579135,15836.842609704134,2,5952.650381679389,Reorder Required,6059695183.519989,0.9810849401649903,C,Reorder Required - Low Priority
41,96,41_96,389148.0,2970.5954198473282,783.5310937311145,131,196321,3546.163330078125,1,1292.8263046563388,4838.989634734464,4,11882.381679389313,Stock Sufficient,6060084331.519989,0.9811479445291922,C,Stock Sufficient
29,30,29_30,387761.45,2960.0110687022902,676.9660497455393,131,93638,2367.21533203125,2,1579.6680385468637,6314.0987026093635,7,20720.077480916032,Stock Sufficient,6060472092.969989,0.9812107244063065,C,Review Overstock Risk
34,20,34_20,387740.5,2959.851145038168,518.9994903519676,131,158114,2772.21484375,2,1211.0605948987868,6755.490282398787,5,14799.25572519084,Stock Sufficient,6060859833.469989,0.9812735008915456,C,Stock Sufficient
23,52,23_52,386755.65,2952.3332061068704,912.9024097124911,131,114533,2615.3388671875,3,2608.9690373572553,10454.985638919756,7,20666.33244274809,Stock Sufficient,6061246589.119988,0.9813361179262721,C,Review Overstock Risk
10,85,10_85,386069.03,2947.091832061069,988.6450681620948,131,126512,2753.91162109375,4,3262.5287249349126,14278.175209309913,5,14735.459160305345,Stock Sufficient,6061632658.149988,0.9813986237949216,C,Stock Sufficient
12,19,12_19,385541.18,2943.0624427480916,523.3008379053573,131,112238,2600.835693359375,4,1726.892765087679,12130.23553852518,1,2943.0624427480916,Reorder Required,6062018199.3299885,0.9814610442028887,C,Reorder Required - Low Priority
32,37,32_37,384195.89,2932.7930534351144,457.4022822987915,131,203007,2769.64208984375,2,1067.3264432941407,6606.6106229816405,6,17596.758320610686,Stock Sufficient,6062402395.219989,0.9815232468039004,C,Review Overstock Risk
12,35,12_35,383983.71,2931.173358778626,639.6697103573312,131,112238,2159.5087890625,2,1492.6388067139017,5811.656384838901,7,20518.213511450384,Stock Sufficient,6062786378.929989,0.9815854150522595,C,Review Overstock Risk
13,41,13_41,383273.64,2925.752977099237,2368.8105548779267,131,219622,4396.82470703125,1,3908.537415548579,8305.362122579829,7,20480.27083969466,Stock Sufficient,6063169652.569989,0.9816474683379081,C,Review Overstock Risk
5,42,5_42,382608.32,2920.6741984732826,382.0301392620025,131,34875,2654.834228515625,2,891.4491368963501,6201.1175939276,8,23365.39358778626,Stock Sufficient,6063552260.889989,0.9817094139060208,C,Review Overstock Risk
8,29,8_29,380085.93,2901.4193129770993,990.1265518198948,131,155078,2470.00927734375,3,2829.66666456381,10239.69449659506,1,2901.4193129770993,Reorder Required,6063932346.819989,0.981770951090747,C,Reorder Required - Low Priority
25,33,25_33,377492.5,2881.6221374045804,806.2438546370521,131,128107,2992.15283203125,1,1330.3023601511359,4322.455192182386,3,8644.866412213742,Stock Sufficient,6064309839.319989,0.9818320683904723,C,Stock Sufficient
18,52,18_52,375454.33,2866.0635877862596,825.8005382835112,131,120653,2130.492431640625,3,2360.0420072208685,8751.519302142744,2,5732.127175572519,Reorder Required,6064685293.649989,0.98189285570365,C,Reorder Required - Low Priority
9,56,9_56,374775.71,2905.238062015504,3731.901856608705,129,125833,914.6218872070312,1,6157.6380634043635,7072.259950611395,2,5810.476124031008,Reorder Required,6065060069.359989,0.9819535331459777,C,Reorder Required - Low Priority
44,96,44_96,374154.92,2856.144427480916,506.26268119982046,131,39910,2909.919921875,1,835.3334239797038,3745.2533458547036,5,14280.72213740458,Stock Sufficient,6065434224.279989,0.9820141100803256,C,Stock Sufficient
15,96,15_96,373994.32,2854.918473282443,1129.731463901913,131,123737,3311.908935546875,3,3228.641285739009,13164.368092379635,1,2854.918473282443,Reorder Required,6065808218.599989,0.9820746610129958,C,Reorder Required - Low Priority
41,30,41_30,371972.39,2839.483893129771,646.7701689169661,131,196321,2916.121826171875,4,2134.341557425988,13798.828862113489,3,8518.451679389313,Reorder Required,6066180190.989989,0.9821348845884289,C,Reorder Required - Low Priority
3,24,3_24,369728.72000000003,2822.3566412213745,1381.6728705258324,131,37392,3103.422607421875,1,2279.7602363676233,5383.182843789498,5,14111.783206106873,Stock Sufficient,6066549919.70999,0.9821947449061764,C,Stock Sufficient
26,83,26_83,368039.63,2809.462824427481,841.570932649425,131,152513,2545.029052734375,4,2777.1840777431025,12957.300288680603,4,11237.851297709924,Reorder Required,6066917959.33999,0.9822543317545973,C,Reorder Required - Low Priority
26,42,26_42,366501.38,2797.720458015267,491.6246026810771,131,152513,3050.044921875,2,1147.1825981679747,7247.272441917975,8,22381.763664122136,Stock Sufficient,6067284460.71999,0.9823136695551925,C,Review Overstock Risk
34,83,34_83,365814.58,2792.4777099236644,527.9618893422066,131,158114,2722.65283203125,2,1231.9739261343886,6677.279590196888,2,5584.955419847329,Reorder Required,6067650275.29999,0.9823728961605681,C,Reorder Required - Low Priority
21,12,21_12,365684.42,2791.4841221374045,422.5577426993677,131,140167,2766.319580078125,3,1207.6209411534207,9506.579681387795,6,16748.904732824427,Stock Sufficient,6068015959.71999,0.982432101692604,C,Review Overstock Risk
3,26,3_26,365534.66,2790.340916030534,993.9298970113538,131,37392,2601.7412109375,1,1639.9843300687337,4241.7255410062335,4,11161.363664122136,Stock Sufficient,6068381494.37999,0.9824912829779943,C,Stock Sufficient
31,12,31_12,365257.29,2788.2235877862595,411.97061325567824,131,203750,2662.1357421875,3,1177.364155083836,9163.771381646337,5,13941.117938931297,Stock Sufficient,6068746751.66999,0.9825504193562529,C,Stock Sufficient
29,71,29_71,364836.24,2785.009465648855,814.0385536591978,131,93638,2666.4912109375,4,2686.3272270753523,13352.292070825351,7,19495.066259541985,Stock Sufficient,6069111587.909989,0.9826094875651066,C,Review Overstock Risk
1,37,1_37,364715.25,2784.085877862595,364.3523014988278,131,151315,2686.5751953125,3,1041.276551783529,9101.002137721029,5,13920.429389312976,Stock Sufficient,6069476303.159989,0.9826685361852743,C,Stock Sufficient
9,6,9_6,363626.32,2775.773435114504,2422.8110233794296,131,125833,2444.220947265625,2,5653.514143744875,10541.956038276125,2,5551.546870229008,Reorder Required,6069839929.479989,0.9827274085040287,C,Reorder Required - Low Priority
45,41,45_41,361010.61,2755.8061832061067,1973.2339780898756,131,118221,2526.528076171875,1,3255.8360638482945,5782.3641400201695,8,22046.449465648853,Stock Sufficient,6070200940.089989,0.982785857330576,C,Review Overstock Risk
6,41,6_41,360921.08,2755.122748091603,1851.8333774622272,131,202505,4571.4443359375,4,6111.05014562535,24396.827489375348,4,11020.490992366413,Reorder Required,6070561861.169989,0.9828442916619164,C,Reorder Required - Low Priority
19,37,19_37,359743.7,2746.135114503817,423.73544488434396,131,203819,2693.806884765625,3,1210.9866771873508,9292.407331484226,6,16476.810687022902,Stock Sufficient,6070921604.869988,0.9829025353714925,C,Review Overstock Risk
18,19,18_19,359463.46,2743.9958778625955,750.3100801800555,131,120653,2212.766357421875,3,2144.299047499841,8782.598119765466,7,19207.97114503817,Stock Sufficient,6071281068.3299885,0.9829607337092744,C,Review Overstock Risk
26,71,26_71,358150.55,2733.9736641221375,849.0105010469596,131,152513,2567.698486328125,2,1981.1255725433487,7116.522545199598,1,2733.9736641221375,Reorder Required,6071639218.879989,0.9830187194825313,C,Reorder Required - Low Priority
45,93,45_93,357634.81,2730.036717557252,936.0338958691965,131,118221,2948.634521484375,3,2675.0761376659384,11520.979702119064,1,2730.036717557252,Reorder Required,6071996853.689989,0.9830766217557553,C,Reorder Required - Low Priority
26,24,26_24,357032.4,2725.4381679389317,1279.5238222742817,131,152513,2870.36767578125,1,2111.2143067525644,4981.581982533815,6,16352.62900763359,Stock Sufficient,6072353886.089989,0.983134426496783,C,Review Overstock Risk
27,50,27_50,356884.75,2724.31106870229,566.432022104156,131,204184,2948.63330078125,1,934.6128364718573,3883.2461372531075,5,13621.555343511449,Stock Sufficient,6072710770.839989,0.9831922073327815,C,Stock Sufficient
29,18,29_18,356743.89,3677.7720618556705,5790.733020694022,97,93638,1435.0670166015625,2,13512.399737012891,16382.533770216016,7,25744.404432989693,Stock Sufficient,6073067514.729989,0.9832499653630743,C,Review Overstock Risk
2,36,2_36,356700.83,2722.9070992366414,2311.060330240209,131,202307,1172.282958984375,1,3813.249544896345,4985.5325038807205,7,19060.349694656492,Stock Sufficient,6073424215.559989,0.9833077164218089,C,Review Overstock Risk
25,97,25_97,356623.16,2722.3141984732824,271.3011668974715,131,128107,2924.40087890625,2,633.0683530281838,6481.870110840684,3,8166.942595419847,Stock Sufficient,6073780838.719989,0.9833654549055104,C,Stock Sufficient
16,85,16_85,356352.55,2720.248473282443,1309.4845124366673,131,57197,2056.15869140625,3,3742.3546169870306,9910.830691205781,8,21761.987786259542,Stock Sufficient,6074137191.269989,0.983423149576547,C,Review Overstock Risk
21,52,21_52,354566.44,2706.6140458015266,707.9125484025645,131,140167,2140.6025390625,2,1651.8802194262614,5933.085297551262,1,2706.6140458015266,Reorder Required,6074491757.709989,0.9834805550703938,C,Reorder Required - Low Priority
20,27,20_27,354359.71,2705.0359541984735,1301.5581430245463,131,203742,2587.646484375,3,3719.7019739937973,11482.641427118797,6,16230.215725190841,Stock Sufficient,6074846117.419989,0.9835379270939616,C,Review Overstock Risk
1,71,1_71,354008.28,2702.3532824427484,1008.5522753794119,131,151315,2165.99755859375,4,3328.222508752059,11992.21274312706,4,10809.413129770994,Reorder Required,6075200125.699988,0.9835952422198355,C,Reorder Required - Low Priority
18,27,18_27,353624.66,2699.424885496183,896.6420872638489,131,120653,2705.20849609375,3,2562.4989247202284,10678.124413001478,7,18895.97419847328,Stock Sufficient,6075553750.359988,0.983652495236347,C,Review Overstock Risk
13,27,13_27,353596.77,2699.2119847328245,1508.406245253283,131,219622,3019.2236328125,1,2488.870304667917,5508.093937480417,5,13496.059923664123,Stock Sufficient,6075907347.129989,0.9837097437373743,C,Stock Sufficient
45,31,45_31,352620.84,2691.7621374045802,1467.4661695201582,131,118221,3143.07861328125,2,3424.26242277752,9710.41964934002,7,18842.33496183206,Stock Sufficient,6076259967.969989,0.9837668342320667,C,Review Overstock Risk
4,85,4_85,351810.87,2685.5791603053435,740.7237055911431,131,205863,2216.93212890625,3,2116.9023025500087,8767.698689268758,1,2685.5791603053435,Reorder Required,6076611778.839989,0.983823793589904,C,Reorder Required - Low Priority
2,41,2_41,351766.79,2685.242671755725,1730.8146385768866,131,202307,3101.4052734375,3,4946.467172623566,14250.682992936065,6,16111.456030534351,Stock Sufficient,6076963545.629989,0.9838807458110418,C,Review Overstock Risk
5,25,5_25,350694.49,2677.057175572519,653.8872285955911,131,34875,2813.845947265625,4,2157.8278543654505,13413.21164342795,7,18739.400229007635,Stock Sufficient,6077314240.119988,0.983937524423219,C,Review Overstock Risk
21,35,21_35,349873.27999999997,2670.7883969465647,635.5050894692002,131,140167,2036.6151123046875,3,1816.1997206582787,7926.045057572341,6,16024.730381679388,Stock Sufficient,6077664113.399988,0.9839941700787477,C,Review Overstock Risk
45,35,45_35,348886.52,2663.2558778625958,848.9829458537843,131,118221,2051.307861328125,1,1400.8218606587438,3452.129721986869,5,13316.279389312978,Stock Sufficient,6078012999.919989,0.9840506559745283,C,Stock Sufficient
5,81,5_81,347621.5,2653.5992366412215,338.94359857701437,131,34875,2932.666259765625,3,968.6614304987714,9766.660209795646,7,18575.19465648855,Stock Sufficient,6078360621.419989,0.9841069370593352,C,Review Overstock Risk
15,35,15_35,347175.55,2650.195038167939,724.0828954215905,131,123737,2102.111328125,3,2069.3448002069313,8375.67878458193,2,5300.390076335878,Reorder Required,6078707796.969989,0.984163145943344,C,Reorder Required - Low Priority
17,29,17_29,347160.26,2650.078320610687,931.0942450729286,131,93188,2560.576171875,4,3072.611008740664,13314.915696240663,6,15900.469923664123,Stock Sufficient,6079054957.229989,0.9842193523518504,C,Review Overstock Risk
21,41,21_41,345696.01,2638.9008396946565,2062.82639541481,131,140167,2804.28173828125,2,4813.507157607769,10422.070634170268,6,15833.405038167939,Stock Sufficient,6079400653.239989,0.9842753216933792,C,Review Overstock Risk
40,30,40_30,344804.07,2632.09213740458,612.4575219945493,131,155083,2367.70947265625,1,1010.5549112910063,3378.264383947256,1,2632.09213740458,Reorder Required,6079745457.309989,0.9843311466268353,C,Reorder Required - Low Priority
28,35,28_35,342282.6,2612.84427480916,675.6647168154321,131,206302,2070.47607421875,2,1576.6314401266454,5717.583588564145,3,7838.532824427481,Stock Sufficient,6080087739.909989,0.9843865633258557,C,Stock Sufficient
6,85,6_85,342236.5,2612.492366412214,946.4431929556306,131,202505,1832.7589111328125,3,2704.8246995168297,8203.101432915268,8,20899.93893129771,Stock Sufficient,6080429976.409989,0.9844419725611318,C,Review Overstock Risk
3,17,3_17,342225.33,2612.4070992366414,537.4805729161662,131,37392,2625.892822265625,1,886.8429453116743,3512.735767577299,2,5224.814198473283,Stock Sufficient,6080772201.739989,0.9844973799879474,C,Stock Sufficient
43,16,43_16,341314.13,2605.4513740458015,1084.246983818556,131,41062,2056.649658203125,2,2530.0387026392336,6643.338019045484,6,15632.708244274809,Stock Sufficient,6081113515.869989,0.9845526398884321,C,Review Overstock Risk
9,33,9_33,341224.36,2604.766106870229,932.5263140692867,131,125833,3195.465087890625,2,2176.005745033853,8566.935920815104,3,7814.298320610687,Reorder Required,6081454740.229989,0.9846078852548531,C,Reorder Required - Low Priority
27,36,27_36,340919.4,2602.4381679389317,1806.760225113875,131,204184,1061.2076416015625,4,5962.308742875787,10207.139309282036,6,15614.62900763359,Stock Sufficient,6081795659.629989,0.9846630812472289,C,Review Overstock Risk
4,27,4_27,340720.04,2600.9163358778624,1105.2548233759044,131,205863,2459.228271484375,4,3647.340917140484,13484.254003077984,7,18206.41435114504,Stock Sufficient,6082136379.669989,0.9847182449625533,C,Review Overstock Risk
8,83,8_83,340506.97,2599.289847328244,604.0287012194863,131,155078,2593.45458984375,1,996.6473570121523,3590.1019468559025,7,18195.028931297707,Stock Sufficient,6082476886.639989,0.9847733741811314,C,Review Overstock Risk
28,31,28_31,339814.94,2594.007175572519,1452.3194616931669,131,206302,2610.8642578125,3,4150.5603091815165,11983.153082619017,2,5188.014351145038,Reorder Required,6082816701.5799885,0.9848283913577351,C,Reorder Required - Low Priority
45,44,45_44,339660.31,2592.82679389313,778.717979814621,131,118221,2533.44287109375,3,2225.4855245804265,9825.814137861676,2,5185.65358778626,Reorder Required,6083156361.889989,0.9848833834992242,C,Reorder Required - Low Priority
12,36,12_36,339510.52,2591.683358778626,1965.241773577299,131,112238,746.4517822265625,2,4585.798089733033,6078.701654186158,8,20733.466870229007,Stock Sufficient,6083495872.409989,0.9849383513892108,C,Review Overstock Risk
9,20,9_20,338884.28,2586.902900763359,630.1115828406763,131,125833,2667.53759765625,1,1039.6841116871158,3707.2217093433655,5,12934.514503816794,Stock Sufficient,6083834756.689989,0.9849932178888445,C,Stock Sufficient
22,93,22_93,337813.87,2578.731832061069,770.4603295371307,131,119557,3008.98388671875,1,1271.2595437362656,4280.243430455015,4,10314.927328244275,Stock Sufficient,6084172570.559989,0.985047911085515,C,Stock Sufficient
11,52,11_52,336658.01,2569.9084732824426,832.5491416260461,131,207499,3018.522705078125,1,1373.706083682976,4392.228788761101,5,12849.542366412214,Stock Sufficient,6084509228.569989,0.9851024171445814,C,Stock Sufficient
28,52,28_52,335725.63,2562.79106870229,567.9639699396598,131,206302,2189.071044921875,3,1623.1750471266218,8190.388181892247,1,2562.79106870229,Reorder Required,6084844954.199989,0.9851567722482037,C,Reorder Required - Low Priority
6,19,6_19,335463.46,2560.7897709923664,991.5989929801149,131,202505,3154.29541015625,1,1636.1383384171895,4790.4337485734395,1,2560.7897709923664,Reorder Required,6085180417.659989,0.9852110849056254,C,Reorder Required - Low Priority
35,58,35_58,334519.5,2613.43359375,1956.9699324265644,128,103681,2482.1181640625,4,6458.000777007662,16386.473433257663,7,18294.03515625,Stock Sufficient,6085514937.159989,0.9852652447327622,C,Review Overstock Risk
13,36,13_36,333225.93,2543.7093893129772,2005.6204135290004,131,219622,983.38134765625,3,5731.830153933725,8681.974196902476,4,10174.837557251909,Stock Sufficient,6085848163.08999,0.9853191951265848,C,Stock Sufficient
24,31,24_31,332754.08,2540.1074809160305,1411.1305186308234,131,203819,2915.800537109375,4,4656.730711481717,16319.932859919216,4,10160.429923664122,Reorder Required,6086180917.16999,0.9853730691263124,C,Reorder Required - Low Priority
27,37,27_37,332265.94,2536.3812213740457,367.64401251340735,131,204184,2587.9365234375,4,1213.2252412942441,11564.971335044243,2,5072.762442748091,Reorder Required,6086513183.109989,0.9854268640945395,C,Reorder Required - Low Priority
7,24,7_24,332240.09,2536.183893129771,1212.575433065806,131,70713,2254.456298828125,2,2829.4870276894517,7338.399625345702,6,15217.103358778626,Stock Sufficient,6086845423.199989,0.9854806548775652,C,Review Overstock Risk
5,12,5_12,330859.42,2525.644427480916,417.8704466663916,131,34875,2623.50146484375,2,975.0807874343483,6222.083717121848,1,2525.644427480916,Reorder Required,6087176282.619989,0.9855342221254948,C,Reorder Required - Low Priority
1,35,1_35,330267.62,2521.1268702290076,590.9858412479222,131,151315,1740.0220947265625,4,1950.253276118143,8910.341655024393,2,5042.253740458015,Reorder Required,6087506550.239989,0.9855876935590229,C,Reorder Required - Low Priority
14,27,14_27,329521.87,2515.4341221374048,1031.5690668005707,131,200898,2324.64599609375,1,1702.0889602209415,4026.7349563146918,1,2515.4341221374048,Reorder Required,6087836072.109989,0.9856410442531289,C,Reorder Required - Low Priority
32,52,32_52,328966.83,2511.1971755725194,482.7728984033078,131,203007,2420.12109375,3,1379.7088611104975,8640.072142360497,8,20089.577404580155,Stock Sufficient,6088165038.939989,0.9856943050844006,C,Review Overstock Risk
9,24,9_24,328829.79,2510.15106870229,1076.3305209019222,131,125833,3230.93212890625,3,3076.0275940996876,12768.823980818437,5,12550.75534351145,Reorder Required,6088493868.729989,0.9857475437284373,C,Reorder Required - Low Priority
39,58,39_58,328467.02,2507.381832061069,1634.9162524986748,131,184109,4493.3125,3,4672.40072548889,18152.33822548889,2,5014.763664122138,Reorder Required,6088822335.7499895,0.9858007236387965,C,Reorder Required - Low Priority
22,36,22_36,326070.64,2489.088854961832,1445.9447149377363,131,119557,1937.2506103515625,3,4132.342023492962,9944.09385454765,8,19912.710839694657,Stock Sufficient,6089148406.38999,0.9858535155672097,C,Review Overstock Risk
16,18,16_18,325992.96,3880.8685714285716,5743.510846227495,84,57197,2782.3330078125,1,9476.792896275367,12259.125904087867,2,7761.737142857143,Reorder Required,6089474399.34999,0.9859062949189707,C,Reorder Required - Low Priority
23,58,23_58,324817.79,2557.620393700787,1476.5678605992364,127,114533,4949.58251953125,4,4872.67393997748,24671.00401810248,5,12788.101968503935,Reorder Required,6089799217.13999,0.9859588840067739,C,Reorder Required - Low Priority
5,32,5_32,324009.92,2473.3581679389313,1263.4203797419868,131,34875,2133.7177734375,2,2948.1312894159782,7215.566836290978,8,19786.86534351145,Stock Sufficient,6090123227.05999,0.9860113422977191,C,Review Overstock Risk
33,1,33_1,320073.21,2443.3069465648855,1092.8348154740233,131,39690,3228.976806640625,1,1803.1774455321383,5032.154252172763,4,9773.227786259542,Stock Sufficient,6090443300.26999,0.9860631632221338,C,Stock Sufficient
5,22,5_22,318685.81,2432.716106870229,1034.8374155456445,131,34875,2393.719970703125,2,2414.743828061025,7202.183769467275,8,19461.72885496183,Stock Sufficient,6090761986.07999,0.986114759521843,C,Review Overstock Risk
1,31,1_31,317478.45,2423.499618320611,1658.6048471992751,131,151315,2256.8798828125,1,2736.697997878804,4993.577880691304,4,9693.998473282443,Stock Sufficient,6091079464.52999,0.9861661603459255,C,Stock Sufficient
39,31,39_31,317071.69,2420.3945801526716,1801.7929812022328,131,184109,3006.07958984375,2,4204.3981164980005,10216.5572961855,5,12101.972900763358,Stock Sufficient,6091396536.21999,0.9862174953142021,C,Stock Sufficient
36,46,36_46,316715.41,2417.674885496183,423.07713351362105,131,39910,2051.888671875,2,987.2303432390777,5091.007686989078,8,19341.399083969463,Stock Sufficient,6091713251.62999,0.9862687725995537,C,Review Overstock Risk
12,97,12_97,315403.65,2407.6614503816795,261.0166148531904,131,112238,2415.466064453125,2,609.0698406046592,5440.0019695109095,2,4815.322900763359,Reorder Required,6092028655.279989,0.9863198375065689,C,Reorder Required - Low Priority
14,85,14_85,315377.94,2407.4651908396945,972.9794961135941,131,200898,1885.47412109375,1,1605.41616858743,3490.89028968118,4,9629.860763358778,Stock Sufficient,6092344033.219989,0.9863708982510492,C,Stock Sufficient
29,35,29_35,315208.12,2406.168854961832,785.3550702390716,131,93638,2142.1220703125,2,1832.58865615744,6116.83279678244,2,4812.337709923664,Reorder Required,6092659241.339989,0.9864219315011029,C,Reorder Required - Low Priority
37,67,37_67,314778.89,2402.892290076336,964.4318062629615,131,39910,2296.998291015625,2,2250.455691661751,6844.452273693001,7,16820.246030534352,Stock Sufficient,6092974020.229989,0.9864728952573825,C,Review Overstock Risk
38,83,38_83,313943.42,2396.5146564885495,433.95218795179534,131,39690,2499.019287109375,1,716.0211101204623,3215.0403972298373,4,9586.058625954198,Stock Sufficient,6093287963.649989,0.9865237237482715,C,Stock Sufficient
12,58,12_58,313385.44,2507.08352,1709.9299808807755,125,112238,4129.6904296875,2,3990.0401799554334,12249.421039330433,5,12535.4176,Stock Sufficient,6093601349.089989,0.9865744619003302,C,Stock Sufficient
9,81,9_81,313383.25,2392.2385496183206,252.41889327106205,131,125833,2569.247802734375,3,721.3838740940456,8429.127282297171,1,2392.2385496183206,Reorder Required,6093914732.339989,0.9866251996978206,C,Reorder Required - Low Priority
5,17,5_17,312872.19,2388.337328244275,616.1763811440113,131,34875,2507.718994140625,4,2033.3820577752372,12064.258034337738,5,11941.686641221375,Reorder Required,6094227604.529988,0.9866758547529857,C,Reorder Required - Low Priority
4,48,4_48,312014.79,2418.7193023255813,1627.80899368944,129,205863,3941.770263671875,1,2685.884839587576,6627.655103259451,3,7256.157906976744,Stock Sufficient,6094539619.319988,0.9867263709922199,C,Stock Sufficient
25,94,25_94,310795.79,2988.4210576923074,2132.847092243395,104,128107,4803.58251953125,4,7038.3954044032025,26252.725482528203,7,20918.947403846152,Reorder Required,6094850415.109988,0.9867766898712726,C,Reorder Required - Low Priority
3,12,3_12,310314.65,2368.814122137405,481.79428866217654,131,37392,2500.646484375,2,1124.244028544914,6125.536997294914,7,16581.698854961833,Stock Sufficient,6095160729.759988,0.9868269308521482,C,Review Overstock Risk
26,30,26_30,309740.22000000003,2364.429160305344,554.5495307919726,131,152513,2288.36962890625,2,1294.0149212985127,5870.7541791110125,4,9457.716641221376,Stock Sufficient,6095470469.979988,0.9868770788308836,C,Stock Sufficient
31,31,31_31,309625.18,2363.550992366412,1306.7121404595555,131,203750,2965.26513671875,3,3734.431499935998,12630.226910092248,3,7090.6529770992365,Reorder Required,6095780095.159988,0.9869272081842577,C,Reorder Required - Low Priority
19,27,19_27,309507.11,2362.6496946564885,1185.7671861372728,131,203819,2379.45654296875,1,1956.5158571265001,4335.97240009525,3,7087.949083969465,Stock Sufficient,6096089602.269988,0.9869773184217033,C,Stock Sufficient
41,85,41_85,308626.98,2355.931145038168,1267.8836599896217,131,196321,2242.06298828125,2,2958.546141323126,7442.672117885626,7,16491.518015267175,Stock Sufficient,6096398229.249988,0.987027286163155,C,Review Overstock Risk
32,96,32_96,308494.44,2354.9193893129773,456.5714135644496,131,203007,2428.651123046875,2,1065.3876506702547,5922.6898967640045,8,18839.35511450382,Stock Sufficient,6096706723.689987,0.9870772324459369,C,Review Overstock Risk
7,71,7_71,308250.64,2353.058320610687,692.6551834322902,131,70713,2177.2119140625,2,1616.2778848556484,5970.701712980648,5,11765.291603053436,Stock Sufficient,6097014974.329988,0.9871271392566826,C,Stock Sufficient
3,18,3_18,307938.83,2989.697378640777,4777.397355799281,103,37392,1772.1343994140625,3,13653.246664512779,18969.649862754966,1,2989.697378640777,Reorder Required,6097322913.159987,0.9871769955843452,C,Reorder Required - Low Priority
32,30,32_30,307665.1,2348.5885496183205,550.0103589837366,131,203007,2117.84814453125,1,907.5170923231655,3025.3652368544153,5,11742.942748091602,Stock Sufficient,6097630578.259988,0.9872268075942043,C,Stock Sufficient
15,31,15_31,306835.8,2342.2580152671753,1049.8615597631615,131,123737,2840.978515625,3,3000.3823779984527,11523.317924873452,7,16395.806106870226,Stock Sufficient,6097937414.059988,0.9872764853376167,C,Review Overstock Risk
14,52,14_52,305345.38,2330.8807633587785,746.4238425108376,131,200898,2064.1904296875,3,2133.192631695775,8325.763920758276,8,18647.046106870228,Stock Sufficient,6098242759.439988,0.9873259217770405,C,Review Overstock Risk
31,44,31_44,303970.02,2320.381832061069,683.3855063137459,131,203750,2329.801513671875,3,1953.0363898511225,8942.440930866747,3,6961.145496183207,Reorder Required,6098546729.459989,0.9873751355410753,C,Reorder Required - Low Priority
34,71,34_71,303414.25,2316.139312977099,726.7307457428686,131,158114,2192.176513671875,3,2076.9120488309622,8653.441589846587,1,2316.139312977099,Reorder Required,6098850143.709989,0.987424259324086,C,Reorder Required - Low Priority
27,41,27_41,303319.7,2315.4175572519084,1018.1280806038044,131,204184,2081.432373046875,3,2909.691780960311,9153.988900100936,2,4630.835114503817,Reorder Required,6099153463.409988,0.9874733677991351,C,Reorder Required - Low Priority
32,85,32_85,303236.11,2314.779465648855,1249.464386230118,131,203007,1898.0125732421875,1,2061.6162372796944,3959.628810521882,8,18518.23572519084,Stock Sufficient,6099456699.519988,0.9875224627406833,C,Review Overstock Risk
8,85,8_85,302714.4,2310.7969465648857,836.290477924703,131,155078,1795.383056640625,1,1379.87928857576,3175.2623452163853,7,16175.5786259542,Stock Sufficient,6099759413.919988,0.9875714732156357,C,Review Overstock Risk
24,58,24_58,302010.94,2396.912222222222,1412.7777163332596,126,203819,2738.176025390625,1,2331.083231949878,5069.259257340504,6,14381.473333333333,Stock Sufficient,6100061424.859987,0.9876203697980586,C,Review Overstock Risk
37,83,37_83,301887.32,2304.483358778626,341.2051367829819,131,39910,2255.54541015625,3,975.1246439741615,7741.760874442912,2,4608.966717557252,Reorder Required,6100363312.179987,0.9876692463659895,C,Reorder Required - Low Priority
17,30,17_30,301830.02,2304.0459541984733,541.6817580345047,131,93188,2614.14404296875,2,1263.9885863591212,6492.276672296621,8,18432.367633587786,Stock Sufficient,6100665142.199987,0.9877181136568588,C,Review Overstock Risk
25,35,25_35,301693.64,2303.0048854961833,628.7775004787113,131,128107,1957.2713623046875,1,1037.4828757898736,2994.754238094561,5,11515.024427480916,Stock Sufficient,6100966835.839988,0.9877669588673494,C,Stock Sufficient
1,52,1_52,301642.13,2302.611679389313,675.6661600822074,131,151315,1978.2239990234375,2,1576.634807920934,5533.082805967809,7,16118.281755725191,Stock Sufficient,6101268477.969988,0.9878157957381984,C,Review Overstock Risk
8,30,8_30,301347.06,2300.3592366412213,463.1930792887035,131,155078,1999.062255859375,4,1528.5371616527214,9524.78618509022,8,18402.87389312977,Stock Sufficient,6101569825.029988,0.9878645848362266,C,Review Overstock Risk
7,33,7_33,301176.31,2299.0558015267175,1077.031083604693,131,70713,2479.690673828125,3,3078.029720921581,10517.101742405956,5,11495.279007633588,Stock Sufficient,6101871001.339989,0.9879133462892581,C,Stock Sufficient
25,30,25_30,300349.73,2292.746030534351,627.1173749352355,131,128107,2281.576416015625,2,1463.3485297748186,6026.501361806068,3,6878.238091603053,Stock Sufficient,6102171351.069988,0.9879619739162196,C,Stock Sufficient
41,35,41_35,299146.51,2283.561145038168,482.40765280261155,131,196321,2311.306640625,2,1125.6752845569404,5748.288565806941,5,11417.80572519084,Stock Sufficient,6102470497.5799885,0.9880104067378346,C,Stock Sufficient
18,36,18_36,298501.49,2278.6373282442746,1456.4170130129544,131,120653,1871.4847412109375,2,3398.4797422518236,7141.449224673699,3,6835.911984732824,Reorder Required,6102768999.069988,0.9880587351285516,C,Reorder Required - Low Priority
27,52,27_52,298316.3,2277.2236641221375,891.4166321088679,131,204184,2665.753662109375,3,2547.5651809154137,10544.826167243538,4,9108.89465648855,Reorder Required,6103067315.369988,0.9881070335363877,C,Reorder Required - Low Priority
12,85,12_85,298135.66,2275.8447328244274,454.6725045184942,131,112238,1685.66455078125,2,1060.9566368415249,4432.285738404025,6,13655.068396946564,Stock Sufficient,6103365451.029988,0.9881553026980029,C,Review Overstock Risk
35,83,35_83,297631.15,2271.993511450382,1383.717555043394,131,103681,2243.1796875,1,2283.1339658215998,4526.3136533216,8,18175.948091603055,Stock Sufficient,6103663082.179988,0.9882034901777598,C,Review Overstock Risk
36,1,36_1,295551.84,2256.1209160305348,898.0442493573294,131,39910,2279.7578125,2,2095.5434891362966,6655.059114136297,5,11280.604580152674,Stock Sufficient,6103958634.019988,0.9882513410102655,C,Stock Sufficient
16,24,16_24,294876.41,2250.964961832061,881.640093747813,131,57197,2067.998779296875,4,2909.4123093677827,11181.407426555283,4,9003.859847328244,Reorder Required,6104253510.429988,0.9882990824883925,C,Reorder Required - Low Priority
40,71,40_71,294702.46,2249.6370992366415,822.8103841221335,131,155083,2238.072265625,1,1357.6371338015203,3595.7093994265206,5,11248.185496183207,Stock Sufficient,6104548212.889988,0.9883467958034322,C,Stock Sufficient
40,58,40_58,294496.0,3099.9578947368423,1412.8261846368507,95,155083,3510.561767578125,3,4037.693111190276,14569.37841392465,6,18599.747368421053,Stock Sufficient,6104842708.889988,0.9883944756919065,C,Review Overstock Risk
15,50,15_50,293772.71,2242.5397709923664,673.3465526006488,131,123737,2548.79541015625,2,1571.22211432726,6668.81293463976,1,2242.5397709923664,Reorder Required,6105136481.599988,0.988442038477308,C,Reorder Required - Low Priority
8,71,8_71,292531.03,2233.061297709924,812.7193664041133,131,155078,1758.2056884765625,2,1896.4419381137434,5412.853315066868,8,17864.490381679392,Stock Sufficient,6105429012.629988,0.98848940023056,C,Review Overstock Risk
29,12,29_12,290223.24,2215.4445801526717,478.54575998581277,131,93638,2225.816162109375,3,1367.6281905694468,8045.076676897572,5,11077.222900763358,Stock Sufficient,6105719235.8699875,0.9885363883448837,C,Stock Sufficient
37,16,37_16,290142.6,2214.8290076335875,626.0881073371442,131,39910,2036.2435302734375,2,1460.9467828505408,5533.433843397415,6,13288.974045801526,Stock Sufficient,6106009378.469988,0.9885833634033213,C,Review Overstock Risk
16,71,16_71,289438.9,2209.457251908397,571.5148711788207,131,57197,2411.365234375,3,1633.3231103687835,8867.418813493783,3,6628.371755725191,Reorder Required,6106298817.3699875,0.9886302245303727,C,Reorder Required - Low Priority
11,27,11_27,289304.65,2208.432442748092,900.3650121522012,131,207499,2182.017578125,2,2100.958878598568,6464.994034848568,6,13250.594656488553,Stock Sufficient,6106588122.019987,0.9886770639218996,C,Review Overstock Risk
32,31,32_31,288967.1,2205.8557251908396,1068.77738574722,131,203007,2882.58642578125,4,3526.9653729658257,15057.311076090826,3,6617.567175572519,Reorder Required,6106877089.1199875,0.9887238486629514,C,Reorder Required - Low Priority
8,37,8_37,288637.02,2203.3360305343513,351.1458205726798,131,155078,2073.21337890625,2,819.3820500104467,4965.808807822947,5,11016.680152671757,Stock Sufficient,6107165726.139988,0.9887705799629459,C,Stock Sufficient
16,33,16_33,288482.54,2202.15679389313,715.2077191205656,131,57197,2109.5703125,1,1180.092736548933,3289.6630490489333,1,2202.15679389313,Reorder Required,6107454208.679988,0.9888172862521111,C,Reorder Required - Low Priority
16,97,16_97,287376.72,2193.715419847328,615.2663677530986,131,57197,2670.52734375,3,1758.3598050755947,9769.941836325595,5,10968.577099236642,Stock Sufficient,6107741585.399988,0.9888638135053157,C,Stock Sufficient
10,48,10_48,287129.2,2191.8259541984735,1230.0375910195578,131,126512,4170.5341796875,2,2870.234141690172,11211.302501065173,6,13150.95572519084,Stock Sufficient,6108028714.599988,0.9889103006842034,C,Review Overstock Risk
34,37,34_37,287098.52,2191.591755725191,312.1688581064888,131,158114,2333.4482421875,2,728.431164259786,5395.327648634786,6,13149.550534351147,Stock Sufficient,6108315813.119988,0.9889567828958965,C,Review Overstock Risk
3,44,3_44,286174.38,2184.537251908397,610.3608223275721,131,37392,2559.6162109375,2,1424.2479122467985,6543.4803341217985,7,15291.76076335878,Stock Sufficient,6108601987.499989,0.9890031154862292,C,Review Overstock Risk
25,50,25_50,284594.0,2172.4732824427483,428.954006468405,131,128107,2244.228515625,3,1225.9007199672853,7958.586266842285,2,4344.946564885497,Reorder Required,6108886581.499989,0.9890491922077482,C,Reorder Required - Low Priority
34,29,34_29,284226.54,2169.668244274809,931.8370688075338,131,158114,2037.5885009765625,3,2663.082093458662,8775.84759638835,8,17357.34595419847,Stock Sufficient,6109170808.0399885,0.989095209436263,C,Review Overstock Risk
23,93,23_93,283227.8,2195.5643410852713,851.3373783833117,129,114533,2587.954345703125,2,1986.5552299969775,7162.463921403228,6,13173.386046511627,Stock Sufficient,6109454035.839989,0.9891410649654275,C,Review Overstock Risk
32,35,32_35,282243.59,2154.531221374046,513.0816652227278,131,203007,2016.8421630859375,2,1197.2516317788736,5230.935957950749,4,8618.124885496183,Stock Sufficient,6109736279.429989,0.9891867611476975,C,Stock Sufficient
33,83,33_83,281955.37,2152.33106870229,646.3936923676589,131,39690,1955.672119140625,2,1508.328898524963,5419.673136806213,5,10761.65534351145,Stock Sufficient,6110018234.799989,0.9892324106661845,C,Stock Sufficient
35,41,35_41,280677.53,2142.5765648854963,1161.3516474759194,131,103681,1705.3455810546875,4,3832.460436670534,10653.842760889283,6,12855.459389312979,Stock Sufficient,6110298912.3299885,0.9892778532980968,C,Review Overstock Risk
21,36,21_36,280411.84,2140.548396946565,1505.0101054339073,131,140167,1023.6375122070312,2,3511.869409311769,5559.144433725831,8,17124.38717557252,Stock Sufficient,6110579324.169989,0.9893232529139085,C,Review Overstock Risk
13,50,13_50,280401.75,2140.4713740458014,584.0048353669202,131,219622,2049.617431640625,4,1927.2159567108367,10125.685683273337,2,4280.942748091603,Reorder Required,6110859725.919989,0.9893686508961156,C,Reorder Required - Low Priority
41,31,41_31,279831.35,2136.117175572519,1286.9780528331742,131,196321,2176.0595703125,4,4247.027574349475,12951.265855599475,6,12816.703053435114,Reorder Required,6111139557.269989,0.9894139565286526,C,Reorder Required - Low Priority
29,97,29_97,279466.97,2133.3356488549616,257.3600547485034,131,93638,2184.4697265625,3,735.5051395941409,7288.914319281641,2,4266.671297709923,Reorder Required,6111419024.239989,0.9894592031668477,C,Reorder Required - Low Priority
8,49,8_49,278405.13,2125.23,643.6853185273782,131,155078,2162.95654296875,1,1062.080775570174,3225.037318538924,5,10626.15,Stock Sufficient,6111697429.369989,0.9895042778895913,C,Stock Sufficient
39,36,39_36,278341.47,2124.7440458015267,1987.1282131747423,131,184109,651.6256713867188,3,5678.9815935141505,7633.858607674307,4,8498.976183206107,Stock Sufficient,6111975770.83999,0.9895493423055677,C,Stock Sufficient
7,85,7_85,278077.0,2122.7251908396947,859.4747264922928,131,70713,1954.6904296875,2,2005.5433442918065,5914.9242036668065,1,2122.7251908396947,Reorder Required,6112253847.83999,0.9895943639029655,C,Reorder Required - Low Priority
14,50,14_50,277079.8,2115.1129770992366,482.70926803375573,131,200898,1750.6104736328125,2,1126.3790893352693,4627.600036600894,6,12690.67786259542,Stock Sufficient,6112530927.63999,0.9896392240503445,C,Review Overstock Risk
18,93,18_93,276892.98,2233.0079032258063,1726.7771076717768,124,120653,4302.89990234375,1,2849.1822276584317,7152.082130002182,5,11165.039516129033,Stock Sufficient,6112807820.619989,0.9896840539509398,C,Stock Sufficient
15,97,15_97,272742.56,2082.0042748091605,677.8761367161981,131,123737,1541.084716796875,1,1118.4956255817267,2659.580342378602,6,12492.025648854964,Stock Sufficient,6113080563.17999,0.9897282118846402,C,Review Overstock Risk
23,41,23_41,272639.97,2081.221145038168,894.1280918910212,131,114533,1791.6778564453125,2,2086.405322184248,5669.761035074873,6,12487.326870229008,Stock Sufficient,6113353203.14999,0.9897723532086761,C,Review Overstock Risk
27,27,27_27,272180.13,2077.7109160305345,639.9522353143004,131,204184,2228.573486328125,3,1828.9091468697095,8514.629605854085,1,2077.7109160305345,Reorder Required,6113625383.27999,0.9898164200830761,C,Reorder Required - Low Priority
41,41,41_41,271324.88,2071.182290076336,1485.6994075014295,131,196321,3968.640869140625,2,3466.808815302019,11404.090553583268,6,12427.093740458015,Stock Sufficient,6113896708.15999,0.9898603484896377,C,Review Overstock Risk
39,35,39_35,270139.74,2062.135419847328,526.3765475373331,131,184109,1620.029296875,2,1228.2746065299973,4468.333200279997,6,12372.81251908397,Stock Sufficient,6114166847.89999,0.9899040850180648,C,Review Overstock Risk
40,35,40_35,269291.1,2055.6572519083966,558.9417860290221,131,155083,2013.2496337890625,2,1304.2640397258178,5330.763307303943,2,4111.314503816793,Reorder Required,6114436138.99999,0.9899476841488345,C,Reorder Required - Low Priority
35,12,35_12,268874.74,2052.47893129771,539.050556357767,131,103681,2155.93359375,2,1257.8488025497622,5569.715990049763,6,12314.87358778626,Stock Sufficient,6114705013.73999,0.989991215869526,C,Review Overstock Risk
22,27,22_27,268597.81,2050.364961832061,849.155324027149,131,119557,2178.0712890625,3,2426.7872718088474,8961.001138996347,7,14352.554732824427,Stock Sufficient,6114973611.549991,0.9900347027543233,C,Review Overstock Risk
3,67,3_67,266870.4,2037.1786259541987,950.9744398787554,131,37392,1692.728759765625,4,3138.2156515998927,9909.130690662392,5,10185.893129770993,Stock Sufficient,6115240481.94999,0.9900779099656576,C,Stock Sufficient
10,59,10_59,265138.27,2023.9562595419848,5727.990369533607,131,126512,270.64056396484375,1,9451.184109730451,9721.824673695295,2,4047.9125190839695,Reorder Required,6115505620.219991,0.9901208367393451,C,Reorder Required - Low Priority
21,19,21_19,264454.45,2018.7362595419847,455.6511455578806,131,140167,1741.272216796875,1,751.824390170503,2493.0966069673777,5,10093.681297709923,Stock Sufficient,6115770074.669991,0.990163652800285,C,Stock Sufficient
3,6,3_6,263362.34,2010.399541984733,1366.3632761615283,131,37392,2027.904052734375,4,4508.998811333044,12620.615022270544,5,10051.997709923666,Reorder Required,6116033437.009991,0.9902062920449591,C,Reorder Required - Low Priority
16,26,16_26,263066.67,2008.1425190839693,611.7319507838048,131,57197,1773.7392578125,4,2018.7154375865557,9113.672468836556,6,12048.855114503816,Stock Sufficient,6116296503.679991,0.9902488834196702,C,Review Overstock Risk
45,85,45_85,263047.26,2007.9943511450383,744.5988264646005,131,118221,1555.344482421875,2,1737.4859022069925,4848.174867050742,5,10039.971755725192,Stock Sufficient,6116559550.939991,0.9902914716518374,C,Stock Sufficient
19,36,19_36,262983.1,2007.5045801526717,1219.9635992686008,131,203819,1340.5101318359375,2,2846.726961683799,5527.747225355673,6,12045.02748091603,Stock Sufficient,6116822534.039991,0.9903340494962857,C,Review Overstock Risk
29,31,29_31,262469.72000000003,2003.585648854962,1070.2936402682276,131,93638,2054.9921875,1,1765.9845064425754,3820.9766939425754,6,12021.513893129773,Stock Sufficient,6117085003.759992,0.9903765442227931,C,Review Overstock Risk
35,85,35_85,262271.14,2002.0697709923666,923.8391934159782,131,103681,1589.83447265625,2,2155.7347626881506,5335.403708000651,7,14014.488396946566,Stock Sufficient,6117347274.899992,0.9904190067985336,C,Review Overstock Risk
40,37,40_37,262021.3,2000.1625954198473,656.8065773792132,131,155083,2063.09130859375,2,1532.6268698161361,5658.809487003637,5,10000.812977099236,Stock Sufficient,6117609296.199992,0.9904614289243414,C,Stock Sufficient
41,52,41_52,261379.67,1995.2646564885497,634.7445606993267,131,196321,2278.129638671875,4,2094.6570503077783,11207.175604995278,6,11971.587938931298,Stock Sufficient,6117870675.869992,0.9905037471681039,C,Review Overstock Risk
24,36,24_36,260954.53,1992.0193129770992,1551.6530648094633,131,203819,1074.822509765625,2,3620.7085337796816,5770.353553310932,6,11952.115877862594,Stock Sufficient,6118131630.399992,0.9905459965802768,C,Review Overstock Risk
40,85,40_85,260853.86000000002,1991.2508396946566,874.8206272303775,131,155083,1774.6427001953125,2,2041.352272860347,5590.6376732509725,8,15930.006717557253,Stock Sufficient,6118392484.259992,0.9905882296936395,C,Review Overstock Risk
12,27,12_27,259130.99,1978.0991603053435,582.5894974918027,131,112238,1729.89794921875,2,1359.4448482709056,4819.240746708406,5,9890.495801526718,Stock Sufficient,6118651615.249991,0.9906301838685806,C,Stock Sufficient
32,58,32_58,259059.98,1977.5570992366413,1256.4561035030163,131,203007,2519.65185546875,2,2931.8804824656913,7971.184193403191,5,9887.785496183207,Stock Sufficient,6118910675.229991,0.9906721265467648,C,Stock Sufficient
29,44,29_44,258536.86000000002,1973.5638167938932,548.2558812795608,131,93638,1577.1107177734375,3,1566.8516191756719,6298.183772495984,7,13814.946717557254,Stock Sufficient,6119169212.089991,0.9907139845300695,C,Review Overstock Risk
33,46,33_46,257113.48,1962.698320610687,300.9274214699328,131,39690,1872.337890625,1,496.5302454253891,2368.8681360503892,7,13738.888244274809,Stock Sufficient,6119426325.56999,0.9907556120633861,C,Review Overstock Risk
26,35,26_35,256822.89,1960.480076335878,523.73216970053,131,152513,1903.523193359375,2,1222.104076778602,5029.150463497352,4,7841.920305343512,Stock Sufficient,6119683148.4599905,0.990797192549209,C,Stock Sufficient
17,31,17_31,256729.11,1959.7641984732822,932.5365202895681,131,93188,1778.302001953125,3,2665.0810445407783,7999.987050400154,8,15678.113587786258,Stock Sufficient,6119939877.56999,0.9908387578517357,C,Review Overstock Risk
17,36,17_36,254359.86,1941.678320610687,1755.9800988377065,131,93188,719.07421875,1,2897.3671630822155,3616.4413818322155,1,1941.678320610687,Reorder Required,6120194237.42999,0.9908799395647544,C,Reorder Required - Low Priority
24,27,24_27,254293.19,1941.169389312977,756.6696812193197,131,203819,2082.092041015625,3,2162.4740484910326,8408.750171537908,5,9705.846946564885,Stock Sufficient,6120448530.619989,0.9909211104836767,C,Stock Sufficient
39,52,39_52,253527.84,1935.3270229007633,577.4912009115806,131,184109,2080.19921875,1,952.8604815041078,3033.059700254108,5,9676.635114503817,Stock Sufficient,6120702058.45999,0.9909621574898716,C,Stock Sufficient
28,37,28_37,253515.26,1935.2309923664122,332.09443993412737,131,206302,1625.084228515625,1,547.9558258913102,2173.0400544069353,6,11611.385954198473,Stock Sufficient,6120955573.71999,0.9910032024593223,C,Review Overstock Risk
7,26,7_26,251644.98,1920.9540458015267,582.5562611413975,131,70713,2282.492919921875,1,961.2178308833059,3243.710750805181,5,9604.770229007634,Stock Sufficient,6121207218.699989,0.9910439446241786,C,Stock Sufficient
9,29,9_29,251498.28,1919.8341984732824,606.1640270230929,131,125833,1919.2755126953125,2,1414.4548902639362,5253.005915654561,8,15358.67358778626,Stock Sufficient,6121458716.979989,0.9910846630378136,C,Review Overstock Risk
11,85,11_85,249995.56,1908.3630534351146,554.5530997435864,131,207499,1609.5174560546875,3,1584.8483380136597,6413.400706177722,8,15266.904427480917,Stock Sufficient,6121708712.539989,0.9911251381560492,C,Review Overstock Risk
37,21,37_21,248310.87,1895.5028244274808,193.21563819205014,131,39910,1722.365966796875,1,318.8058030168827,2041.1717698137577,1,1895.5028244274808,Reorder Required,6121957023.409989,0.9911653405173327,C,Reorder Required - Low Priority
26,85,26_85,247751.06,1891.229465648855,725.3243147408803,131,152513,1857.93505859375,4,2393.5702386449047,9825.310473019905,2,3782.45893129771,Reorder Required,6122204774.46999,0.991205452243503,C,Reorder Required - Low Priority
34,85,34_85,246692.88,1883.151755725191,636.235294630098,131,158114,1384.218017578125,1,1049.7882361396616,2434.0062537177864,7,13182.062290076337,Stock Sufficient,6122451467.34999,0.991245392646788,C,Review Overstock Risk
34,30,34_30,246548.13,1882.04679389313,388.3026967937953,131,158114,1707.536865234375,2,906.0858511845246,4321.1595816532745,1,1882.04679389313,Reorder Required,6122698015.47999,0.9912853096145633,C,Reorder Required - Low Priority
8,52,8_52,246046.77,1878.2196183206106,691.3661289987933,131,155078,1374.8006591796875,3,1975.8440823959118,6100.246059934974,4,7512.878473282442,Stock Sufficient,6122944062.24999,0.991325145410476,C,Stock Sufficient
8,35,8_35,245941.24,1877.4140458015268,508.96472660879675,131,155078,1348.436767578125,3,1454.5620634822847,5499.872366216659,8,15019.312366412214,Stock Sufficient,6123190003.48999,0.9913649641207283,C,Review Overstock Risk
31,35,31_35,245320.13,1872.6727480916031,467.6110559413066,131,203750,1673.609375,1,771.5582423031558,2445.1676173031556,7,13108.709236641222,Stock Sufficient,6123435323.61999,0.9914046822711918,C,Review Overstock Risk
7,36,7_36,244400.2,1865.6503816793895,1307.8418278819295,131,70713,1390.409423828125,4,4315.878032010367,9877.515727322867,4,7462.601526717558,Reorder Required,6123679723.81999,0.9914442514819081,C,Reorder Required - Low Priority
28,36,28_36,243317.68,1857.3868702290076,1208.6893492088436,131,206302,587.648681640625,1,1994.337426194592,2581.986107835217,6,11144.321221374046,Stock Sufficient,6123923041.49999,0.9914836454290118,C,Review Overstock Risk
7,21,7_21,242965.18,1854.6960305343512,562.6224306771331,131,70713,1912.0020751953125,1,928.3270106172696,2840.329085812582,6,11128.176183206107,Stock Sufficient,6124166006.679991,0.9915229823051852,C,Review Overstock Risk
6,48,6_48,241530.87,1872.3323255813953,1334.3979942998365,129,202505,3678.739013671875,1,2201.75669059473,5880.495704266605,8,14978.658604651162,Stock Sufficient,6124407537.549991,0.991562086961767,C,Review Overstock Risk
7,31,7_31,240205.25,1833.6278625954199,1109.7561294945751,131,70713,1664.084716796875,1,1831.0976136660488,3495.182330462924,3,5500.883587786259,Stock Sufficient,6124647742.799991,0.9916009769960321,C,Stock Sufficient
29,85,29_85,238684.72,1822.0207633587786,872.5960927508373,131,93638,1353.001220703125,2,2036.161427589309,4742.163868995559,5,9110.103816793893,Stock Sufficient,6124886427.519991,0.9916396208513991,C,Stock Sufficient
2,27,2_27,238287.26,1818.986717557252,1017.3959787504589,131,202307,1745.415283203125,1,1678.703364938257,3424.118648141382,7,12732.907022900763,Stock Sufficient,6125124714.779991,0.9916782003566612,C,Review Overstock Risk
6,27,6_27,235234.13,1795.6803816793893,957.2274223324558,131,202505,1556.690185546875,3,2735.6447742987075,7405.7153309393325,4,7182.721526717557,Reorder Required,6125359948.909991,0.9917162855499534,C,Reorder Required - Low Priority
16,36,16_36,234991.3,1793.8267175572519,1050.7987898630283,131,57197,970.888671875,2,2451.9889349167256,4393.766278666726,7,12556.787022900764,Stock Sufficient,6125594940.209991,0.9917543314282554,C,Review Overstock Risk
18,85,18_85,234079.63999999998,1786.8674809160304,848.1744341705474,131,120653,1908.2806396484375,1,1399.4878163814033,3307.7684560298408,2,3573.734961832061,Stock Sufficient,6125829019.849992,0.991792229705751,C,Stock Sufficient
37,11,37_11,233418.52,1781.8207633587785,442.1805088015845,131,39910,1768.5545654296875,4,1459.1956790452286,8533.413940763978,6,10690.92458015267,Stock Sufficient,6126062438.369992,0.9918300209457049,C,Review Overstock Risk
45,36,45_36,233331.85,1781.1591603053434,1299.817669751024,131,118221,889.014404296875,4,4289.398310178379,7845.455927365879,7,12468.114122137404,Stock Sufficient,6126295770.219993,0.9918677981534957,C,Review Overstock Risk
30,83,30_83,231882.34,1770.0941984732824,366.2991189849637,131,42988,1310.3812255859375,3,1046.8403300019631,4977.984006759776,8,14160.75358778626,Stock Sufficient,6126527652.559993,0.9919053406807639,C,Review Overstock Risk
5,26,5_26,231392.81,1766.3573282442749,581.7589724220643,131,34875,1580.086181640625,3,1662.5995616902264,6402.858106612101,3,5299.071984732825,Reorder Required,6126759045.369993,0.991942803951486,C,Reorder Required - Low Priority
35,44,35_44,231388.44,1766.3239694656488,479.8715143431293,131,103681,1949.5809326171875,2,1119.7573262379385,5018.919191472313,2,3532.6479389312976,Reorder Required,6126990433.809993,0.9919802665146904,C,Reorder Required - Low Priority
24,85,24_85,230481.32,1759.399389312977,866.8012372934586,131,203819,1731.4993896484375,1,1430.2220415342067,3161.721431182644,1,1759.399389312977,Reorder Required,6127220915.1299925,0.9920175822121294,C,Reorder Required - Low Priority
39,85,39_85,228767.33,1746.315496183206,890.3382705174596,131,184109,1500.4793701171875,3,2544.4833487577516,7045.921459109314,4,6985.261984732824,Reorder Required,6127449682.459992,0.9920546204088485,C,Reorder Required - Low Priority
8,58,8_58,226577.0,1904.0084033613446,1650.2044018016059,119,155078,1261.6527099609375,4,5445.674525945299,10492.285365789048,4,7616.033613445378,Reorder Required,6127676259.459992,0.9920913039838065,C,Reorder Required - Low Priority
36,14,36_14,225601.32,1722.1474809160306,544.6629429025784,131,39910,1350.73193359375,2,1270.9450392785338,3972.408906466034,6,10332.884885496183,Stock Sufficient,6127901860.779992,0.9921278295929057,C,Review Overstock Risk
28,19,28_19,225167.42,1718.8352671755727,483.4442129765386,131,206302,1376.27587890625,2,1128.094048359643,3880.6458061721432,8,13750.682137404581,Stock Sufficient,6128127028.199992,0.992164284952142,C,Review Overstock Risk
3,20,3_20,224183.54,1711.3247328244277,506.7385570235908,131,37392,1987.12255859375,1,836.1186190889247,2823.241177682675,7,11979.273129770994,Stock Sufficient,6128351211.739992,0.992200581017912,C,Review Overstock Risk
20,59,20_59,222561.68,1698.9441221374045,3607.8500064045975,131,203742,551.3646240234375,1,5952.952510567586,6504.317134591023,3,5096.832366412214,Reorder Required,6128573773.419992,0.9922366144991174,C,Reorder Required - Low Priority
45,58,45_58,222145.85,1749.1799212598426,1223.6603052204548,127,118221,1592.18505859375,3,3497.0790027476614,8273.634178528911,6,10495.079527559055,Stock Sufficient,6128795919.269993,0.9922725806560535,C,Review Overstock Risk
41,36,41_36,221573.93,1691.4040458015268,1041.1112577336103,131,196321,1045.259033203125,3,2975.375031298806,6111.152130908181,1,1691.4040458015268,Reorder Required,6129017493.199993,0.9923084542172267,C,Reorder Required - Low Priority
26,52,26_52,221329.13,1689.5353435114505,497.78129626959924,131,152513,1471.17138671875,2,1161.5489494622095,4103.89172289971,3,5068.606030534352,Stock Sufficient,6129238822.329993,0.9923442881444601,C,Stock Sufficient
9,52,9_52,221158.32,1688.2314503816795,439.9840385586071,131,125833,1796.984375,3,1257.4232703497048,6648.376395349705,7,11817.620152671756,Stock Sufficient,6129459980.649993,0.9923800944169825,C,Review Overstock Risk
30,16,30_16,220482.97,1683.076106870229,687.0496575531913,131,42988,1241.6688232421875,4,2267.2638699255313,7233.939162894281,3,5049.228320610688,Reorder Required,6129680463.619993,0.9924157913480787,C,Reorder Required - Low Priority
31,56,31_56,219595.35,1676.3003816793894,1537.328712833953,131,203750,1293.3890380859375,4,5073.184752352045,10246.740904695795,8,13410.403053435115,Stock Sufficient,6129900058.969994,0.9924513445705249,C,Review Overstock Risk
25,31,25_31,217992.72,1664.0665648854963,653.2602628753377,131,128107,1789.4703369140625,2,1524.3517138042312,5103.292387632357,8,13312.53251908397,Stock Sufficient,6130118051.689994,0.9924866383218078,C,Review Overstock Risk
34,35,34_35,217741.97,1662.1524427480915,499.66758787616703,131,158114,1236.0654296875,2,1165.9505210969974,3638.0813804719974,6,9972.914656488549,Stock Sufficient,6130335793.659994,0.9925218914758263,C,Review Overstock Risk
22,52,22_52,216528.6,1652.890076335878,709.8711137864788,131,119557,2213.99267578125,4,2342.57467549538,11198.54537862038,3,4958.670229007634,Reorder Required,6130552322.2599945,0.9925569481811788,C,Reorder Required - Low Priority
7,41,7_41,216081.37,1649.476106870229,958.9686843114906,131,70713,2423.172119140625,4,3164.596658227919,12857.285134790418,1,1649.476106870229,Reorder Required,6130768403.629994,0.9925919324784969,C,Reorder Required - Low Priority
32,19,32_19,215796.59,1647.302213740458,407.7542606395144,131,203007,1558.230712890625,1,672.7945300551987,2231.0252429458237,5,8236.51106870229,Stock Sufficient,6130984200.219995,0.9926268706689795,C,Stock Sufficient
43,14,43_14,215107.47,1642.0417557251908,649.1876907045283,131,41062,1603.8963623046875,2,1514.8485605880232,4722.641285197398,6,9852.250534351144,Stock Sufficient,6131199307.689995,0.9926616972886266,C,Review Overstock Risk
21,27,21_27,214824.52,1639.8818320610687,720.0624144505183,131,140167,1493.8338623046875,2,1680.231353247215,4667.89907785659,5,8199.409160305344,Stock Sufficient,6131414132.209995,0.9926964780977214,C,Stock Sufficient
16,29,16_29,214539.02,1637.7024427480915,506.6061373464243,131,57197,1493.8079833984375,3,1447.821489361869,5929.245439557181,6,9826.214656488548,Stock Sufficient,6131628671.229996,0.9927312126834102,C,Review Overstock Risk
19,52,19_52,212885.55,1625.080534351145,447.42542186347936,131,203819,1531.418701171875,4,1476.5038921494818,7602.1786968369815,7,11375.563740458014,Stock Sufficient,6131841556.779996,0.9927656795667696,C,Review Overstock Risk
24,41,24_41,212456.33,1621.8040458015266,695.5335915537505,131,203819,1718.6790771484375,1,1147.6304260636882,2866.3095032121255,8,12974.432366412213,Stock Sufficient,6132054013.109996,0.9928000769579739,C,Review Overstock Risk
5,33,5_33,211521.71,1614.6695419847329,586.7686589329245,131,34875,1693.389404296875,3,1676.9166637754502,6757.084876666075,5,8073.347709923664,Stock Sufficient,6132265534.819996,0.9928343230310707,C,Stock Sufficient
4,59,4_59,211232.04,1612.458320610687,4473.377585023536,131,205863,511.219970703125,3,12784.393476855874,14318.053388965249,8,12899.666564885496,Reorder Required,6132476766.859996,0.9928685222056245,C,Reorder Required - Low Priority
35,27,35_27,210474.75,1606.6774809160306,536.5355019386212,131,103681,1909.2039794921875,2,1251.9800428348194,5070.388001819194,5,8033.387404580153,Stock Sufficient,6132687241.609996,0.9929025987723916,C,Stock Sufficient
16,52,16_52,210210.85,1604.6629770992367,426.0557800943886,131,57197,1461.2523193359375,1,702.9920371557412,2164.2443564916784,4,6418.651908396947,Stock Sufficient,6132897452.459996,0.9929366326128652,C,Stock Sufficient
9,30,9_30,207388.03,1583.1147328244274,352.7510066546794,131,125833,1558.80322265625,1,582.0391609802209,2140.842383636471,4,6332.45893129771,Stock Sufficient,6133104840.489996,0.992970209429329,C,Stock Sufficient
3,90,3_90,203459.76,1553.1279389312979,280.0499222740822,131,37392,1688.804443359375,1,462.0823717522356,2150.8868151116108,6,9318.767633587788,Stock Sufficient,6133308300.249996,0.9930031502457266,C,Review Overstock Risk
17,35,17_35,203348.3,1552.277099236641,423.1879245886808,131,93188,1259.4461669921875,3,1209.4219277864156,4987.760428762978,8,12418.216793893129,Stock Sufficient,6133511648.549996,0.993036073016377,C,Review Overstock Risk
35,52,35_52,203302.67,1551.9287786259542,515.4859949466995,131,103681,1542.4049072265625,2,1202.8620206905684,4287.671835143694,1,1551.9287786259542,Reorder Required,6133714951.219996,0.9930689883993776,C,Reorder Required - Low Priority
1,36,1_36,202993.99,1549.5724427480916,1160.2391436656442,131,151315,736.8720703125,4,3828.7891740966256,6776.277455346626,6,9297.434656488549,Stock Sufficient,6133917945.209996,0.9931018538060525,C,Review Overstock Risk
43,21,43_21,201961.74,1541.692671755725,171.3408498054027,131,41062,1377.609375,3,489.67224450372606,4622.500369503726,6,9250.15603053435,Stock Sufficient,6134119906.949996,0.9931345520879963,C,Review Overstock Risk
28,27,28_27,201468.15,1537.9248091603054,591.8188883789354,131,206302,1473.9385986328125,4,1953.0023316504867,7848.756726181737,1,1537.9248091603054,Reorder Required,6134321375.099996,0.9931671704560662,C,Reorder Required - Low Priority
5,91,5_91,201270.64,1536.4170992366414,239.81249665420034,131,34875,1568.0782470703125,2,559.5910405716223,3695.747534712247,4,6145.668396946566,Stock Sufficient,6134522645.739996,0.9931997568466059,C,Stock Sufficient
15,27,15_27,201156.05,1535.5423664122136,617.5307623752373,131,123737,1553.764404296875,1,1018.9257579191415,2572.6901622160167,6,9213.254198473282,Stock Sufficient,6134723801.789996,0.9932323246846408,C,Review Overstock Risk
15,52,15_52,200651.1,1531.687786259542,362.850774897234,131,123737,1429.41943359375,3,1036.9853631847825,5325.243663966033,7,10721.814503816793,Stock Sufficient,6134924452.889997,0.9932648107695801,C,Review Overstock Risk
22,83,22_83,200247.34,1528.6056488549618,362.13991314896134,131,119557,1396.870849609375,1,597.5308566957862,1994.401706305161,8,12228.845190839695,Stock Sufficient,6135124700.229997,0.9932972314844234,C,Review Overstock Risk
30,21,30_21,199747.29,1524.7884732824427,397.99140496995483,131,42988,1078.710693359375,1,656.6858182004254,1735.3965115598003,4,6099.153893129771,Stock Sufficient,6135324447.519997,0.9933295712394973,C,Stock Sufficient
5,18,5_18,199653.96,2268.795,3307.44086635977,88,34875,1012.0440063476562,2,7717.755754422461,9741.843767117774,4,9075.18,Reorder Required,6135524101.479997,0.9933618958841318,C,Reorder Required - Low Priority
3,29,3_29,198236.15,1513.2530534351145,595.1395852841108,131,37392,1246.9903564453125,3,1700.8397988574586,5441.810868193396,3,4539.759160305343,Reorder Required,6135722337.629996,0.9933939909805798,C,Reorder Required - Low Priority
32,36,32_36,198152.95,1512.6179389312979,803.6260596606603,131,203007,1353.4561767578125,2,1875.2231398701172,4582.135493385742,7,10588.325572519085,Stock Sufficient,6135920490.579996,0.9934260726066694,C,Review Overstock Risk
31,36,31_36,197926.71,1510.8909160305343,1428.3317243680044,131,203750,503.5035400390625,2,3332.944058678819,4339.951138756944,6,9065.345496183207,Stock Sufficient,6136118417.289996,0.9934581176037454,C,Review Overstock Risk
16,41,16_41,197203.19,1505.3678625954199,793.0666121523343,131,57197,1018.9951782226562,4,2617.119820102703,6693.100532993329,5,7526.839312977099,Stock Sufficient,6136315620.479996,0.9934900454605107,C,Stock Sufficient
28,85,28_85,196584.14,1500.642290076336,372.1474702723368,131,206302,1140.500732421875,1,614.0433259493557,1754.5440583712307,5,7503.211450381679,Stock Sufficient,6136512204.619996,0.9935218730910084,C,Stock Sufficient
5,24,5_24,196257.17,1498.1463358778626,681.2741278394429,131,34875,1617.0986328125,1,1124.1023109350808,2741.200943747581,4,5992.58534351145,Stock Sufficient,6136708461.789996,0.9935536477839682,C,Stock Sufficient
35,93,35_93,195719.37,1494.0409923664122,598.0787734196568,131,103681,1570.494873046875,2,1395.5883360169476,4536.578082110697,7,10458.286946564886,Stock Sufficient,6136904181.159996,0.9935853354053072,C,Review Overstock Risk
42,14,42_14,195079.51,1489.1565648854962,572.7285448202799,131,39690,1334.958251953125,3,1636.7916486466274,5641.666404506002,1,1489.1565648854962,Reorder Required,6137099260.669996,0.9936169194311699,C,Reorder Required - Low Priority
25,52,25_52,194779.02,1486.862748091603,495.974750272405,131,128107,1576.9276123046875,2,1157.333460409243,4311.188685018618,8,11894.901984732824,Stock Sufficient,6137294039.689997,0.9936484548066954,C,Review Overstock Risk
22,80,22_80,192685.05,1470.878244274809,371.22582836924533,131,119557,1552.6529541015625,1,612.5226168092547,2165.1755709108174,8,11767.025954198472,Stock Sufficient,6137486724.739997,0.9936796511614666,C,Review Overstock Risk
21,56,21_56,190833.95,1456.7477099236642,1437.0232704301598,131,140167,1112.644775390625,1,2371.0883962097637,3483.7331716003887,7,10197.23396946565,Stock Sufficient,6137677558.689997,0.9937105478169496,C,Review Overstock Risk
3,81,3_81,190252.08,1452.3059541984733,327.3392470600085,131,37392,1922.7386474609375,3,935.4975419118052,6703.713484294618,4,5809.223816793893,Reorder Required,6137867810.769997,0.9937413502657312,C,Reorder Required - Low Priority
24,52,24_52,190088.51,1451.057328244275,427.36609656903397,131,203819,1212.2838134765625,2,997.2384342795232,3421.806061232648,3,4353.171984732825,Stock Sufficient,6138057899.279997,0.9937721262319823,C,Stock Sufficient
9,35,9_35,189915.88,1449.7395419847328,423.26723782946954,131,125833,897.9620971679688,2,987.6739426069464,2783.5981369428837,8,11597.916335877862,Stock Sufficient,6138247815.159997,0.9938028742488583,C,Review Overstock Risk
9,19,9_19,189344.62,1445.378778625954,422.1051052158289,131,125833,1573.5057373046875,3,1206.3273558072367,5926.844567721299,8,11563.030229007632,Stock Sufficient,6138437159.779997,0.9938335297768275,C,Review Overstock Risk
39,27,39_27,188617.94,1439.8316030534352,608.2818679511826,131,184109,1631.028564453125,2,1419.396771213634,4681.453900119885,2,2879.6632061068703,Reorder Required,6138625777.719996,0.9938640676528714,C,Reorder Required - Low Priority
8,31,8_31,188080.92,1435.732213740458,975.3674167136198,131,155078,2020.608642578125,4,3218.7124751549454,11301.147045467445,1,1435.732213740458,Reorder Required,6138813858.639997,0.9938945185835794,C,Reorder Required - Low Priority
28,41,28_41,187584.38,1431.9418320610687,1291.9005506717028,131,206302,1674.907958984375,2,3014.5884119953666,6364.404329964116,3,4295.825496183206,Reorder Required,6139001443.019997,0.9939248891227986,C,Reorder Required - Low Priority
21,85,21_85,187541.35,1431.613358778626,512.9169070726167,131,140167,858.237548828125,2,1196.867176481716,2913.342274137966,3,4294.840076335878,Stock Sufficient,6139188984.369997,0.9939552526953169,C,Stock Sufficient
30,67,30_67,187490.38,1431.2242748091603,752.6108386104291,131,42988,1143.9150390625,1,1241.807883707208,2385.722922769708,5,7156.1213740458015,Stock Sufficient,6139376474.749997,0.9939856080156215,C,Stock Sufficient
3,35,3_35,186896.55,1426.6912213740457,448.9020333658953,131,37392,686.3727416992188,4,1481.3767101074545,4226.8676769043295,6,8560.147328244275,Stock Sufficient,6139563371.299997,0.9940158671928608,C,Review Overstock Risk
37,14,37_14,186702.5,1425.2099236641222,531.8886141253146,131,39910,1333.6136474609375,1,877.616213306769,2211.2298607677067,8,11401.679389312978,Stock Sufficient,6139750073.799997,0.9940460949527553,C,Review Overstock Risk
45,52,45_52,186621.61,1424.5924427480916,326.14282844529146,131,118221,1101.9666748046875,2,761.0387585757873,2964.972108185162,4,5698.369770992366,Stock Sufficient,6139936695.409997,0.9940763096162879,C,Stock Sufficient
10,93,10_93,186530.07,1423.8936641221374,268.44432980015716,131,126512,1175.3416748046875,3,767.1827100591196,4293.207734473182,7,9967.255648854962,Stock Sufficient,6140123225.479997,0.9941065094591879,C,Review Overstock Risk
14,59,14_59,185622.96,1416.9691603053434,3552.0266282716457,131,200898,315.9208679199219,3,10151.279473506698,11099.042077266464,4,5667.876641221374,Reorder Required,6140308848.439997,0.9941365624379417,C,Reorder Required - Low Priority
41,27,41_27,185338.53,1414.7979389312977,643.510223815403,131,196321,1769.53076171875,1,1061.791869295415,2831.322631014165,5,7073.989694656489,Stock Sufficient,6140494186.969996,0.9941665693665261,C,Stock Sufficient
20,48,20_48,185046.71,1568.1924576271185,1720.4834162072984,118,203742,3986.5458984375,2,4014.6661187132877,11987.757915588289,2,3136.384915254237,Reorder Required,6140679233.6799965,0.9941965290484754,C,Reorder Required - Low Priority
15,36,15_36,184407.07,1407.6875572519084,870.7895663725066,131,123737,1208.7200927734375,2,2031.9459843160255,4449.386169862901,7,9853.812900763358,Stock Sufficient,6140863640.749996,0.9942263851705669,C,Review Overstock Risk
23,59,23_59,184399.2,1407.6274809160307,2746.0235731834114,131,114533,512.9449462890625,1,4530.938895752629,5043.883842041691,7,9853.392366412214,Stock Sufficient,6141048039.949996,0.9942562400184792,C,Review Overstock Risk
39,41,39_41,184014.03,1404.687251908397,1300.874272947031,131,184109,3245.2626953125,3,3717.747552755743,13453.535638693244,2,2809.374503816794,Reorder Required,6141232053.979996,0.9942860325060787,C,Reorder Required - Low Priority
7,93,7_93,183964.65,1404.3103053435113,585.973417588124,131,70713,1618.880126953125,1,966.8561390204045,2585.7362659735295,4,5617.241221374045,Stock Sufficient,6141416018.629995,0.9943158169988908,C,Stock Sufficient
29,27,29_27,183053.91,1397.3580916030535,689.717161617287,131,93638,1280.699462890625,2,1609.4221508650614,4170.821076646312,7,9781.506641221375,Stock Sufficient,6141599072.539995,0.9943454540398475,C,Review Overstock Risk
26,41,26_41,182944.5,1396.5229007633588,669.4998003842853,131,152513,830.921142578125,2,1562.2459012207346,3224.0881863769846,6,8379.137404580153,Stock Sufficient,6141782017.039995,0.994375073366959,C,Review Overstock Risk
17,27,17_27,182575.55,1393.7064885496181,509.6980108560868,131,93188,1640.287841796875,3,1456.6577046772336,6377.521230067859,7,9755.945419847327,Stock Sufficient,6141964592.589995,0.99440463295983,C,Review Overstock Risk
17,58,17_58,182526.01,1425.984453125,766.345843419068,128,93188,1462.2823486328125,1,1264.4706416414622,2726.7529902742745,4,5703.9378125,Stock Sufficient,6142147118.599996,0.9944341845320092,C,Stock Sufficient
2,59,2_59,182259.05000000002,1391.2904580152674,3149.8597468075072,131,202307,465.4396667480469,3,9001.933245007958,10398.252245252099,2,2782.580916030535,Reorder Required,6142329377.649996,0.9944636928824705,C,Reorder Required - Low Priority
3,56,3_56,181083.52,1382.3169465648855,1647.0556960634997,131,37392,687.3290405273438,2,3843.3260305388185,5217.984111593506,2,2764.633893129771,Reorder Required,6142510461.169996,0.9944930109106888,C,Reorder Required - Low Priority
23,19,23_19,181048.24,1382.047633587786,1086.8319446260964,131,114533,1145.17236328125,1,1793.272708633059,2938.4450719143088,2,2764.095267175572,Reorder Required,6142691509.409996,0.9945223232269568,C,Reorder Required - Low Priority
18,83,18_83,180981.96,1471.3980487804877,936.6931355691634,123,120653,2330.647705078125,2,2185.72882457109,6847.02423472734,6,8828.388292682926,Stock Sufficient,6142872491.369996,0.9945516248122709,C,Review Overstock Risk
7,29,7_29,180346.83,1376.693358778626,410.27801123442856,131,70713,1323.7117919921875,2,957.3642009214633,3604.787784905838,8,11013.546870229007,Stock Sufficient,6143052838.199996,0.9945808235679114,C,Review Overstock Risk
31,41,31_41,180204.48,1375.606717557252,1073.401478111266,131,203750,1730.20751953125,3,3067.6567300636034,8258.279288657353,6,8253.640305343513,Reorder Required,6143233042.679996,0.9946099992766102,C,Reorder Required - Low Priority
45,19,45_19,180144.18,1375.1464122137404,314.61940720634976,131,118221,1222.910888671875,2,734.1494038840555,3179.9711812278056,4,5500.585648854962,Stock Sufficient,6143413186.859996,0.9946391652225371,C,Stock Sufficient
13,28,13_28,178980.81,1366.2657251908397,473.7364438085324,131,219622,1214.3662109375,3,1353.883723621071,4996.982356433571,1,1366.2657251908397,Reorder Required,6143592167.669996,0.9946681428149658,C,Reorder Required - Low Priority
1,27,1_27,178663.4,1363.842748091603,698.560496262524,131,151315,1348.64990234375,3,1996.4047482839132,6042.354455315163,6,8183.056488549618,Stock Sufficient,6143770831.069996,0.9946970690176525,C,Review Overstock Risk
9,71,9_71,178542.5,1362.9198473282443,522.8291140442394,131,125833,1147.440185546875,2,1219.9968394100406,3514.8772105037906,2,2725.8396946564885,Reorder Required,6143949373.569996,0.9947259756462246,C,Reorder Required - Low Priority
25,36,25_36,175622.37,1340.628778625954,837.1405993315974,131,128107,778.4931640625,2,1953.427722160012,3510.4140502850123,8,10725.030229007632,Stock Sufficient,6144124995.939996,0.9947544094959719,C,Review Overstock Risk
5,29,5_29,175482.97,1339.5646564885496,436.39637109521607,131,34875,937.7467041015625,1,720.0540123071065,1657.800716408669,1,1339.5646564885496,Reorder Required,6144300478.909996,0.9947828207763926,C,Reorder Required - Low Priority
13,59,13_59,175280.92,1338.022290076336,2695.481726366313,131,219622,488.14453125,3,7703.373646550874,9167.807240300874,5,6690.111450381681,Reorder Required,6144475759.829996,0.9948111993442417,C,Reorder Required - Low Priority
5,44,5_44,174263.23,1330.2536641221375,354.0099724436416,131,34875,1491.70849609375,1,584.1164545320086,2075.8249506257584,8,10642.0293129771,Stock Sufficient,6144650023.059996,0.9948394131446721,C,Review Overstock Risk
40,31,40_31,173170.22,1321.9100763358779,636.5259771658319,131,155083,1417.7374267578125,3,1819.117299101269,6072.329579374707,3,3965.7302290076336,Reorder Required,6144823193.279996,0.9948674499831238,C,Reorder Required - Low Priority
2,48,2_48,173041.36,1373.344126984127,1076.4637516440728,126,202307,2521.62939453125,2,2511.876901013817,7555.135690076317,5,6866.720634920634,Reorder Required,6144996234.639996,0.99489546595871,C,Reorder Required - Low Priority
45,27,45_27,172786.14,1318.9781679389314,732.5911730581879,131,118221,1098.2081298828125,3,2093.660469306888,5388.284858955325,1,1318.9781679389314,Reorder Required,6145169020.779996,0.9949234406133238,C,Reorder Required - Low Priority
5,21,5_21,171958.82,1312.6627480916031,225.70231066965317,131,34875,1151.0615234375,2,526.6655935331493,2828.788640408149,6,7875.976488549619,Stock Sufficient,6145340979.599996,0.9949512813220592,C,Review Overstock Risk
17,48,17_48,171818.01,1331.9225581395349,1040.97072519872,129,93188,2862.791259765625,4,3435.2033931557758,14886.368432218276,5,6659.612790697674,Reorder Required,6145512797.609996,0.9949790992331844,C,Reorder Required - Low Priority
11,41,11_41,171676.63,1310.5086259541986,987.8668894135667,131,207499,1776.3226318359375,1,1629.980367532385,3406.302999368322,2,2621.017251908397,Reorder Required,6145684474.239996,0.995006894254414,C,Reorder Required - Low Priority
16,30,16_30,171651.56,1310.3172519083969,369.3012996333095,131,57197,1170.97900390625,3,1055.4202135390808,4568.357225257831,6,7861.903511450381,Stock Sufficient,6145856125.799996,0.9950346852167269,C,Review Overstock Risk
37,3,37_3,170904.96,1304.6180152671755,533.1183805806677,131,39910,1855.3602294921875,2,1244.0063528764765,4954.726811860852,3,3913.8540458015264,Reorder Required,6146027030.759996,0.9950623553019997,C,Reorder Required - Low Priority
31,85,31_85,169428.61000000002,1293.3481679389315,377.3842441287364,131,203750,1114.603759765625,3,1078.5203299314644,4422.331609228339,5,6466.740839694658,Stock Sufficient,6146196459.369996,0.9950897863612642,C,Stock Sufficient
10,28,10_28,169219.25,1291.75,527.9511290975563,131,126512,866.8011474609375,1,871.1193630109678,1737.9205104719053,4,5167.0,Stock Sufficient,6146365678.619996,0.9951171835244437,C,Stock Sufficient
26,19,26_19,168946.37,1289.6669465648854,365.305984721961,131,152513,1440.76318359375,1,602.7548747912356,2043.5180583849856,7,9027.668625954198,Stock Sufficient,6146534624.989996,0.9951445365074375,C,Review Overstock Risk
27,58,27_58,168663.0,1441.5641025641025,1069.773037358339,117,204184,2398.8349609375,2,2496.2644378538175,7293.934359728817,5,7207.820512820513,Reorder Required,6146703287.989996,0.9951718436118795,C,Reorder Required - Low Priority
13,48,13_48,168001.26,1322.8445669291339,845.8509434814749,127,219622,1645.632568359375,2,1973.7528954290071,5265.018032147757,7,9259.911968503937,Stock Sufficient,6146871289.249996,0.9951990435783998,C,Review Overstock Risk
22,41,22_41,167457.74,1278.3033587786258,647.8352116295422,131,119557,954.551513671875,3,1851.4377774329298,4715.092318448555,7,8948.12351145038,Stock Sufficient,6147038746.989996,0.9952261555472122,C,Review Overstock Risk
32,27,32_27,166526.7,1271.196183206107,585.5663143900928,131,203007,1410.5703125,3,1673.4805027454104,5905.19144024541,7,8898.37328244275,Stock Sufficient,6147205273.689996,0.995253116777531,C,Review Overstock Risk
15,41,15_41,166338.95,1269.7629770992367,936.2326159040856,131,123737,2305.15234375,3,2675.6440564408394,9591.10108769084,3,3809.28893129771,Reorder Required,6147371612.639996,0.9952800476104963,C,Reorder Required - Low Priority
26,31,26_31,165310.18,1261.9097709923662,524.3672964109527,131,152513,1431.859619140625,3,1498.580818698644,5794.159676120519,3,3785.7293129770987,Reorder Required,6147536922.819996,0.995306811882154,C,Reorder Required - Low Priority
17,28,17_28,164221.82,1253.601679389313,453.0864215987474,131,93188,974.8956298828125,2,1057.2555878808703,3007.0468476464953,3,3760.8050381679386,Stock Sufficient,6147701144.639996,0.9953333999446833,C,Stock Sufficient
3,21,3_21,163946.58,1251.5006106870228,225.4427877985752,131,37392,1374.647216796875,1,371.98059986764906,1746.627816664524,7,8760.50427480916,Stock Sufficient,6147865091.2199955,0.9953599434449351,C,Review Overstock Risk
12,59,12_59,163561.52,1248.5612213740458,2841.2878837177996,131,112238,287.58953857421875,2,6630.009968604101,7205.189045752539,4,4994.244885496183,Reorder Required,6148028652.739996,0.9953864246026836,C,Reorder Required - Low Priority
34,52,34_52,162176.72,1237.9902290076336,323.06741927597625,131,158114,1257.4918212890625,1,533.0612418053607,1790.5530630944231,4,4951.9609160305345,Stock Sufficient,6148190829.459996,0.9954126815566754,C,Stock Sufficient
42,21,42_21,162057.79,1237.0823664122138,146.9248300680006,131,39690,1017.15087890625,2,342.8420940970225,2377.1438519095227,2,2474.1647328244276,Stock Sufficient,6148352887.249996,0.9954389192555018,C,Stock Sufficient
27,59,27_59,162002.18,1236.6578625954198,2842.273880126751,131,204184,364.4173278808594,2,6632.310744269186,7361.145400030905,3,3709.9735877862595,Reorder Required,6148514889.4299965,0.9954651479508831,C,Reorder Required - Low Priority
24,50,24_50,161637.5,1243.3653846153845,352.55134756295513,130,203819,1106.244873046875,2,822.6617803081293,3035.1515264018794,6,7460.192307692307,Stock Sufficient,6148676526.9299965,0.9954913176033513,C,Review Overstock Risk
42,67,42_67,161415.86,1232.18213740458,560.6378914442802,131,39690,1075.57568359375,3,1602.2379658391335,4828.965016620384,3,3696.54641221374,Reorder Required,6148837942.789996,0.9955174513715613,C,Reorder Required - Low Priority
43,67,43_67,160369.34,1224.1934351145037,670.3506281902273,131,41062,1265.2657470703125,1,1106.078536513875,2371.3442835841875,2,2448.3868702290074,Stock Sufficient,6148998312.129996,0.9955434157046793,C,Stock Sufficient
3,30,3_30,159823.64,1220.0277862595422,367.03752495914983,131,37392,1304.2117919921875,2,856.464585400187,3464.888169384562,3,3660.0833587786265,Stock Sufficient,6149158135.769997,0.9955692916871401,C,Stock Sufficient
8,41,8_41,159683.89,1218.9609923664123,1019.7066912845802,131,155078,2229.302734375,3,2914.203266902694,9602.111470027694,2,2437.9219847328245,Reorder Required,6149317819.659997,0.995595145043608,C,Reorder Required - Low Priority
1,19,1_19,159434.3,1217.0557251908397,380.32056221850615,131,151315,1218.54541015625,2,887.4599202789738,3324.5507405914736,8,9736.445801526717,Stock Sufficient,6149477253.959997,0.9956209579906192,C,Review Overstock Risk
5,20,5_20,158621.56,1210.8516030534352,360.71041843906784,131,34875,1152.7303466796875,3,1030.8684730672267,4489.059513106289,8,9686.812824427481,Stock Sufficient,6149635875.519998,0.995646639352303,C,Review Overstock Risk
29,93,29_93,157581.33,1202.9109160305343,345.7574757353001,131,93638,1520.6734619140625,3,988.1346998659999,5550.155085608188,1,1202.9109160305343,Reorder Required,6149793456.8499975,0.9956721522972668,C,Reorder Required - Low Priority
25,27,25_27,157314.37,1200.8730534351146,567.2877606374619,131,128107,1142.971923828125,4,1872.0496101036242,6443.937305416124,1,1200.8730534351146,Reorder Required,6149950771.219997,0.9956976220205126,C,Reorder Required - Low Priority
31,27,31_27,157285.54,1200.6529770992368,638.3414395033604,131,203750,1047.114990234375,1,1053.2633751805447,2100.3783654149197,1,1200.6529770992368,Reorder Required,6150108056.759997,0.9957230870760849,C,Reorder Required - Low Priority
7,52,7_52,157006.6,1198.5236641221375,318.92676007607906,131,70713,965.5765380859375,1,526.2291541255304,1491.8056922114679,1,1198.5236641221375,Reorder Required,6150265063.359998,0.9957485069703373,C,Reorder Required - Low Priority
10,56,10_56,155902.01,1190.091679389313,1072.8954040396789,131,126512,1066.51416015625,2,2503.550331811114,4636.578652123614,5,5950.458396946565,Stock Sufficient,6150420965.369998,0.9957737480277702,C,Stock Sufficient
14,28,14_28,155699.98,1188.549465648855,490.02773650276157,131,200898,1022.8671264648438,3,1400.4423456222491,4469.043725016781,1,1188.549465648855,Reorder Required,6150576665.3499975,0.9957989563758695,C,Reorder Required - Low Priority
16,31,16_31,155487.9,1186.930534351145,578.7782872386828,131,57197,831.8995361328125,1,954.9841739438265,1786.883710076639,3,3560.791603053435,Stock Sufficient,6150732153.249997,0.9958241303875066,C,Stock Sufficient
18,28,18_28,154447.46,1178.9882442748092,441.95849344181096,131,120653,1237.9652099609375,2,1031.2890974617928,3507.219517383668,6,7073.929465648855,Stock Sufficient,6150886600.709997,0.9958491359484241,C,Review Overstock Risk
5,6,5_6,152564.15,1173.5703846153847,1383.7488974680473,130,34875,699.3922119140625,2,3228.9121552349143,4627.696579063039,4,4694.281538461539,Stock Sufficient,6151039164.859997,0.9958738365951465,C,Stock Sufficient
29,36,29_36,151499.69,1174.4162015503875,855.3053570090785,129,93638,1148.9952392578125,2,1995.8143191567913,4293.8047976724165,3,3523.2486046511626,Reorder Required,6151190664.549996,0.9958983649022307,C,Reorder Required - Low Priority
5,35,5_35,151179.73,1154.0437404580152,382.5470101394997,131,34875,596.2120361328125,2,892.6552304745213,2085.0793027401464,2,2308.0874809160305,Stock Sufficient,6151341844.279996,0.9959228414067196,C,Stock Sufficient
7,96,7_96,150315.77,1147.4486259541984,808.1832994046332,131,70713,822.6640014648438,3,2309.693985055833,4777.685989450364,7,8032.140381679389,Stock Sufficient,6151492160.049996,0.9959471780331918,C,Review Overstock Risk
44,67,44_67,148221.37,1131.4608396946564,563.0568526575927,131,39910,1109.0230712890625,4,1858.0876137700557,6294.179898926306,5,5657.304198473283,Reorder Required,6151640381.419996,0.9959711755692912,C,Reorder Required - Low Priority
14,19,14_19,147941.08,1138.0083076923077,1089.6951632830096,130,200898,1859.7503662109375,1,1797.9970194169657,3657.747385627903,5,5690.041538461538,Stock Sufficient,6151788322.499996,0.9959951277255009,C,Stock Sufficient
9,31,9_31,146627.77,1119.2959541984733,573.7740291140869,131,125833,1238.224365234375,1,946.7271480382434,2184.9515132726183,6,6715.77572519084,Stock Sufficient,6151934950.269997,0.9960188672524245,C,Review Overstock Risk
37,5,37_5,146604.91,1119.1214503816793,399.15996843779925,131,39910,1043.3150634765625,1,658.6139479223688,1701.9290113989314,3,3357.364351145038,Stock Sufficient,6152081555.1799965,0.9960426030782373,C,Stock Sufficient
34,48,34_48,146129.3,1316.48018018018,1404.7449626061093,111,158114,4123.48388671875,1,2317.82918830008,6441.31307501883,7,9215.36126126126,Stock Sufficient,6152227684.479997,0.9960662619011987,C,Review Overstock Risk
15,19,15_19,145369.0,1109.6870229007634,256.16937783936464,131,123737,1139.863525390625,2,597.759043868427,2877.486094649677,6,6658.12213740458,Stock Sufficient,6152373053.479997,0.9960897976290444,C,Review Overstock Risk
3,71,3_71,145255.11,1108.817633587786,505.49184495716946,131,37392,1392.845458984375,3,1444.6369711579525,5623.173348111078,3,3326.4529007633582,Reorder Required,6152518308.589996,0.9961133149177176,C,Reorder Required - Low Priority
5,56,5_56,144200.92,1109.2378461538462,1430.319284548161,130,34875,726.8419799804688,4,4720.053639008931,7627.421558930806,5,5546.1892307692315,Reorder Required,6152662509.509996,0.9961366615295002,C,Reorder Required - Low Priority
7,30,7_30,143247.45,1093.4919847328244,296.03319865650167,131,70713,961.8064575195312,1,488.4547777832277,1450.261235302759,3,3280.475954198473,Stock Sufficient,6152805756.959996,0.9961598537712971,C,Stock Sufficient
21,58,21_58,142992.06,1299.927818181818,1220.2602996882247,110,140167,1419.9364013671875,1,2013.4294944855706,3433.365895852758,2,2599.855636363636,Reorder Required,6152948749.019997,0.996183004664598,C,Reorder Required - Low Priority
42,16,42_16,141341.2,1078.9404580152673,302.7200325023935,131,39690,944.8778076171875,1,499.4880536289493,1444.3658612461368,7,7552.58320610687,Stock Sufficient,6153090090.219996,0.996205888278137,C,Review Overstock Risk
11,59,11_59,140412.63999999998,1071.852213740458,2751.4756558847835,131,207499,404.6343994140625,4,9079.869664419784,10698.407262076034,8,8574.817709923664,Reorder Required,6153230502.859997,0.9962286215547032,C,Reorder Required - Low Priority
37,87,37_87,139326.09,1063.5579389312977,270.9042388847382,131,39910,1203.89892578125,2,632.14214041301,3039.93999197551,4,4254.231755725191,Stock Sufficient,6153369828.949997,0.9962511789151861,C,Stock Sufficient
1,41,1_41,138437.64,1056.7758778625955,749.7376067099643,131,151315,1363.6817626953125,3,2142.6629848251387,6233.708272911076,1,1056.7758778625955,Reorder Required,6153508266.589997,0.9962735924326392,C,Reorder Required - Low Priority
9,41,9_41,137863.77,1052.3951908396946,666.7033515963235,131,125833,1950.9447021484375,3,1905.3607295931272,7758.1948360384395,2,2104.790381679389,Reorder Required,6153646130.359998,0.9962959130386179,C,Reorder Required - Low Priority
26,36,26_36,137115.4,1046.6824427480915,710.4117928065401,131,152513,718.6766357421875,4,2344.358916261582,5219.065459230333,8,8373.459541984732,Stock Sufficient,6153783245.759997,0.9963181124809875,C,Review Overstock Risk
38,21,38_21,136934.31,1045.3000763358777,104.2523344029077,131,39690,876.5830688476562,4,344.03270352959544,3850.3649789202204,3,3135.9002290076332,Reorder Required,6153920180.069998,0.99634028260428,C,Reorder Required - Low Priority
8,36,8_36,134823.51,1029.1870992366412,734.6726121880504,131,155078,742.6513061523438,1,1212.2098101102831,1954.8611162626269,7,7204.309694656488,Stock Sufficient,6154055003.579998,0.9963621109819847,C,Review Overstock Risk
4,41,4_41,134799.62,1029.0047328244275,894.3843270956568,131,205863,2858.2919921875,1,1475.7341397078335,4334.0261318953335,1,1029.0047328244275,Reorder Required,6154189803.199998,0.9963839354918184,C,Reorder Required - Low Priority
23,28,23_28,134414.74,1026.0667175572519,421.41758982573015,131,114533,1040.8504638671875,3,1204.3625166892864,4326.913908290849,6,6156.400305343512,Stock Sufficient,6154324217.939998,0.9964056976882913,C,Review Overstock Risk
42,87,42_87,134408.06,1033.908153846154,386.26433192303045,130,39690,1607.001708984375,2,901.3294238297788,4115.3328417985285,2,2067.816307692308,Reorder Required,6154458625.999998,0.99642745880325,C,Reorder Required - Low Priority
23,83,23_83,134277.5,1040.9108527131782,528.9493883944483,129,114533,852.2281494140625,3,1511.6759052972518,4068.3603535394395,3,3122.7325581395344,Reorder Required,6154592903.499998,0.9964491987801074,C,Reorder Required - Low Priority
1,60,1_60,134001.0,1022.9083969465648,240.17567834277153,131,151315,990.2413940429688,4,792.5797385311461,4753.545314703021,4,4091.6335877862593,Reorder Required,6154726904.499998,0.9964708939906891,C,Reorder Required - Low Priority
42,5,42_5,133866.72,1021.883358778626,478.193958430469,131,39690,541.6504516601562,4,1578.0400628205477,3744.641869461173,5,5109.41679389313,Stock Sufficient,6154860771.219998,0.9964925674608892,C,Stock Sufficient
40,27,40_27,132997.14,1015.2453435114505,428.0231867430651,131,155083,1058.0234375,3,1223.2405453232748,4397.310857823275,2,2030.490687022901,Reorder Required,6154993768.359999,0.9965141001431757,C,Reorder Required - Low Priority
8,19,8_19,132846.22,1014.0932824427481,880.7188693364624,131,155078,573.0255126953125,2,2055.115539928313,3201.166565318938,8,8112.746259541985,Stock Sufficient,6155126614.579999,0.9965356083910087,C,Review Overstock Risk
18,59,18_59,132655.45,1012.6370229007634,2828.3832224771627,131,120653,297.5986633300781,1,4666.832317087318,4964.430980417396,8,8101.0961832061075,Stock Sufficient,6155259270.029999,0.99655708575254,C,Review Overstock Risk
6,59,6_59,132101.02,1008.4047328244274,2144.483161383872,131,202505,287.23284912109375,1,3538.3972162833884,3825.630065404482,8,8067.237862595419,Stock Sufficient,6155391371.049999,0.9965784733499978,C,Review Overstock Risk
38,14,38_14,131907.19,1006.9251145038168,391.31817302423525,131,39690,784.7261962890625,2,913.1223213649926,2482.574713943118,6,6041.5506870229,Stock Sufficient,6155523278.239999,0.9965998295657297,C,Review Overstock Risk
43,3,43_3,130465.22,995.9177099236641,567.2169277060177,131,41062,1174.93310546875,3,1621.04008720491,5145.83940361116,8,7967.341679389313,Stock Sufficient,6155653743.459999,0.9966209523216903,C,Review Overstock Risk
23,80,23_80,127994.8,1093.9726495726495,687.5127585905703,117,114533,1740.548828125,2,1604.278281380485,5085.375937630485,5,5469.863247863248,Stock Sufficient,6155781738.259999,0.9966416751083812,C,Stock Sufficient
33,14,33_14,127665.29,974.5441984732824,349.25193273393785,131,39690,777.2684326171875,1,576.2656890109974,1353.534121628185,7,6821.809389312977,Stock Sufficient,6155909403.549999,0.9966623445462997,C,Review Overstock Risk
3,52,3_52,127627.47,974.2554961832061,279.47721565097413,131,37392,1102.3275146484375,4,922.2748116482146,5331.584870241964,1,974.2554961832061,Reorder Required,6156037031.0199995,0.9966830078610336,C,Reorder Required - Low Priority
30,14,30_14,126366.44,964.6293129770993,461.56532543607403,131,42988,808.34326171875,2,1077.040706202198,2693.7272296396977,8,7717.034503816794,Stock Sufficient,6156163397.459999,0.996703467010788,C,Review Overstock Risk
26,27,26_27,126226.9,963.5641221374045,356.15191980361465,131,152513,1138.800048828125,2,831.0635441649531,3108.663641821203,1,963.5641221374045,Reorder Required,6156289624.359999,0.9967239035685492,C,Reorder Required - Low Priority
34,31,34_31,125948.64,961.4399999999999,609.0061330826709,131,158114,868.2811889648438,3,1740.4687816233945,4345.312348517926,4,3845.7599999999998,Reorder Required,6156415572.999999,0.9967442950750848,C,Reorder Required - Low Priority
13,60,13_60,124937.4,953.7206106870228,343.94410161168685,131,219622,931.2950439453125,2,802.5771817758377,2665.1672696664627,2,1907.4412213740457,Reorder Required,6156540510.399999,0.9967645228584784,C,Reorder Required - Low Priority
16,19,16_19,124413.7,949.7229007633588,458.78074922473934,131,57197,1302.6365966796875,1,756.9882362208199,2059.6248329005075,6,5698.337404580153,Stock Sufficient,6156664924.099998,0.9967846658530883,C,Review Overstock Risk
42,11,42_11,124208.62,948.1574045801526,246.43797223825766,131,39690,747.4288330078125,2,575.0512723280626,2069.9089383436876,6,5688.944427480916,Stock Sufficient,6156789132.719998,0.9968047756445597,C,Review Overstock Risk
27,28,27_28,123062.38,939.4074809160305,348.7684969792196,131,204184,939.55517578125,1,575.4680200157123,1515.0231957969622,5,4697.037404580153,Stock Sufficient,6156912195.099998,0.9968246998559371,C,Stock Sufficient
29,52,29_52,122873.96,937.9691603053435,240.46643944646152,131,93638,694.8554077148438,1,396.7696250866615,1091.6250328015053,4,3751.876641221374,Stock Sufficient,6157035069.0599985,0.9968445935614856,C,Stock Sufficient
44,83,44_83,122772.45,937.1942748091603,213.08797939612617,131,39910,776.9647216796875,1,351.59516600360814,1128.5598876832955,5,4685.971374045802,Stock Sufficient,6157157841.509998,0.9968644708322252,C,Stock Sufficient
40,52,40_52,122455.28,934.7731297709923,250.13531414965098,131,155083,932.6143188476562,1,412.7232683469241,1345.3375871945805,7,6543.411908396946,Stock Sufficient,6157280296.789998,0.9968842967520797,C,Review Overstock Risk
20,28,20_28,122453.35,934.758396946565,330.0798440816236,131,203742,961.0457763671875,2,770.2255970742774,2692.317149808652,3,2804.275190839695,Stock Sufficient,6157402750.139998,0.9969041223594609,C,Stock Sufficient
12,56,12_56,122402.75,941.5596153846154,1036.140482359956,130,112238,262.02813720703125,4,3419.2635917878547,4467.376140615979,3,2824.6788461538463,Reorder Required,6157525152.889998,0.9969239397745325,C,Reorder Required - Low Priority
34,36,34_36,122364.95,934.0835877862595,658.1732524718219,131,158114,571.9751586914062,2,1535.815941060822,2679.766258443635,1,934.0835877862595,Reorder Required,6157647517.839998,0.9969437510696577,C,Reorder Required - Low Priority
5,85,5_85,122234.82,933.0902290076336,301.8066715795845,131,34875,581.7510986328125,1,497.98100810631433,1079.7321067391267,4,3732.3609160305346,Stock Sufficient,6157769752.659998,0.9969635412963,C,Stock Sufficient
44,5,44_5,121745.09,929.3518320610686,482.29027469070235,131,39910,1297.8345947265625,1,795.7789532396588,2093.613547966221,6,5576.110992366412,Stock Sufficient,6157891497.749998,0.9969832522340156,C,Review Overstock Risk
19,50,19_50,120392.5,933.2751937984497,286.5627655481343,129,203819,1161.94580078125,2,668.6805666903665,2992.5721682528665,7,6532.926356589148,Stock Sufficient,6158011890.249998,0.9970027441828814,C,Review Overstock Risk
3,87,3_87,119579.72,912.8222900763359,434.0431690894082,131,37392,1528.1029052734375,3,1240.444955542756,5824.753671363069,4,3651.2891603053436,Reorder Required,6158131469.969998,0.9970221045399437,C,Reorder Required - Low Priority
8,27,8_27,119054.11,908.8100000000001,518.1305666068233,131,155078,869.5807495117188,1,854.9154349012584,1724.496184412977,2,1817.6200000000001,Stock Sufficient,6158250524.079998,0.9970413797989869,C,Stock Sufficient
29,41,29_41,118639.24,905.6430534351146,499.3638970960081,131,93638,731.585693359375,1,823.9504302084133,1555.5361235677883,1,905.6430534351146,Reorder Required,6158369163.319998,0.9970605878891879,C,Reorder Required - Low Priority
4,28,4_28,118374.56999999999,903.6226717557252,292.0700766012905,131,205863,761.1083374023438,4,963.8312527842586,4008.2646023936336,4,3614.4906870229006,Reorder Required,6158487537.8899975,0.9970797531284299,C,Reorder Required - Low Priority
9,91,9_91,117856.93,899.6712213740458,278.19347128053187,131,125833,1018.0564575195312,2,649.1512170801542,2685.264132119217,2,1799.3424427480916,Reorder Required,6158605394.819998,0.9970988345600227,C,Reorder Required - Low Priority
11,28,11_28,117433.02,896.4352671755726,328.26157058599154,131,207499,755.0518188476562,3,938.133435405036,3203.2888919480047,2,1792.8705343511451,Reorder Required,6158722827.839998,0.9971178473591671,C,Reorder Required - Low Priority
3,31,3_31,116872.97,892.1600763358779,439.7557678818764,131,37392,1138.3948974609375,4,1451.1940340101921,6004.773623853942,1,892.1600763358779,Reorder Required,6158839700.8099985,0.9971367694843412,C,Reorder Required - Low Priority
9,85,9_85,116735.27,891.10893129771,314.6803521848113,131,125833,829.5276489257812,2,734.2916160889686,2393.346913940531,5,4455.54465648855,Stock Sufficient,6158956436.079999,0.9971556693154243,C,Stock Sufficient
3,85,3_85,115270.04000000001,879.923969465649,296.2562080977036,131,37392,466.46551513671875,1,488.82274336121094,955.2882584979297,8,7039.391755725192,Stock Sufficient,6159071706.119999,0.9971743319208642,C,Review Overstock Risk
22,59,22_59,114144.31,871.3306106870228,2026.3521906245353,131,119557,284.47613525390625,3,5791.079164513812,6644.507570275531,3,2613.9918320610686,Reorder Required,6159185850.429999,0.9971928122668479,C,Reorder Required - Low Priority
11,19,11_19,113459.5,1745.5307692307692,329.6912961265228,65,207499,1611.3563232421875,2,769.3189389245131,3992.031585408888,8,13964.246153846154,Stock Sufficient,6159299309.929999,0.9972111817397995,C,Review Overstock Risk
22,28,22_28,113271.76,864.669923664122,348.2201596724432,131,119557,882.2763671875,1,574.5632634595312,1456.8396306470313,7,6052.689465648855,Stock Sufficient,6159412581.69,0.9972295208170164,C,Review Overstock Risk
44,16,44_16,113262.75,864.6011450381679,372.55981669575016,131,39910,755.0807495117188,2,869.3505901845008,2379.5120892079385,5,4323.00572519084,Stock Sufficient,6159525844.44,0.9972478584354842,C,Stock Sufficient
12,28,12_28,112948.14,862.1995419847328,243.97679610936078,131,112238,638.7493896484375,2,569.308235037619,1846.807014334494,1,862.1995419847328,Reorder Required,6159638792.58,0.9972661451175397,C,Reorder Required - Low Priority
40,36,40_36,112594.86,859.502748091603,626.8335037313196,131,155083,635.2645263671875,1,1034.2752811566772,1669.5398075238647,3,2578.508244274809,Stock Sufficient,6159751387.44,0.9972843746023802,C,Stock Sufficient
18,98,18_98,112164.36,1001.4675,918.3118321455729,112,120653,1821.8775634765625,1,1515.2145230401952,3337.0920865167577,3,3004.4025,Reorder Required,6159863551.799999,0.9973025343878291,C,Reorder Required - Low Priority
19,28,19_28,111384.22,850.2612213740458,364.7886308493706,131,203819,880.4056396484375,4,1203.8024818029228,4725.425040396673,5,4251.306106870229,Reorder Required,6159974936.0199995,0.9973205678660001,C,Reorder Required - Low Priority
38,16,38_16,111268.68,849.3792366412213,268.1737560314733,131,39690,769.051513671875,2,625.7706887062012,2163.8737160499513,7,5945.654656488548,Stock Sufficient,6160086204.7,0.9973385826378581,C,Review Overstock Risk
27,19,27_19,110996.61,847.3023664122137,703.1422631038607,131,204184,1707.531005859375,2,1640.748985852665,5055.810997571415,1,847.3023664122137,Reorder Required,6160197201.309999,0.9973565533606721,C,Reorder Required - Low Priority
30,11,30_11,110420.64,842.9056488549618,352.78029258819754,131,42988,682.40283203125,1,582.0874827705259,1264.4903148017759,5,4214.5282442748085,Stock Sufficient,6160307621.95,0.9973744308320145,C,Stock Sufficient
28,59,28_59,110138.34,840.7506870229007,2117.0025088721704,131,206302,150.9590301513672,2,4939.924538381071,5241.842598683806,7,5885.254809160305,Stock Sufficient,6160417760.29,0.9973922625980418,C,Review Overstock Risk
18,50,18_50,109495.75,1023.3247663551402,728.4145300017249,107,120653,1363.78955078125,3,2081.724108641746,6173.092760985496,5,5116.623831775702,Reorder Required,6160527256.04,0.9974099903265964,C,Reorder Required - Low Priority
5,30,5_30,109284.16,834.2302290076336,236.32576179589202,131,34875,771.5528564453125,1,389.93750696322184,1161.4903634085344,7,5839.611603053436,Stock Sufficient,6160636540.2,0.9974276837980215,C,Review Overstock Risk
37,7,37_7,108916.97,831.427251908397,307.95608138187856,131,39910,621.3488159179688,1,508.1275342800996,1129.4763501980683,1,831.427251908397,Reorder Required,6160745457.17,0.9974453178201562,C,Reorder Required - Low Priority
7,48,7_48,108817.0,1532.6338028169014,1177.1231182049203,71,70713,2817.00439453125,4,3884.506290076237,15152.523868201237,4,6130.5352112676055,Reorder Required,6160854274.17,0.9974629356568131,C,Reorder Required - Low Priority
1,48,1_48,108753.99,971.0177678571429,922.1462537884397,112,151315,1573.004638671875,2,2151.7843686886035,5297.7936460323535,4,3884.0710714285715,Reorder Required,6160963028.16,0.99748054329194,C,Reorder Required - Low Priority
1,59,1_59,108081.56,825.0500763358779,1961.7954953289782,131,151315,239.2015838623047,4,6473.925134585627,7430.731470034846,3,2475.1502290076337,Reorder Required,6161071109.72,0.9974980420583984,C,Reorder Required - Low Priority
34,58,34_58,107725.49,1889.9208771929825,1078.1314719147872,57,158114,1889.9208771929825,2,2515.7684468452135,6295.6102012311785,5,9449.604385964913,Stock Sufficient,6161178835.21,0.9975154831759315,C,Stock Sufficient
9,36,9_36,107376.89,832.378992248062,779.4002840554366,129,125833,591.9916381835938,2,1818.693446177258,3002.6767225444455,4,3329.515968992248,Stock Sufficient,6161286212.1,0.9975328678539576,C,Stock Sufficient
17,80,17_80,107241.34,818.6361832061068,209.75244969856902,131,93188,981.1564331054688,2,489.44735252274955,2451.760218733687,1,818.6361832061068,Reorder Required,6161393453.440001,0.9975502305859847,C,Reorder Required - Low Priority
42,3,42_3,106928.17,816.2455725190839,350.03969774465537,131,39690,790.6135864257812,1,577.5655012786814,1368.1790877044627,7,5713.719007633587,Stock Sufficient,6161500381.610001,0.9975675426147401,C,Review Overstock Risk
35,59,35_59,105980.19,905.8135897435898,3081.1415655513197,117,103681,173.18934631347656,3,8805.544665797875,9325.112704738305,4,3623.254358974359,Reorder Required,6161606361.8,0.9975847011623593,C,Reorder Required - Low Priority
45,83,45_83,105175.54,802.8667175572518,312.96397308621954,131,118221,647.2218017578125,2,730.286527199955,2024.73013071558,6,4817.200305343511,Stock Sufficient,6161711537.34,0.9976017294344494,C,Review Overstock Risk
41,48,41_48,104298.0,1409.4324324324325,1060.3887382436699,74,196321,2790.666015625,3,3030.46783117962,11402.46587805462,8,11275.45945945946,Reorder Required,6161815835.34,0.9976186156298751,C,Reorder Required - Low Priority
41,59,41_59,104080.45,794.5072519083969,1126.295013026921,131,196321,439.4131774902344,1,1858.3867714944195,2297.799948984654,1,794.5072519083969,Reorder Required,6161919915.79,0.9976354666032274,C,Reorder Required - Low Priority
32,60,32_60,103942.2,793.4519083969466,294.76139981899445,131,203007,741.0012817382812,3,842.3938389844263,3065.39768419927,2,1586.9038167938932,Reorder Required,6162023857.99,0.9976522951934418,C,Reorder Required - Low Priority
12,41,12_41,103853.15,792.7721374045801,645.3094720603293,131,112238,1485.842041015625,2,1505.7989220706402,4477.48300410189,2,1585.5442748091602,Reorder Required,6162127711.139999,0.9976691093661629,C,Reorder Required - Low Priority
38,67,38_67,103238.34,788.0789312977099,362.6781466879455,131,39690,674.7171630859375,3,1036.4920118164255,3060.643501074238,1,788.0789312977099,Reorder Required,6162230949.48,0.9976858239990866,C,Reorder Required - Low Priority
25,93,25_93,102696.46,783.9424427480917,230.3833366373118,131,128107,980.1348876953125,1,380.13250545156444,1360.2673931468769,1,783.9424427480917,Reorder Required,6162333645.94,0.9977024508998238,C,Reorder Required - Low Priority
29,58,29_58,102596.48,1165.8690909090908,1079.285527735119,88,93638,356.2879333496094,3,3084.4726603531744,4153.336460402003,5,5829.345454545454,Stock Sufficient,6162436242.419999,0.9977190616134642,C,Stock Sufficient
44,21,44_21,101316.91,773.4115267175573,130.5478995822739,131,39910,842.5355224609375,3,373.09073158153205,2900.6972989643446,4,3093.6461068702292,Stock Sufficient,6162537559.329999,0.9977354651604372,C,Stock Sufficient
16,27,16_27,101057.12,771.4283969465648,227.89714047828613,131,57197,746.1844482421875,1,376.0302817891721,1122.2147300313595,4,3085.7135877862593,Stock Sufficient,6162638616.449999,0.9977518266465394,C,Stock Sufficient
22,94,22_94,100764.68,924.4466055045871,1263.3581093900175,109,119557,73.0071029663086,2,2947.985984515102,3094.000190447719,2,1848.8932110091741,Reorder Required,6162739381.129999,0.9977681407856264,C,Reorder Required - Low Priority
38,11,38_11,100200.77,764.8913740458015,194.30673271823582,131,39690,677.9696044921875,3,555.306069979139,2589.2148834557015,4,3059.565496183206,Stock Sufficient,6162839581.9,0.9977843636257963,C,Stock Sufficient
2,28,2_28,98673.99,753.2365648854963,311.8728216110659,131,202307,606.77783203125,3,891.2962946748812,2711.629790768631,2,1506.4731297709925,Reorder Required,6162938255.889999,0.9978003392751718,C,Reorder Required - Low Priority
37,60,37_60,98623.0,752.8473282442748,223.8409831617231,131,39910,632.109130859375,2,522.32227443369,1786.54053615244,6,4517.083969465649,Stock Sufficient,6163036878.889999,0.9978163066690957,C,Review Overstock Risk
29,83,29_83,97489.41,744.1939694656489,162.03938375820107,131,93638,753.3577270507812,1,267.36498320103175,1020.7227102518129,4,2976.7758778625957,Stock Sufficient,6163134368.299999,0.9978320905310029,C,Stock Sufficient
44,14,44_14,96858.72,739.3795419847328,242.48272431997043,131,39910,780.5429077148438,3,692.9874574918452,3034.6161806363766,4,2957.518167938931,Reorder Required,6163231227.0199995,0.9978477722820873,C,Reorder Required - Low Priority
18,41,18_41,96786.28,738.8265648854962,415.2706126904035,131,120653,569.216552734375,2,969.014198660893,2107.4473041296433,7,5171.7859541984735,Stock Sufficient,6163328013.299999,0.9978634423048932,C,Review Overstock Risk
12,98,12_98,96228.56,734.5691603053435,223.9711668635331,131,112238,441.075927734375,1,369.55242532482964,810.6283530592046,7,5141.9841221374045,Stock Sufficient,6163424241.86,0.9978790220309638,C,Review Overstock Risk
34,27,34_27,95787.26,731.2004580152671,351.1916883081257,131,158114,668.7720336914062,2,819.4890801867926,2157.0331475696053,4,2924.8018320610686,Stock Sufficient,6163520029.12,0.9978945303090867,C,Stock Sufficient
30,3,30_3,95285.58,727.3708396946565,338.3043697892776,131,42988,951.382080078125,2,789.4171361440306,2692.1812963002803,7,5091.595877862595,Stock Sufficient,6163615314.7,0.9979099573635377,C,Review Overstock Risk
39,59,39_59,94481.75,721.2347328244275,1163.6946832205992,131,184109,303.1763000488281,2,2715.4261257288563,3321.7787258265125,7,5048.643129770992,Stock Sufficient,6163709796.45,0.9979252542752203,C,Review Overstock Risk
42,7,42_7,94152.5,718.7213740458016,589.7642147838711,131,39690,428.41375732421875,2,1376.1867093969547,2233.0142240453924,8,5749.770992366412,Stock Sufficient,6163803948.95,0.9979404978802253,C,Review Overstock Risk
35,56,35_56,93999.58,764.2242276422764,810.5256993225498,123,103681,399.0469055175781,4,2674.734807764414,4270.922429834727,2,1528.448455284553,Reorder Required,6163897948.53,0.9979557167269704,C,Reorder Required - Low Priority
35,28,35_28,93725.39,715.4609923664123,271.29490221714013,131,103681,737.9415893554688,2,633.0537346949677,2108.936913405905,3,2146.382977099237,Stock Sufficient,6163991673.92,0.9979708911814364,C,Stock Sufficient
31,52,31_52,93411.98,713.0685496183206,253.00808454131422,131,203750,718.0038452148438,1,417.46333949316846,1135.4671847080122,1,713.0685496183206,Reorder Required,6164085085.9,0.9979860148937739,C,Reorder Required - Low Priority
3,19,3_19,93006.28,709.9716030534352,542.5939012796515,131,37392,569.1990356445312,2,1266.1170291835087,2404.5151004725712,8,5679.772824427481,Stock Sufficient,6164178092.179999,0.9980010729219231,C,Review Overstock Risk
5,58,5_58,92954.0,868.7289719626168,613.1045583224168,107,34875,818.2093505859375,3,1752.1816048547278,4206.8096566125405,3,2606.1869158878503,Reorder Required,6164271046.179999,0.9980161224857652,C,Reorder Required - Low Priority
21,28,21_28,92629.31999999999,707.0940458015267,290.748832864325,131,140167,552.6380615234375,3,830.9263887578982,2488.8405733282107,2,1414.1880916030534,Reorder Required,6164363675.499999,0.9980311194828281,C,Reorder Required - Low Priority
21,59,21_59,92233.31,704.0710687022901,1657.598103479967,131,140167,285.54986572265625,3,4737.222820699241,5593.87241786721,6,4224.42641221374,Reorder Required,6164455908.809999,0.9980460523645461,C,Reorder Required - Low Priority
37,74,37_74,91604.96,699.274503816794,187.78387259422107,131,39910,795.862548828125,1,309.84338978046475,1105.7059386085898,6,4195.647022900764,Stock Sufficient,6164547513.7699995,0.9980608835142952,C,Review Overstock Risk
19,59,19_59,90953.95999999999,694.3050381679388,856.8098601317782,131,203819,325.9044494628906,2,1999.3250055460364,2651.133904471818,7,4860.135267175572,Stock Sufficient,6164638467.73,0.9980756092649645,C,Review Overstock Risk
9,27,9_27,90834.7,693.3946564885496,399.70023748630905,131,125833,705.8436889648438,1,659.5053918524098,1365.3490808172537,6,4160.367938931297,Stock Sufficient,6164729302.429999,0.9980903157070404,C,Review Overstock Risk
25,98,25_98,89361.79,726.5186178861788,662.2482403671493,123,128107,1355.6864013671875,2,1545.3247312551507,4256.697533989525,8,5812.148943089431,Stock Sufficient,6164818664.219999,0.9981047836800555,C,Review Overstock Risk
7,58,7_58,88864.85,1009.8278409090909,764.5260262718391,88,70713,2229.2138671875,3,2184.9265699990797,8872.56817156158,4,4039.3113636363637,Reorder Required,6164907529.07,0.9981191711968208,C,Reorder Required - Low Priority
40,48,40_48,88845.84,779.3494736842105,582.819722749899,114,155083,1417.2340087890625,1,961.6525425373334,2378.886551326396,5,3896.747368421052,Stock Sufficient,6164996374.91,0.9981335556358034,C,Stock Sufficient
30,60,30_60,88775.0,677.6717557251908,233.929318804045,131,42988,519.8408813476562,2,545.8629252274769,1585.5446879227893,4,2710.687022900763,Stock Sufficient,6165085149.91,0.9981479286055528,C,Stock Sufficient
41,19,41_19,88462.51,1426.8146774193547,425.0487281022843,62,196321,1422.8126220703125,2,991.8309653202796,3837.4562094609046,2,2853.6293548387093,Reorder Required,6165173612.42,0.9981622509821249,C,Reorder Required - Low Priority
28,56,28_56,88214.81,683.8357364341085,758.3571207023518,129,206302,268.5805358886719,1,1251.2892491588805,1519.8697850475523,7,4786.85015503876,Stock Sufficient,6165261827.2300005,0.9981765332552376,C,Review Overstock Risk
15,28,15_28,88156.03,672.9467938931298,236.52179964017358,131,123737,637.6741943359375,1,390.2609694062864,1027.935163742224,1,672.9467938931298,Reorder Required,6165349983.26,0.9981908060116714,C,Reorder Required - Low Priority
21,93,21_93,87882.19,670.8564122137404,137.39478847505714,131,140167,637.9859619140625,3,392.6583446510633,2306.6162303932506,7,4695.994885496183,Stock Sufficient,6165437865.45,0.9982050344324923,C,Review Overstock Risk
5,31,5_31,87866.73,670.7383969465649,318.02341822774093,131,34875,870.6310424804688,2,742.0925014963717,2483.3545864573093,6,4024.430381679389,Stock Sufficient,6165525732.179999,0.9982192603502874,C,Review Overstock Risk
15,58,15_58,87824.0,869.5445544554456,636.5746700074152,101,123737,682.5655517578125,2,1485.4166774496457,2850.5477809652707,7,6086.811881188119,Stock Sufficient,6165613556.179999,0.9982334793499524,C,Review Overstock Risk
24,28,24_28,87488.77,667.8532061068703,250.1437513273185,131,203819,712.6539916992188,3,714.8817827164041,2852.84375781406,1,667.8532061068703,Reorder Required,6165701044.95,0.9982476440747582,C,Reorder Required - Low Priority
7,27,7_27,87299.8,666.4106870229008,160.43738304633095,131,70713,694.1315307617188,2,374.372992976018,1762.6360544994554,3,1999.2320610687025,Stock Sufficient,6165788344.75,0.9982617782046881,C,Stock Sufficient
3,41,3_41,86692.17,661.7722900763358,460.34629303562144,131,37392,599.9996337890625,3,1315.6162282125836,3115.615129579771,2,1323.5445801526716,Reorder Required,6165875036.92,0.9982758139572865,C,Reorder Required - Low Priority
36,67,36_67,86398.74,659.5323664122138,245.67645039088453,131,39910,500.057373046875,1,405.36614314495944,905.4235161918344,8,5276.258931297711,Stock Sufficient,6165961435.66,0.9982898022025852,C,Review Overstock Risk
28,60,28_60,85547.59,653.0350381679389,178.5331534752194,131,206302,543.5789794921875,1,294.579703234112,838.1586827262995,4,2612.1401526717555,Stock Sufficient,6166046983.25,0.9983036526438491,C,Stock Sufficient
43,74,43_74,85098.7,649.6083969465649,201.3506813184661,131,41062,845.61279296875,3,575.4368568006181,3112.275235706868,7,4547.258778625954,Stock Sufficient,6166132081.95,0.998317430408319,C,Review Overstock Risk
32,59,32_59,84533.11,645.2909160305344,571.6499285098428,131,203007,337.9829406738281,2,1333.9178850165792,2009.8837663642355,1,645.2909160305344,Reorder Required,6166216615.059999,0.998331116601874,C,Reorder Required - Low Priority
3,36,3_36,84501.58,645.0502290076336,501.24132012813294,131,37392,233.62176513671875,4,1654.0963564228387,2588.5834169697137,3,1935.1506870229007,Reorder Required,6166301116.639999,0.9983447976906165,C,Reorder Required - Low Priority
33,67,33_67,84423.66,644.4554198473282,208.9874834539123,131,39690,735.966064453125,3,597.2619501554245,2805.1601435147995,5,3222.2770992366413,Stock Sufficient,6166385540.299999,0.99835846616385,C,Stock Sufficient
32,28,32_28,84079.28,641.8265648854962,251.76078105330615,131,203007,654.608154296875,2,587.4717932147277,1896.6881018084778,8,5134.612519083969,Stock Sufficient,6166469619.579999,0.9983720788808085,C,Review Overstock Risk
29,28,29_28,82440.4,629.3160305343511,276.02772551288103,131,93638,550.9989624023438,1,455.4457470962537,1006.4447094985974,5,3146.580152671755,Stock Sufficient,6166552059.979999,0.9983854262576073,C,Stock Sufficient
45,28,45_28,81903.37,625.2165648854962,271.4324904784614,131,118221,614.725341796875,3,775.7225261505234,2619.8985515411487,6,3751.299389312977,Stock Sufficient,6166633963.349998,0.9983986866874511,C,Review Overstock Risk
36,16,36_16,80757.32,616.4680916030535,218.62657982932555,131,39910,455.5943603515625,3,624.8093678465181,1991.5924489012054,4,2465.872366412214,Stock Sufficient,6166714720.669998,0.9984117615679624,C,Stock Sufficient
44,11,44_11,80710.02,616.1070229007634,236.10153321006976,131,39910,501.3423156738281,3,674.7507545868398,2178.777701608324,8,4928.856183206107,Stock Sufficient,6166795430.689999,0.9984248287904456,C,Review Overstock Risk
39,28,39_28,80680.5,615.8816793893129,294.8419416520622,131,184109,566.4293212890625,2,687.9996298572592,1820.8582724353842,5,3079.4083969465646,Stock Sufficient,6166876111.189999,0.9984378912335418,C,Stock Sufficient
8,59,8_59,80347.75,613.3416030534352,1210.3884386623206,131,155078,212.32579040527344,2,2824.383780398151,3249.035361208698,5,3066.708015267176,Reorder Required,6166956458.939999,0.9984508998032988,C,Reorder Required - Low Priority
17,59,17_59,80087.68,611.3563358778625,291.2222376288389,131,93188,439.2536315917969,2,679.5532228969181,1558.060486080512,2,1222.712671755725,Reorder Required,6167036546.619999,0.998463866266852,C,Reorder Required - Low Priority
38,87,38_87,79899.83,609.9223664122137,251.9682034757929,131,39690,691.04345703125,2,587.9558035597124,1970.0427176222124,8,4879.37893129771,Stock Sufficient,6167116446.449999,0.9984768023168613,C,Review Overstock Risk
24,59,24_59,79887.58,609.8288549618321,1179.8198031607274,131,203819,297.9803466796875,3,3371.787940702981,4265.728980742044,8,4878.630839694657,Stock Sufficient,6167196334.029999,0.9984897363835544,C,Review Overstock Risk
43,17,43_17,79698.53,608.3857251908397,267.45789276655097,131,41062,366.43035888671875,4,882.6110461296181,2348.332481676493,4,2433.542900763359,Stock Sufficient,6167276032.5599985,0.9985026398424196,C,Stock Sufficient
7,94,7_94,79083.95,798.8277777777778,737.9306817420154,99,70713,1647.1510009765625,4,2435.1712497486506,9023.775253654901,1,798.8277777777778,Reorder Required,6167355116.509998,0.998515443798725,C,Reorder Required - Low Priority
5,36,5_36,79063.11,603.5351908396947,456.66667180500855,131,34875,227.8645782470703,4,1507.000016956528,2418.4583299448095,6,3621.211145038168,Stock Sufficient,6167434179.619998,0.9985282443809645,C,Review Overstock Risk
22,19,22_19,78958.87,1178.4905970149252,414.2729029051459,67,119557,1375.4981689453125,3,1183.9438314507556,5310.438338286693,2,2356.9811940298505,Reorder Required,6167513138.489998,0.9985410280863991,C,Reorder Required - Low Priority
45,59,45_59,78659.66,600.4554198473282,1414.0610627900276,131,118221,211.20166015625,1,2333.2007536035453,2544.4024137597953,1,600.4554198473282,Reorder Required,6167591798.149998,0.9985537633487328,C,Reorder Required - Low Priority
5,97,5_97,77943.56,677.7700869565217,83.92726120158696,115,34875,561.6964111328125,3,239.8543628930671,1924.9435962915045,7,4744.390608695652,Stock Sufficient,6167669741.709998,0.9985663826720789,C,Review Overstock Risk
20,60,20_60,77779.1,593.7335877862596,172.10986634691187,131,203742,667.4524536132812,1,283.9812794724046,951.4337330856858,7,4156.135114503817,Stock Sufficient,6167747520.8099985,0.9985789753688002,C,Review Overstock Risk
7,83,7_83,77382.69,604.552265625,244.3628377394052,128,70713,591.7310180664062,3,698.3606032364927,2473.5536574357116,5,3022.761328125,Stock Sufficient,6167824903.499998,0.9985915038854151,C,Stock Sufficient
16,35,16_35,77370.91,590.6176335877863,376.08880987756896,131,57197,104.94639587402344,2,877.5853277162638,1087.4781194643106,7,4134.323435114504,Stock Sufficient,6167902274.409998,0.9986040304948086,C,Review Overstock Risk
25,28,25_28,76705.15,585.5354961832061,219.40339445243757,131,128107,628.5311279296875,2,511.9673725077963,1769.0296283671714,1,585.5354961832061,Reorder Required,6167978979.559998,0.9986164493154289,C,Reorder Required - Low Priority
43,11,43_11,76447.64,583.5697709923664,327.6211278818302,131,41062,430.1544189453125,3,936.3031245551781,2226.766381391116,4,2334.279083969466,Stock Sufficient,6168055427.199998,0.998628826444318,C,Stock Sufficient
44,3,44_3,75839.96,578.9309923664123,284.185747089835,131,39910,885.0177001953125,2,663.1339073164987,2433.1693077071236,2,1157.8619847328246,Reorder Required,6168131267.159998,0.9986411051877805,C,Reorder Required - Low Priority
36,74,36_74,75727.87,578.0753435114503,134.98050625238565,131,39910,611.5574951171875,4,445.43567063287264,2891.6656511016226,5,2890.3767175572516,Reorder Required,6168206995.029998,0.9986533657834965,C,Reorder Required - Low Priority
12,93,12_93,75697.15,577.8408396946564,165.7279639095261,131,112238,622.8223266601562,1,273.45114045071807,896.2734671108743,7,4044.885877862595,Stock Sufficient,6168282692.179997,0.9986656214055417,C,Review Overstock Risk
31,28,31_28,75442.31999999999,575.8955725190839,282.0153651737663,131,203750,498.9807434082031,3,805.9671526434887,2302.909382868098,7,4031.269007633587,Stock Sufficient,6168358134.499997,0.9986778357697566,C,Review Overstock Risk
45,98,45_98,74111.8,602.5349593495935,359.7339600255932,123,118221,562.8787841796875,1,593.5610340422288,1156.4398182219163,2,1205.069918699187,Stock Sufficient,6168432246.299997,0.9986898347183285,C,Stock Sufficient
1,28,1_28,73993.84,564.8384732824427,192.02063369685942,131,151315,507.91058349609375,1,316.834045599818,824.7446290959117,6,3389.030839694656,Stock Sufficient,6168506240.1399975,0.9987018145687815,C,Review Overstock Risk
5,41,5_41,72606.29,554.2464885496182,424.90514869687485,131,34875,1444.16015625,3,1214.3295548019832,5546.810023551983,7,3879.7254198473274,Reorder Required,6168578846.429997,0.9987135697702434,C,Reorder Required - Low Priority
6,28,6_28,72535.05,553.7026717557252,228.65840267769417,131,202505,521.7930297851562,4,754.5727288363908,2841.7448479770155,5,2768.513358778626,Reorder Required,6168651381.479998,0.9987253134377109,C,Reorder Required - Low Priority
25,58,25_58,72388.0,702.7961165048544,428.0718136385873,103,128107,693.2683715820312,2,998.885191453608,2385.4219346176706,8,5622.368932038835,Stock Sufficient,6168723769.479998,0.9987370332972909,C,Review Overstock Risk
28,28,28_28,72362.05,552.3820610687023,168.5910388608507,131,206302,468.328857421875,2,393.3991605251145,1330.0568753688644,7,3866.674427480916,Stock Sufficient,6168796131.529998,0.998748748955479,C,Review Overstock Risk
45,80,45_80,72292.71,645.470625,368.8185513774306,112,118221,706.7156982421875,3,1054.0405751034425,3174.187669830005,5,3227.353125,Stock Sufficient,6168868424.239998,0.998760453387289,C,Stock Sufficient
19,60,19_60,69784.6,532.7068702290077,175.3368367943607,131,203819,576.9100341796875,4,578.6115614213902,2886.2516981401404,8,4261.654961832061,Stock Sufficient,6168938208.839998,0.9987717517476921,C,Review Overstock Risk
44,7,44_7,69436.96,530.0531297709924,366.08536249410037,131,39910,337.83880615234375,1,604.0408481152656,941.8796542676093,3,1590.1593893129773,Stock Sufficient,6169007645.799998,0.998782993824015,C,Stock Sufficient
5,52,5_52,68450.72,522.5245801526718,263.30465229831725,131,34875,346.149169921875,1,434.45267629222343,780.6018462140985,3,1567.5737404580154,Stock Sufficient,6169076096.519999,0.9987940762247797,C,Stock Sufficient
25,59,25_59,68285.49,521.2632824427482,406.27678250451333,131,128107,234.86981201171875,3,1161.091848235155,1865.7012842703114,6,3127.5796946564888,Stock Sufficient,6169144382.009998,0.9988051318742541,C,Review Overstock Risk
42,17,42_17,67952.92,518.7245801526717,125.89245134857428,131,39690,529.2470703125,4,415.4450894502951,2532.433370700295,7,3631.072061068702,Stock Sufficient,6169212334.929998,0.9988161336795319,C,Review Overstock Risk
31,59,31_59,66790.89,509.8541221374046,779.8844500465536,131,203750,260.6047058105469,2,1819.8232244605358,2341.03263608163,5,2549.270610687023,Stock Sufficient,6169279125.819999,0.9988269473482619,C,Stock Sufficient
43,10,43_10,66628.42,508.613893129771,104.82920417790604,131,41062,440.97857666015625,3,299.589687792689,1622.5254177731576,3,1525.841679389313,Reorder Required,6169345754.239999,0.998837734712555,C,Reorder Required - Low Priority
38,3,38_3,65920.09,503.20679389312977,291.31576081439977,131,39690,850.8705444335938,2,679.7714547966553,2381.5125436638427,7,3522.4475572519086,Stock Sufficient,6169411674.329999,0.9988484073958492,C,Review Overstock Risk
43,7,43_7,65879.05,502.8935114503817,324.753613952589,131,41062,415.4301452636719,2,757.7970927143557,1588.6573832416993,5,2514.4675572519086,Stock Sufficient,6169477553.379999,0.9988590734346301,C,Stock Sufficient
3,27,3_27,64874.44,495.2247328244275,221.58863735909117,131,37392,461.9832763671875,3,633.2745841717365,2019.224413273299,8,3961.79786259542,Stock Sufficient,6169542427.819999,0.998869576823688,C,Review Overstock Risk
17,83,17_83,64815.75,494.7767175572519,135.40296736575007,131,93188,600.3648681640625,3,386.96595130556506,2188.0605557977524,6,2968.6603053435115,Stock Sufficient,6169607243.569999,0.9988800707106386,C,Review Overstock Risk
10,60,10_60,64324.0,494.8,184.87046250544384,130,126512,507.5671081542969,3,528.3383058990066,2051.0396303618973,4,1979.2,Reorder Required,6169671567.569999,0.9988904849816176,C,Reorder Required - Low Priority
16,94,16_94,64099.98,791.3577777777779,778.392494650032,81,57197,376.98956298828125,4,2568.695232345105,4076.65348429823,3,2374.0733333333337,Reorder Required,6169735667.549998,0.9989008629830084,C,Reorder Required - Low Priority
34,59,34_59,64076.17,489.13106870229007,718.4932407960554,131,158114,196.95700073242188,1,1185.5138473134914,1382.4708480459133,4,1956.5242748091603,Stock Sufficient,6169799743.719998,0.9989112371294805,C,Stock Sufficient
17,94,17_94,63901.59,926.1099999999999,1561.8743905396263,69,93188,957.5914306640625,4,5154.185488780767,8984.551211437018,1,926.1099999999999,Reorder Required,6169863645.3099985,0.9989215830108662,C,Reorder Required - Low Priority
41,28,41_28,60820.28,464.27694656488546,196.79617191747928,131,196321,597.7130737304688,2,459.2144953255306,1654.640642786468,1,464.27694656488546,Reorder Required,6169924465.589998,0.9989314300178455,C,Reorder Required - Low Priority
41,60,41_60,60528.8,462.0519083969466,174.13765657846005,131,196321,577.0050048828125,1,287.3271333544591,864.3321382372716,7,3234.363358778626,Stock Sufficient,6169984994.389998,0.9989412298332367,C,Review Overstock Risk
7,80,7_80,60386.85,494.97418032786885,213.62127660785697,122,70713,575.4495849609375,4,704.950212805928,3006.748552649678,1,494.97418032786885,Reorder Required,6170045381.239999,0.9989510066664479,C,Reorder Required - Low Priority
5,71,5_71,60308.72,460.3719083969466,245.2316867344791,131,34875,422.4716491699219,2,572.2364625508254,1417.179760890669,4,1841.4876335877864,Stock Sufficient,6170105689.959999,0.9989607708501503,C,Stock Sufficient
36,17,36_17,59745.69,456.0739694656489,210.48536641873653,131,39910,201.27218627929688,4,694.6017091818305,1499.690454299018,4,1824.2958778625955,Stock Sufficient,6170165435.649999,0.9989704438774105,C,Stock Sufficient
44,74,44_74,58821.24,449.01709923664123,239.61837873999224,131,39910,879.8634643554688,3,684.8014905681651,3324.3918836345715,7,3143.1196946564887,Reorder Required,6170224256.889998,0.9989799672331203,C,Reorder Required - Low Priority
43,18,43_18,57835.83,696.8172289156627,1008.6549874707132,83,41062,363.4342041015625,3,2882.6187812515905,3972.921393556278,6,4180.903373493976,Stock Sufficient,6170282092.719998,0.9989893310476516,C,Review Overstock Risk
44,56,44_56,57536.53,587.1074489795918,914.3803762565749,98,39910,360.2866516113281,2,2133.663063295272,2854.236366517928,4,2348.4297959183673,Reorder Required,6170339629.249998,0.9989986464045107,C,Reorder Required - Low Priority
38,17,38_17,55818.83,426.09793893129773,109.57340059534069,131,39690,414.3305358886719,3,313.148050032226,1556.1396576982415,3,1278.2938167938933,Reorder Required,6170395448.079998,0.9990076836599885,C,Reorder Required - Low Priority
34,41,34_41,55554.96,427.34584615384614,506.0448703115745,130,158114,1134.38720703125,3,1446.2174533772632,4849.379074471013,3,1282.0375384615384,Reorder Required,6170451003.039998,0.9990166781940297,C,Reorder Required - Low Priority
36,7,36_7,54864.72,418.81465648854964,130.57034880328638,131,39910,332.5225524902344,3,373.15488884731553,1370.7225463180187,6,2512.887938931298,Stock Sufficient,6170505867.759998,0.9990255609759038,C,Review Overstock Risk
12,60,12_60,54559.2,416.48244274809156,104.34131232930925,131,112238,357.78131103515625,3,298.1953495665812,1371.53928267205,5,2082.412213740458,Stock Sufficient,6170560426.959998,0.9990343942930668,C,Stock Sufficient
22,60,22_60,54419.8,415.41832061068703,179.45507335843428,131,119557,453.7856750488281,2,418.74986765725816,1326.3212177549144,3,1246.254961832061,Reorder Required,6170614846.759998,0.9990432050409032,C,Reorder Required - Low Priority
36,3,36_3,54418.42,415.407786259542,286.11562446054256,131,39910,682.866455078125,2,667.6371842562618,2033.3700944125117,4,1661.631145038168,Reorder Required,6170669265.179998,0.9990520155653128,C,Reorder Required - Low Priority
38,7,38_7,53932.46,411.6981679389313,221.18567277916438,131,39690,244.3134765625,1,364.9563600856212,609.2698366481212,4,1646.7926717557252,Stock Sufficient,6170723197.639998,0.9990607474111713,C,Stock Sufficient
30,5,30_5,53756.29,413.5099230769231,178.91590722496852,130,42988,558.7530517578125,2,417.4917491610309,1534.9978526766558,2,827.0198461538462,Reorder Required,6170776953.929998,0.9990694507345169,C,Reorder Required - Low Priority
15,93,15_93,53616.35,409.28511450381677,113.35113309037277,131,123737,412.853271484375,4,374.0587391982301,2025.4718251357301,1,409.28511450381677,Reorder Required,6170830570.279999,0.999078131401108,C,Reorder Required - Low Priority
4,60,4_60,53512.3,408.49083969465653,105.98338799466617,131,205863,426.54949951171875,2,247.30718873570618,1100.4061877591437,7,2859.4358778625956,Stock Sufficient,6170884082.579999,0.9990867952216558,C,Review Overstock Risk
42,10,42_10,53483.05,408.26755725190844,67.29248732889991,131,39690,419.7420349121094,3,192.3141115852102,1451.5402163215383,7,2857.872900763359,Stock Sufficient,6170937565.629999,0.9990954543065306,C,Review Overstock Risk
33,7,33_7,53323.69,407.0510687022901,460.98930836634355,131,39690,278.30096435546875,2,1075.6965978011153,1632.2985265120528,5,2035.2553435114505,Stock Sufficient,6170990889.319999,0.9991040875904876,C,Stock Sufficient
43,60,43_60,52380.4,463.5433628318584,186.0045841774309,113,41062,340.31781005859375,2,434.03283925202976,1114.6684593692173,4,1854.1734513274337,Stock Sufficient,6171043269.719998,0.9991125681526352,C,Stock Sufficient
38,60,38_60,52127.4,397.91908396946565,128.71464390689007,131,39690,326.0195617675781,3,367.8514998260345,1345.910185128769,5,1989.5954198473282,Stock Sufficient,6171095397.119998,0.9991210077532356,C,Stock Sufficient
38,74,38_74,51553.34,393.53694656488545,130.7025847834172,131,39690,464.4079895019531,2,304.98825726258104,1233.8042362664874,3,1180.6108396946563,Reorder Required,6171146950.459998,0.9991293544116001,C,Reorder Required - Low Priority
38,5,38_5,51149.86,390.4569465648855,232.7596411285623,131,39690,373.94970703125,2,543.133538074227,1291.032952136727,1,390.4569465648855,Reorder Required,6171198100.319998,0.9991376357452014,C,Reorder Required - Low Priority
37,10,37_10,51138.88,390.37312977099236,74.44794682382472,131,39910,426.35357666015625,1,122.83911225931078,549.1926889194671,1,390.37312977099236,Reorder Required,6171249239.199998,0.9991459153011041,C,Reorder Required - Low Priority
5,27,5_27,49859.85,380.6095419847328,192.31428023645444,131,34875,394.23175048828125,3,549.611872244454,1732.3071237092977,8,3044.8763358778624,Stock Sufficient,6171299099.049998,0.9991539877777672,C,Review Overstock Risk
17,60,17_60,49841.0,380.46564885496184,141.0536645126966,131,93188,502.90399169921875,2,329.1420088708621,1334.9499922692996,5,1902.328244274809,Stock Sufficient,6171348940.049998,0.999162057202552,C,Stock Sufficient
10,80,10_80,49522.85,378.03702290076336,260.7269030693719,131,126512,336.65093994140625,1,430.19939006446356,766.8503300058699,8,3024.296183206107,Stock Sufficient,6171398462.899999,0.9991700751177868,C,Review Overstock Risk
43,5,43_5,49001.17,662.177972972973,428.47060821810607,74,41062,1029.5955810546875,4,1413.9530071197498,5532.3353313385,1,662.177972972973,Reorder Required,6171447464.069999,0.9991780085712826,C,Reorder Required - Low Priority
44,60,44_60,48689.2,371.6732824427481,102.30389783116956,131,39910,384.3958740234375,2,238.72127366417794,1007.5130217110529,3,1115.0198473282442,Stock Sufficient,6171496153.269999,0.9991858915157908,C,Stock Sufficient
30,7,30_7,48661.39,371.4609923664122,196.1038134209491,131,42988,230.12286376953125,3,560.4419178651007,1250.8105091736943,6,2228.765954198473,Stock Sufficient,6171544814.659999,0.9991937699577671,C,Review Overstock Risk
14,60,14_60,48655.76,371.4180152671756,149.40207338392312,131,200898,379.4261474609375,2,348.6226234032374,1107.4749183251124,4,1485.6720610687023,Stock Sufficient,6171593470.419999,0.9992016474882274,C,Stock Sufficient
7,35,7_35,48494.4,373.0338461538462,211.1365810621452,130,70713,101.48731994628906,2,492.67715714443403,695.6517970370121,1,373.0338461538462,Reorder Required,6171641964.819999,0.9992094988939634,C,Reorder Required - Low Priority
38,10,38_10,48279.0,368.5419847328244,61.19763257638004,131,39690,353.4085388183594,1,100.97609375102705,454.38463256938644,2,737.0839694656488,Stock Sufficient,6171690243.819999,0.9992173154257181,C,Stock Sufficient
26,28,26_28,48266.74,368.44839694656486,135.18718674954593,131,152513,452.5315856933594,4,446.11771627350157,2256.244059046939,2,736.8967938931297,Reorder Required,6171738510.5599985,0.9992251299725378,C,Reorder Required - Low Priority
16,93,16_93,46110.84,1047.9736363636364,222.5098586693947,44,57197,823.46728515625,3,635.9073276605969,3106.309183129347,2,2095.947272727273,Reorder Required,6171784621.399999,0.9992325954719288,C,Reorder Required - Low Priority
33,74,33_74,46066.56,351.65312977099234,94.93949126505596,131,39690,381.6468505859375,1,156.65016058734233,538.2970111732798,5,1758.2656488549617,Stock Sufficient,6171830687.959999,0.9992400538022397,C,Stock Sufficient
15,83,15_83,45948.36,350.7508396946565,168.49591561376272,131,123737,254.49685668945312,2,393.177194958002,902.1709083369083,5,1753.7541984732825,Stock Sufficient,6171876636.319999,0.9992474929955746,C,Stock Sufficient
25,80,25_80,45457.31,363.65848,250.43024792201888,125,128107,600.9967651367188,1,413.20990907133114,1014.2066742080499,5,1818.2924,Stock Sufficient,6171922093.629999,0.9992548526862705,C,Stock Sufficient
33,87,33_87,45254.2,348.10923076923075,186.22643114436798,130,39690,277.0933837890625,3,532.2135067495495,1363.4936581167372,6,2088.6553846153847,Stock Sufficient,6171967347.829999,0.9992621794927771,C,Review Overstock Risk
3,97,3_97,45249.11,353.508671875,159.94032087478524,128,37392,429.1488342285156,3,457.09085719109527,1744.537359876642,3,1060.5260156250001,Reorder Required,6172012596.939999,0.9992695054751957,C,Reorder Required - Low Priority
18,80,18_80,45091.22,406.22720720720724,340.3606201400647,111,120653,700.785888671875,2,794.2152984146646,2195.7870757584146,1,406.22720720720724,Reorder Required,6172057688.159999,0.9992768058946947,C,Reorder Required - Low Priority
30,87,30_87,43875.81,334.92984732824425,122.6903370841513,131,42988,260.89630126953125,4,404.87811237769927,1448.4633174558244,2,669.8596946564885,Reorder Required,6172101563.969999,0.9992839095352452,C,Reorder Required - Low Priority
9,48,9_48,43614.0,807.6666666666666,648.196569300417,54,125833,1462.809814453125,1,1069.5243393456878,2532.3341537988126,1,807.6666666666666,Reorder Required,6172145177.969999,0.9992909707878799,C,Reorder Required - Low Priority
42,60,42_60,43514.2,332.16946564885495,89.81434346055612,131,39690,244.5176544189453,3,256.67896010150577,990.2319233583416,1,332.16946564885495,Reorder Required,6172188692.169999,0.9992980158825604,C,Reorder Required - Low Priority
37,17,37_17,42692.74,325.8987786259542,111.06546820559277,131,39910,377.6465148925781,3,317.4122059325454,1450.3517506102799,6,1955.3926717557251,Stock Sufficient,6172231384.909999,0.9993049279801165,C,Review Overstock Risk
21,94,21_94,42468.41,505.5763095238096,1172.3641543631456,84,140167,120.19419860839844,3,3350.480562543659,3711.063158368854,7,3539.0341666666673,Reorder Required,6172273853.319999,0.9993118037578943,C,Reorder Required - Low Priority
3,91,3_91,42388.2,323.5740458015267,146.22325292183876,131,37392,405.6473083496094,1,241.26836732103394,646.9156756706433,5,1617.8702290076335,Stock Sufficient,6172316241.519999,0.9993186665494046,C,Stock Sufficient
29,59,29_59,42277.98,322.7326717557252,490.05799814499875,131,93638,139.58285522460938,2,1143.5270010880095,1422.6927115372282,3,968.1980152671756,Reorder Required,6172358519.499998,0.9993255114959279,C,Reorder Required - Low Priority
44,17,44_17,42240.4,322.44580152671756,129.33366315883646,131,39910,327.23748779296875,3,369.6205849381713,1351.3330483170776,5,1612.2290076335878,Stock Sufficient,6172400759.899998,0.9993323503581233,C,Stock Sufficient
15,59,15_59,42213.78,322.2425954198473,457.16123979584444,131,123737,160.80796813964844,2,1066.7639820924603,1388.3799183717572,6,1933.455572519084,Stock Sufficient,6172442973.679997,0.9993391849104515,C,Review Overstock Risk
33,16,33_16,42095.45,321.3393129770992,131.52206891849482,131,39690,162.5638427734375,2,306.90048446624206,632.028170013117,3,964.0179389312976,Stock Sufficient,6172485069.129997,0.9993460003047566,C,Stock Sufficient
40,28,40_28,41466.66,316.5393893129771,120.23606740815357,131,155083,363.6732177734375,1,198.38951122345338,562.0627289968909,7,2215.7757251908397,Stock Sufficient,6172526535.789997,0.9993527138958553,C,Review Overstock Risk
16,80,16_80,41300.47,389.6270754716981,366.83794259790113,106,57197,599.2970581054688,2,855.9988694647413,2054.592985675679,4,1558.5083018867924,Reorder Required,6172567836.259997,0.9993594005802365,C,Reorder Required - Low Priority
33,3,33_3,40142.75,306.4332061068702,265.4698015515054,131,39690,348.8751525878906,1,438.02517255998384,786.9003251478745,3,919.2996183206106,Stock Sufficient,6172607979.009997,0.9993658998258733,C,Stock Sufficient
8,28,8_28,39477.88,301.3578625954198,145.61386906159962,131,155078,259.0144348144531,4,480.5257679032787,1516.5835071610911,2,602.7157251908396,Reorder Required,6172647456.8899975,0.9993722914268309,C,Reorder Required - Low Priority
36,11,36_11,38830.98,298.6998461538462,106.23049080523133,130,39910,212.38427734375,1,175.2803098286317,387.6645871723817,6,1792.199076923077,Stock Sufficient,6172686287.869997,0.9993785782925124,C,Review Overstock Risk
40,41,40_41,38329.9,292.5946564885496,201.2412833747196,131,155083,383.688232421875,2,469.5869512255279,1236.9634160692779,1,292.5946564885496,Reorder Required,6172724617.769997,0.9993847840316641,C,Reorder Required - Low Priority
37,18,37_18,38021.33,528.0740277777778,420.1027149707581,72,39910,500.8536682128906,3,1200.6047570995158,2703.165761738188,4,2112.2961111111113,Reorder Required,6172762639.099997,0.9993909398122997,C,Reorder Required - Low Priority
16,28,16_28,37706.22,287.83374045801526,176.33982176614768,131,57197,223.94839477539062,2,411.4805764214316,859.3773659722128,5,1439.1687022900762,Stock Sufficient,6172800345.319997,0.9993970445755711,C,Stock Sufficient
33,17,33_17,36704.48,280.18687022900764,107.99755736613804,131,39690,183.2821044921875,2,252.007157045092,618.571366029467,6,1681.121221374046,Stock Sufficient,6172837049.799996,0.9994029871537824,C,Review Overstock Risk
42,74,42_74,36574.61,297.3545528455285,112.0658648635983,123,39690,431.6366271972656,3,320.27122336753513,1615.181104959332,7,2081.4818699186994,Stock Sufficient,6172873624.409996,0.9994089087056057,C,Review Overstock Risk
12,94,12_94,36074.13,405.32730337078647,833.636252566217,89,112238,183.4833526611328,1,1375.4998167342578,1558.9831693953906,5,2026.6365168539323,Stock Sufficient,6172909698.539996,0.9994147492280414,C,Stock Sufficient
25,83,25_83,35978.02,274.6413740458015,137.14804201055242,131,128107,232.68304443359375,3,391.95317191943155,1090.0023052202127,7,1922.4896183206106,Stock Sufficient,6172945676.559997,0.9994205741899463,C,Review Overstock Risk
10,83,10_83,35828.17,273.4974809160305,115.43010304837841,131,126512,238.7256622314453,1,190.45967002982437,429.18533226126965,5,1367.4874045801525,Stock Sufficient,6172981504.729997,0.9994263748906345,C,Stock Sufficient
9,94,9_94,35032.58,565.0416129032259,1263.0765668264962,62,125833,85.14225006103516,1,2084.0763352637186,2169.218585324754,7,3955.291290322581,Stock Sufficient,6173016537.309997,0.9994320467826376,C,Review Overstock Risk
34,28,34_28,34745.45,265.23244274809156,111.18552825789463,131,158114,246.77996826171875,2,259.44613530318713,753.0060718266246,3,795.6973282442747,Stock Sufficient,6173051282.759996,0.9994376721873324,C,Stock Sufficient
10,94,10_94,34583.02,437.759746835443,1018.2268835515565,79,126512,156.68284606933594,2,2375.983942680977,2689.349634819649,2,875.519493670886,Reorder Required,6173085865.779997,0.9994432712940663,C,Reorder Required - Low Priority
40,59,40_59,34437.02,264.90015384615384,276.8623431187158,130,155083,188.84164428710938,4,913.645732291762,1669.0123094401995,6,1589.400923076923,Reorder Required,6173120302.799997,0.9994488467629115,C,Reorder Required - Low Priority
30,74,30_74,34299.61,261.82908396946567,199.04315980151094,131,42988,209.152587890625,2,464.4577345466718,882.7629103279219,6,1570.974503816794,Stock Sufficient,6173154602.409997,0.9994543999846173,C,Review Overstock Risk
37,56,37_56,34153.27,328.3968269230769,337.76629396142505,104,39910,193.3972930908203,4,1114.6287700727025,1888.2179424359838,7,2298.7777884615384,Stock Sufficient,6173188755.679997,0.9994599295133874,C,Review Overstock Risk
15,98,15_98,33856.47,294.4040869565217,197.79834966359428,115,123737,358.8207702636719,4,652.7345538898611,2088.0176349445487,1,294.4040869565217,Reorder Required,6173222612.149998,0.9994654109892436,C,Reorder Required - Low Priority
17,96,17_96,33789.07,938.5852777777777,363.399406481834,36,93188,886.5608520507812,2,847.9752091881558,2621.096913289718,1,938.5852777777777,Reorder Required,6173256401.219997,0.9994708815528139,C,Reorder Required - Low Priority
26,59,26_59,33482.57,255.59213740458014,297.84088765133436,131,152513,176.24961853027344,4,982.8749292494033,1687.873403370497,8,2044.7370992366411,Stock Sufficient,6173289883.789997,0.9994763024930081,C,Review Overstock Risk
36,5,36_5,32853.48,325.2819801980198,320.2906802141448,101,39910,297.3731994628906,4,1056.9592447066777,2246.4520425582405,3,975.8459405940595,Reorder Required,6173322737.269997,0.9994816215814248,C,Reorder Required - Low Priority
44,18,44_18,32569.01,417.55141025641024,352.8967722974884,78,39910,469.2929382324219,4,1164.5593485817117,3041.731101511399,2,835.1028205128205,Reorder Required,6173355306.279997,0.9994868946131962,C,Reorder Required - Low Priority
20,99,20_99,32550.75,1017.2109375,2458.07793151788,32,203742,286.93585205078125,4,8111.657174009004,9259.400582212129,3,3051.6328125,Reorder Required,6173387857.029997,0.9994921646886124,C,Reorder Required - Low Priority
42,18,42_18,32402.32,352.1991304347826,419.7609893073563,92,39690,530.6723022460938,2,979.4922786554581,2040.8368831476455,2,704.3982608695652,Reorder Required,6173420259.349997,0.9994974107327145,C,Reorder Required - Low Priority
39,60,39_60,32121.2,458.87428571428575,194.19347940941418,70,184109,517.6679077148438,2,453.14123630360297,1488.4770517332904,2,917.7485714285715,Reorder Required,6173452380.549996,0.9995026112625474,C,Reorder Required - Low Priority
31,60,31_60,31791.2,264.9266666666667,100.40981214677251,120,203750,357.7773132324219,4,331.35238008434925,1762.4616330140368,5,1324.6333333333334,Reorder Required,6173484171.749996,0.9995077583642752,C,Reorder Required - Low Priority
7,98,7_98,31409.55,243.4848837209302,124.93472602045713,129,70713,167.0034942626953,2,291.52923351667056,625.5362220420611,5,1217.424418604651,Stock Sufficient,6173515581.299996,0.9995128436755902,C,Stock Sufficient
5,60,5_60,31324.8,239.1206106870229,72.54696804093115,131,34875,256.1365051269531,1,119.70249726753639,375.8390023944895,4,956.4824427480916,Stock Sufficient,6173546906.099997,0.9995179152655965,C,Stock Sufficient
36,87,36_87,31216.15,291.7397196261682,142.6976380683927,107,39910,126.13514709472656,3,407.81327276997604,786.2187140541557,7,2042.1780373831775,Stock Sufficient,6173578122.249996,0.9995229692648039,C,Review Overstock Risk
9,28,9_28,31123.86,237.58671755725192,100.1748082368843,131,125833,241.59796142578125,1,165.28843359085909,406.88639501664034,5,1187.9335877862595,Stock Sufficient,6173609246.109996,0.9995280083219513,C,Stock Sufficient
36,21,36_21,30742.25,234.6736641221374,57.791382378691814,131,39910,158.83041381835938,2,134.8534386345885,452.5142662713073,6,1408.0419847328244,Stock Sufficient,6173639988.359996,0.999532985595162,C,Review Overstock Risk
8,60,8_60,30735.0,234.61832061068702,72.31611141001463,131,155078,275.80810546875,2,168.7462021313086,720.3624130688086,4,938.4732824427481,Stock Sufficient,6173670723.359996,0.9995379616945734,C,Stock Sufficient
23,94,23_94,30660.989999999998,393.08961538461534,752.9675025264299,78,114533,228.28428649902344,2,1757.0138092634738,2213.5823822615207,2,786.1792307692307,Reorder Required,6173701384.349996,0.9995429258115179,C,Reorder Required - Low Priority
44,87,44_87,29980.07,228.8554961832061,124.27769708453938,131,39910,375.16094970703125,2,289.99608778379394,1040.3179871978564,7,1601.9884732824428,Stock Sufficient,6173731364.419995,0.9995477796852346,C,Review Overstock Risk
30,18,30_18,28054.45,379.1141891891892,415.56427930662534,74,42988,325.5224914550781,2,969.6994557248303,1620.7444386349866,7,2653.799324324324,Stock Sufficient,6173759418.869995,0.9995523217946255,C,Review Overstock Risk
12,83,12_83,27467.48,209.67541984732824,69.6746547921071,131,112238,259.8893737792969,2,162.58248890509137,682.3612364636851,7,1467.7279389312978,Stock Sufficient,6173786886.349995,0.999556768871608,C,Review Overstock Risk
37,72,37_72,27459.13,211.22407692307692,99.34625720017821,130,39910,232.03558349609375,3,283.92006227064815,980.0268127589294,2,422.44815384615384,Reorder Required,6173814345.479995,0.9995612145966977,C,Reorder Required - Low Priority
3,59,3_59,26909.52,251.49084112149532,518.8603363870678,107,37392,59.04708480834961,3,1482.8425666802223,1659.983821105271,2,502.98168224299064,Reorder Required,6173841254.999995,0.9995655713380881,C,Reorder Required - Low Priority
38,18,38_18,26644.29,337.2694936708861,320.53958571445867,79,39690,331.84173583984375,2,747.963858501487,1411.6473301811745,7,2360.8864556962026,Stock Sufficient,6173867899.289995,0.9995698851378534,C,Review Overstock Risk
29,60,29_60,26622.4,271.65714285714284,168.03041207306285,98,93638,221.93028259277344,1,277.2501799205537,499.18046251332714,8,2173.2571428571428,Stock Sufficient,6173894521.689995,0.9995741953935543,C,Review Overstock Risk
30,10,30_10,26117.96,199.37374045801525,53.50798820788534,131,42988,208.06771850585938,2,124.8583423211703,540.9937793328891,5,996.8687022900763,Stock Sufficient,6173920639.649995,0.9995784239787303,C,Stock Sufficient
3,94,3_94,26115.66,621.8014285714286,1340.996713869078,42,37392,208.80235290527344,3,3832.4128279868423,4458.819886702662,7,4352.61,Reorder Required,6173946755.309995,0.9995826521915285,C,Reorder Required - Low Priority
6,60,6_60,25851.27,327.2312658227848,109.71438045153576,79,202505,394.9901428222656,4,362.057455490068,1942.0180267791304,4,1308.9250632911392,Reorder Required,6173972606.579995,0.9995868375987006,C,Reorder Required - Low Priority
5,28,5_28,25767.99,196.70221374045803,72.1425670278605,131,34875,140.48550415039062,2,168.3412445800971,449.31225288087836,3,590.106641221374,Stock Sufficient,6173998374.569995,0.9995910095225616,C,Stock Sufficient
14,99,14_99,25085.88,865.0303448275862,1756.028063318064,29,200898,602.3075561523438,3,5018.5242115530455,6825.446880010077,5,4325.151724137931,Reorder Required,6174023460.449995,0.9995950710105299,C,Reorder Required - Low Priority
33,21,33_21,25021.89,191.00679389312975,62.71663444251179,131,39690,65.46916198730469,3,179.2368556013551,375.64434156326917,5,955.0339694656487,Stock Sufficient,6174048482.339995,0.9995991221383029,C,Stock Sufficient
4,99,4_99,24850.18,828.3393333333333,1839.708118376453,30,205863,494.80999755859375,2,4292.871283496181,5282.491278613368,8,6626.714666666667,Stock Sufficient,6174073332.519996,0.9996031454656519,C,Review Overstock Risk
36,10,36_10,24833.1,189.5656488549618,59.14540170824437,131,39910,225.17092895507812,4,195.17982563720642,1095.863541457519,6,1137.3938931297707,Stock Sufficient,6174098165.619996,0.9996071660276918,C,Review Overstock Risk
20,54,20_54,24603.32,195.26444444444445,208.59995314881763,126,203742,164.71693420410156,2,486.75805670819267,816.1919251163959,5,976.3222222222223,Stock Sufficient,6174122768.939996,0.9996111493875801,C,Stock Sufficient
37,12,37_12,24509.1,187.09236641221372,61.296451419839194,131,39910,221.14065551757812,2,143.03235032341226,585.3136613585685,8,1496.7389312977098,Stock Sufficient,6174147278.039996,0.9996151174929352,C,Review Overstock Risk
2,60,2_60,24469.8,247.16969696969696,92.14254424591998,99,202307,398.1626892089844,4,304.07039601153593,1896.7211528474734,1,247.16969696969696,Reorder Required,6174171747.839996,0.9996190792354885,C,Reorder Required - Low Priority
21,83,21_83,24199.38,184.72809160305346,101.04751101197205,131,140167,192.6400146484375,2,235.78955485333964,621.0695841502146,7,1293.0966412213743,Stock Sufficient,6174195947.219996,0.9996229971961385,C,Review Overstock Risk
43,42,43_42,24066.45,183.71335877862597,36.01655212667316,131,41062,168.21939086914062,4,118.85462201802143,791.732185494584,6,1102.2801526717558,Stock Sufficient,6174220013.669996,0.9996268936349761,C,Review Overstock Risk
7,28,7_28,24032.35,183.4530534351145,74.9372832634898,131,70713,226.876708984375,1,123.64651738475817,350.52322636913317,6,1100.718320610687,Stock Sufficient,6174244046.019997,0.9996307845529099,C,Review Overstock Risk
11,54,11_54,24025.56,193.75451612903228,220.03872275754574,124,207499,142.18516540527344,3,628.8451082902418,1055.400604506062,2,387.50903225806456,Reorder Required,6174268071.579997,0.9996346743715198,C,Reorder Required - Low Priority
23,54,23_54,23986.94,184.51492307692305,218.93207513133348,130,114533,138.97093200683594,2,510.86757131720844,788.8094353308803,3,553.5447692307691,Reorder Required,6174292058.519997,0.9996385579374223,C,Reorder Required - Low Priority
33,11,33_11,23961.92,182.91541984732822,60.75572900190683,131,39690,139.691162109375,2,141.7706003114957,421.15292453024574,5,914.5770992366411,Stock Sufficient,6174316020.439997,0.9996424374525031,C,Stock Sufficient
36,26,36_26,23475.04,179.19877862595422,157.0892931376826,131,39910,133.05514526367188,1,259.1973336771763,392.25247894084816,7,1254.3914503816795,Stock Sufficient,6174339495.479997,0.9996462381400817,C,Review Overstock Risk
45,60,45_60,23350.8,178.2503816793893,86.31451021079901,131,118221,265.1377868652344,3,246.67684324061875,1042.090203836322,4,713.0015267175572,Reorder Required,6174362846.279997,0.9996500187127882,C,Reorder Required - Low Priority
22,98,22_98,23329.63,183.69787401574803,159.84994929089427,127,119557,162.75253295898438,4,527.504832659951,1178.5149644958885,6,1102.187244094488,Reorder Required,6174386175.909997,0.9996537958580008,C,Reorder Required - Low Priority
11,99,11_99,23310.02,647.5005555555556,1496.2202725361842,36,207499,213.92250061035156,4,4937.526899369408,5793.216901810814,7,4532.503888888889,Reorder Required,6174409485.929997,0.999657569828289,C,Reorder Required - Low Priority
26,48,26_48,23208.0,595.0769230769231,481.8609421932182,39,152513,680.4763793945312,1,795.07055461881,1475.5469340133413,8,4760.615384615385,Stock Sufficient,6174432693.929997,0.9996613272811974,C,Review Overstock Risk
42,42,42_42,23005.92,175.6177099236641,34.53395349429282,131,39690,163.5432586669922,2,80.58333590008456,407.6698532340689,4,702.4708396946564,Stock Sufficient,6174455699.8499975,0.9996650520166771,C,Stock Sufficient
38,72,38_72,22963.15,175.29122137404582,81.11392746788925,131,39690,336.26055908203125,1,133.83798032201727,470.09853940404855,5,876.4561068702291,Stock Sufficient,6174478662.999997,0.9996687698275506,C,Stock Sufficient
10,54,10_54,22874.18,185.9689430894309,210.4862213192759,123,126512,133.77798461914062,2,491.1595736559351,758.7155428942164,2,371.9378861788618,Reorder Required,6174501537.179997,0.9996724732338833,C,Reorder Required - Low Priority
21,60,21_60,22784.4,188.300826446281,83.92159485284242,121,140167,228.51881408691406,3,239.8381691266008,925.394611387343,5,941.504132231405,Stock Sufficient,6174524321.579997,0.9996761621045334,C,Stock Sufficient
5,94,5_94,22606.45,370.59754098360656,874.607592261916,61,34875,217.6640167236328,3,2499.5268976971524,3152.518947868051,1,370.59754098360656,Reorder Required,6174546928.029997,0.9996798221644825,C,Reorder Required - Low Priority
36,18,36_18,22488.260000000002,292.0553246753247,426.23299225702846,77,39910,225.50624084472656,1,703.2844372240969,928.7906780688235,4,1168.2212987012988,Stock Sufficient,6174569416.289997,0.999683463089075,C,Stock Sufficient
15,94,15_94,22403.75,306.9006849315069,767.6422701965936,73,123737,83.85560607910156,2,1791.2566807787762,1958.9678929369793,5,1534.5034246575344,Reorder Required,6174591820.039997,0.9996870903312155,C,Reorder Required - Low Priority
9,59,9_59,22398.2,233.31458333333333,418.91690549726394,96,125833,73.3920669555664,2,977.5226492816381,1124.306783192771,7,1633.2020833333333,Stock Sufficient,6174614218.239997,0.9996907166747924,C,Review Overstock Risk
35,54,35_54,22092.13,190.44939655172413,240.88189707023315,116,103681,127.8057861328125,2,562.086435515358,817.698007780983,8,1523.595172413793,Stock Sufficient,6174636310.369997,0.9996942934646115,C,Review Overstock Risk
33,18,33_18,21529.71,312.02478260869566,409.0551928551821,69,39690,212.37298583984375,4,1349.8821364221008,2199.3740797814758,4,1248.0991304347826,Reorder Required,6174657840.079997,0.9996977791967494,C,Reorder Required - Low Priority
3,28,3_28,21242.77,162.15854961832062,77.5449787406007,131,37392,97.33126831054688,1,127.94921492199114,225.28048323253802,6,972.9512977099237,Stock Sufficient,6174679082.8499975,0.9997012184723406,C,Review Overstock Risk
10,98,10_98,21188.6,227.83440860215052,316.34962459163125,93,126512,449.8439025878906,4,1043.953761152383,2843.3293715039454,8,1822.6752688172041,Reorder Required,6174700271.449998,0.9997046489776275,C,Reorder Required - Low Priority
36,60,36_60,20457.0,156.16030534351145,97.23642058990457,131,39910,79.65198516845703,4,320.88018794668506,639.4881286205132,1,156.16030534351145,Reorder Required,6174720728.449998,0.9997079610344245,C,Reorder Required - Low Priority
44,10,44_10,20297.12,154.93984732824427,61.551664852628946,131,39910,94.66937255859375,4,203.1204940136755,581.7979842480505,8,1239.5187786259542,Stock Sufficient,6174741025.569998,0.9997112472061143,C,Review Overstock Risk
43,9,43_9,20189.62,154.11923664122136,110.00338487532184,131,41062,155.771240234375,2,256.68766001608543,568.2301404848354,1,154.11923664122136,Reorder Required,6174761215.189998,0.999714515973194,C,Reorder Required - Low Priority
37,9,37_9,20091.38,154.54907692307694,97.85515455002636,130,39910,108.48143005371094,4,322.922010015087,756.8477302299307,4,618.1963076923078,Reorder Required,6174781306.569998,0.9997177688348889,C,Reorder Required - Low Priority
17,98,17_98,19091.34,168.9499115044248,171.87131803586357,113,93188,262.05841064453125,2,401.0535357662754,925.170357055338,1,168.9499115044248,Reorder Required,6174800397.909998,0.9997208597867594,C,Reorder Required - Low Priority
6,54,6_54,18920.84,150.16539682539684,140.45128892054097,126,202505,156.75076293945312,3,401.3934678582059,871.6457566765653,1,150.16539682539684,Reorder Required,6174819318.749998,0.999723923134109,C,Reorder Required - Low Priority
29,98,29_98,18555.65,149.64233870967743,111.29583847550475,124,93638,180.9710235595703,4,367.27626696916565,1091.1603612074468,4,598.5693548387097,Reorder Required,6174837874.399998,0.9997269273559746,C,Reorder Required - Low Priority
25,60,25_60,18258.0,207.47727272727272,79.25979068899119,88,128107,267.7302551269531,3,226.51527437650213,1029.7060397573614,3,622.4318181818181,Reorder Required,6174856132.399998,0.9997298833873087,C,Reorder Required - Low Priority
3,60,3_60,18169.8,138.70076335877863,45.547171652767275,131,37392,139.008544921875,4,150.305666454132,706.339846141632,4,554.8030534351145,Reorder Required,6174874302.199998,0.9997328251387675,C,Reorder Required - Low Priority
42,9,42_9,18130.89,138.40374045801525,74.61691172851738,131,39690,150.45880126953125,3,213.24646565916234,664.6228694677561,5,692.0187022900762,Stock Sufficient,6174892433.089998,0.999735760590567,C,Stock Sufficient
33,26,33_26,18080.46,138.01877862595418,212.34732099167846,131,39690,63.91685104370117,2,495.5023611120408,623.3360631994431,3,414.0563358778626,Reorder Required,6174910513.549998,0.9997386878775807,C,Reorder Required - Low Priority
16,48,16_48,17990.0,642.5,624.943404844998,28,57197,1039.1077880859375,3,1786.0156529269268,4903.3390171847395,7,4497.5,Reorder Required,6174928503.549998,0.9997416005188174,C,Reorder Required - Low Priority
44,85,44_85,17859.62,141.74301587301588,88.70734163321404,126,39910,117.3816146850586,2,206.9943572725954,441.75758664271257,4,566.9720634920635,Stock Sufficient,6174946363.169998,0.9997444920510956,C,Stock Sufficient
29,94,29_94,17756.46,257.34,588.0122232798147,69,93638,43.016597747802734,3,1680.470626217087,1809.5204194604953,8,2058.72,Stock Sufficient,6174964119.629998,0.9997473668814243,C,Review Overstock Risk
35,94,35_94,17538.77,265.7389393939394,553.9561127329874,66,103681,93.14421844482422,2,1292.6302085176756,1478.918645407324,3,797.2168181818182,Reorder Required,6174981658.399999,0.9997502064670133,C,Reorder Required - Low Priority
37,28,37_28,17429.91,133.05274809160306,57.202550427990744,131,39910,71.41871643066406,2,133.47942731903242,276.31686018036055,2,266.1054961832061,Reorder Required,6174999088.3099985,0.9997530284278037,C,Reorder Required - Low Priority
13,99,13_99,17347.0,559.5806451612904,1197.5935987663913,31,219622,379.529296875,1,1976.0294379645457,2355.5587348395457,8,4476.645161290323,Stock Sufficient,6175016435.3099985,0.9997558369651873,C,Review Overstock Risk
37,59,37_59,16989.53,129.69106870229007,63.67737287115549,131,39910,77.70144653320312,2,148.58811714561654,303.9910102120228,2,259.38213740458013,Reorder Required,6175033424.839998,0.9997585876269811,C,Reorder Required - Low Priority
16,96,16_96,16904.26,129.04015267175572,103.85235704139527,131,57197,84.3005142211914,3,296.79797215444205,549.6995148180163,5,645.2007633587787,Stock Sufficient,6175050329.099998,0.9997613244832765,C,Stock Sufficient
37,85,37_85,16470.26,126.69430769230767,64.61436223980338,130,39910,69.78400421142578,2,150.77453721596962,290.3425456388212,7,886.8601538461537,Stock Sufficient,6175066799.359999,0.9997639910735187,C,Review Overstock Risk
40,60,40_60,16368.1,124.94732824427481,53.46274379019506,131,155083,242.02114868164062,1,88.21352725382185,330.23467593546246,8,999.5786259541985,Stock Sufficient,6175083167.459999,0.9997666411237147,C,Review Overstock Risk
14,54,14_54,16346.19,143.38763157894738,130.4958139857071,114,200898,212.6907196044922,1,215.3180930764167,428.0088126809089,4,573.5505263157895,Stock Sufficient,6175099513.649999,0.9997692876266083,C,Stock Sufficient
37,31,37_31,16202.119999999999,124.6316923076923,145.23718546062761,130,39910,180.11131286621094,4,479.2827120200711,1199.7279634849149,1,124.6316923076923,Reorder Required,6175115715.769999,0.9997719108040867,C,Reorder Required - Low Priority
18,60,18_60,16181.4,172.14255319148936,67.92345231255756,94,120653,254.25999450683594,1,112.07369631571997,366.3336908225559,1,172.14255319148936,Reorder Required,6175131897.169998,0.9997745306269276,C,Reorder Required - Low Priority
30,17,30_17,16050.619999999999,148.61685185185183,113.57965489830903,108,42988,148.61685185185183,4,374.81286116441976,969.280268571827,3,445.8505555555555,Reorder Required,6175147947.789998,0.9997771292760486,C,Reorder Required - Low Priority
43,56,43_56,15017.71,170.65579545454545,200.3834914261691,88,41062,140.50587463378906,4,661.265521706358,1223.2890202415142,7,1194.590568181818,Reorder Required,6175162965.499998,0.999779560693582,C,Reorder Required - Low Priority
18,54,18_54,14951.4,127.78974358974358,133.16411508866594,117,120653,126.87198638916016,4,439.44157979259757,946.9295253492382,6,766.7384615384615,Reorder Required,6175177916.899998,0.9997819813753044,C,Reorder Required - Low Priority
37,42,37_42,14939.34,114.04076335877863,32.13852968295271,131,39910,107.5667724609375,3,91.84818438086704,414.54850176367955,6,684.2445801526718,Stock Sufficient,6175192856.239998,0.9997844001044724,C,Review Overstock Risk
11,60,11_60,14838.2,206.0861111111111,70.55778434122215,72,207499,255.14187622070312,2,164.6432296514814,674.9269820928877,4,824.3444444444444,Stock Sufficient,6175207694.439998,0.9997868024587359,C,Stock Sufficient
2,99,2_99,14781.91,547.4781481481482,1242.8484139546206,27,202307,358.36273193359375,1,2050.6998830251237,2409.0626149587174,1,547.4781481481482,Reorder Required,6175222476.3499975,0.9997891956994598,C,Reorder Required - Low Priority
4,54,4_54,14663.210000000001,114.55632812500001,111.89166216831852,128,205863,167.5577850341797,2,261.0938651555926,596.2094352239519,1,114.55632812500001,Reorder Required,6175237139.559998,0.9997915697222562,C,Reorder Required - Low Priority
41,99,41_99,14262.66,460.0858064516129,914.7062113953098,31,196321,295.1208190917969,2,2134.4233840745615,2724.665022258155,2,920.1716129032258,Reorder Required,6175251402.219997,0.9997938788946665,C,Reorder Required - Low Priority
44,72,44_72,14007.19,109.431171875,67.35359962229535,128,39910,388.7436218261719,3,192.48876342047134,1358.719628898987,5,547.155859375,Reorder Required,6175265409.409997,0.9997961467056284,C,Reorder Required - Low Priority
33,60,33_60,13834.2,105.60458015267176,40.92145170482183,131,39690,74.86753845214844,3,116.94875522917529,341.5513705856206,6,633.6274809160305,Stock Sufficient,6175279243.609997,0.99979838650893,C,Review Overstock Risk
21,54,21_54,13599.2,114.27899159663866,101.6691636616161,119,140167,142.10467529296875,1,167.75412004166654,309.85879533463526,1,114.27899159663866,Reorder Required,6175292842.809997,0.9998005882649449,C,Reorder Required - Low Priority
44,9,44_9,13470.79,104.42472868217055,78.64961102372739,129,39910,110.00730895996094,2,183.5251218654542,403.53973978537607,2,208.8494573643411,Reorder Required,6175306313.599997,0.9998027692309507,C,Reorder Required - Low Priority
33,5,33_5,13460.41,103.54161538461538,78.10409500826587,130,39690,140.81951904296875,2,182.25218622198446,463.89122430792196,8,828.3329230769231,Stock Sufficient,6175319774.009996,0.9998049485163998,C,Review Overstock Risk
13,54,13_54,13448.6,105.89448818897638,95.8679190817312,127,219622,173.9449005126953,2,223.70322374708667,571.5930247724773,7,741.2614173228346,Stock Sufficient,6175333222.609997,0.9998071258897704,C,Review Overstock Risk
6,99,6_99,13215.47,471.9810714285714,776.1235711765535,28,202505,367.8970031738281,1,1280.603892441313,1648.5008956151412,4,1887.9242857142856,Stock Sufficient,6175346438.079997,0.9998092655186134,C,Stock Sufficient
7,60,7_60,13188.36,100.6745038167939,62.08569576633871,131,70713,108.69828796386719,2,144.874014420508,362.27059034824237,5,503.3725190839695,Stock Sufficient,6175359626.439997,0.9998114007582566,C,Stock Sufficient
38,42,38_42,13169.3,100.52900763358778,27.983206608331308,131,39690,83.58126831054688,3,79.97275374713952,330.71655867878013,6,603.1740458015267,Stock Sufficient,6175372795.739997,0.9998135329120219,C,Review Overstock Risk
12,54,12_54,13105.56,106.54926829268292,100.30595531059802,123,112238,108.41361999511719,2,234.05916993861155,450.8864099288459,1,106.54926829268292,Reorder Required,6175385901.299997,0.9998156547460679,C,Reorder Required - Low Priority
27,60,27_60,12568.9,105.62100840336134,71.13089375533062,119,204184,201.116943359375,3,203.28383125382703,806.634661331952,8,844.9680672268908,Stock Sufficient,6175398470.199997,0.999817689693063,C,Review Overstock Risk
21,98,21_98,12515.16,121.50640776699029,184.10044967436306,103,140167,82.13314056396484,1,303.76574196269905,385.8988825266639,4,486.02563106796117,Stock Sufficient,6175410985.359997,0.999819715939372,C,Stock Sufficient
43,72,43_72,12387.84,102.37884297520661,115.3804015145126,121,41062,351.3076171875,3,329.74378407437416,1383.6666356368742,7,716.6519008264463,Reorder Required,6175423373.199997,0.9998217215721468,C,Reorder Required - Low Priority
36,55,36_55,12266.710000000001,107.60271929824562,92.00262080996829,114,39910,107.60271929824562,3,262.932802559392,585.7409604541288,3,322.80815789473684,Reorder Required,6175435639.909997,0.999823707593569,C,Reorder Required - Low Priority
35,60,35_60,12264.0,93.61832061068702,52.98250045138521,131,103681,158.16810607910156,2,123.63214166619952,439.96835382440264,8,748.9465648854962,Stock Sufficient,6175447903.909997,0.999825693176233,C,Review Overstock Risk
39,99,39_99,11970.63,412.7803448275862,738.7686585726024,29,184109,407.7918701171875,4,2437.9365732895876,4069.1040537583376,4,1651.1213793103448,Reorder Required,6175459874.539997,0.9998276312613119,C,Reorder Required - Low Priority
42,12,42_12,11736.17,89.58908396946565,28.86120474190975,131,39690,68.46448516845703,3,82.48197041804855,287.87542592341964,7,627.1235877862596,Stock Sufficient,6175471610.709997,0.9998295313865316,C,Review Overstock Risk
31,99,31_99,11671.970000000001,248.33978723404257,716.1215454749507,47,203750,231.59169006347656,2,1671.0355231651233,2134.2189032920764,3,745.0193617021278,Reorder Required,6175483282.679997,0.9998314211175565,C,Reorder Required - Low Priority
43,12,43_12,11534.7,88.05114503816795,28.225581158865882,131,41062,61.73789596557617,1,46.5722089121287,108.31010487770487,2,176.1022900763359,Stock Sufficient,6175494817.379997,0.9998332886241086,C,Stock Sufficient
32,99,32_99,11377.89,406.3532142857143,915.2600056938023,28,203007,244.54354858398438,1,1510.1790093947739,1754.7225579787582,8,3250.825714285714,Stock Sufficient,6175506195.269998,0.9998351307425968,C,Review Overstock Risk
2,54,2_54,11317.05,95.9072033898305,104.10878780847334,118,202307,128.6092071533203,2,242.93289847359347,500.1513127802341,2,191.814406779661,Reorder Required,6175517512.319998,0.9998369630108852,C,Reorder Required - Low Priority
24,60,24_60,11283.6,113.97575757575758,42.36903251800846,99,203819,190.09259033203125,3,121.08577303140213,691.3635440274959,6,683.8545454545455,Reorder Required,6175528795.919998,0.9998387898635066,C,Reorder Required - Low Priority
36,42,36_42,11254.68,95.37864406779661,29.44781810776695,118,39910,75.20272064208984,1,48.588899877815464,123.79162051990531,2,190.75728813559323,Stock Sufficient,6175540050.599998,0.9998406120338833,C,Stock Sufficient
42,59,42_59,11183.17,85.36770992366412,107.08569115479352,131,39690,53.02128982543945,1,176.6913904054093,229.71268023084875,1,85.36770992366412,Reorder Required,6175551233.769999,0.9998424226265514,C,Reorder Required - Low Priority
38,28,38_28,11125.7,84.92900763358779,40.76528854977106,131,39690,47.15339660644531,2,95.12385950287913,189.43065271576975,2,169.85801526717557,Reorder Required,6175562359.469998,0.999844223914634,C,Reorder Required - Low Priority
27,54,27_54,11120.77,88.96616,85.44860927523025,125,204184,165.48672485351562,2,199.39026050286762,530.3637102098988,3,266.89848,Reorder Required,6175573480.239999,0.9998460244045333,C,Reorder Required - Low Priority
23,98,23_98,11059.84,105.33180952380953,122.42326660136129,105,114533,131.60948181152344,2,285.6688625631428,548.8878261861896,2,210.66361904761905,Reorder Required,6175584540.079999,0.9998478150296615,C,Reorder Required - Low Priority
33,10,33_10,11003.19,83.99381679389313,38.88972459617292,131,39690,72.68357849121094,4,128.33609116737063,419.0704051322144,1,83.99381679389313,Reorder Required,6175595543.269999,0.9998495964829649,C,Reorder Required - Low Priority
16,83,16_83,10983.64,249.62818181818182,67.40536091690531,44,57197,219.2260284423828,2,157.2871997158124,595.7392566005781,1,249.62818181818182,Reorder Required,6175606526.909999,0.999851374771058,C,Reorder Required - Low Priority
16,60,16_60,10846.38,112.98312499999999,67.65581727526622,96,57197,135.04476928710938,1,111.63209850418924,246.6768677912986,6,677.89875,Stock Sufficient,6175617373.289999,0.9998531308362975,C,Review Overstock Risk
30,28,30_28,10820.87,82.6020610687023,50.428691462721844,131,42988,61.653507232666016,2,117.67295000886075,240.9799644741928,5,413.0103053435115,Stock Sufficient,6175628194.159999,0.9998548827713825,C,Stock Sufficient
30,59,30_59,10692.63,82.25099999999999,71.93628828248276,130,42988,65.90498352050781,4,237.3897513321931,501.00968541422435,7,575.757,Stock Sufficient,6175638886.789999,0.9998566139439821,C,Review Overstock Risk
38,9,38_9,10417.21,79.52068702290076,46.633453495414464,131,39690,65.55603790283203,1,76.94519826743387,142.50123617026588,8,636.1654961832061,Stock Sufficient,6175649303.999999,0.9998583005251614,C,Review Overstock Risk
24,19,24_19,10386.38,79.89523076923076,37.709550806650505,130,203819,162.79824829101562,3,107.7695155807357,596.1642604537826,1,79.89523076923076,Reorder Required,6175659690.379999,0.9998599821148607,C,Reorder Required - Low Priority
40,54,40_54,10326.2,88.25811965811967,105.35770505129283,117,155083,115.98199462890625,1,173.84021333463315,289.8222079635394,3,264.774358974359,Reorder Required,6175670016.579999,0.9998616539612164,C,Reorder Required - Low Priority
30,9,30_9,10321.32,79.39476923076923,65.98780640491375,130,42988,70.7841796875,4,217.7597611362154,500.8964798862154,7,555.7633846153846,Stock Sufficient,6175680337.899999,0.9998633250174837,C,Review Overstock Risk
44,12,44_12,10248.68,78.836,31.16545825954003,130,39910,114.0813980102539,3,89.06725929203922,431.31145332280096,2,157.672,Reorder Required,6175690586.579999,0.9998649843130918,C,Reorder Required - Low Priority
22,54,22_54,10196.05,82.89471544715447,85.56673054372803,123,119557,80.43476867675781,2,199.66589085772614,360.53542821124176,3,248.68414634146342,Reorder Required,6175700782.629999,0.9998666350877268,C,Reorder Required - Low Priority
38,85,38_85,10137.59,79.199921875,42.46203201668491,128,39690,82.46728515625,2,99.08312958046203,264.017699892962,5,395.999609375,Stock Sufficient,6175710920.219999,0.9998682763974919,C,Stock Sufficient
43,59,43_59,10072.32,110.68483516483516,88.09943688005977,91,41062,110.68483516483516,2,205.5758404808014,426.9455108104717,1,110.68483516483516,Reorder Required,6175720992.539999,0.9998699071398255,C,Reorder Required - Low Priority
42,56,42_56,10021.31,185.5798148148148,266.1534333870947,54,39690,94.27225494384766,4,878.3063301774125,1255.3953499528031,4,742.3192592592592,Reorder Required,6175731013.849999,0.9998715296234694,C,Reorder Required - Low Priority
39,54,39_54,10019.98,85.6408547008547,103.87616003396111,117,184109,112.08924865722656,2,242.3900726399887,466.56856995444184,2,171.2817094017094,Reorder Required,6175741033.829999,0.9998731518917816,C,Reorder Required - Low Priority
42,25,42_25,9956.74,76.00564885496183,48.38493203307182,131,39690,54.184993743896484,3,138.278514993378,300.83349622506745,2,152.01129770992367,Reorder Required,6175750990.569999,0.9998747639213262,C,Reorder Required - Low Priority
44,59,44_59,9877.85,88.19508928571429,49.106272199804835,112,39910,92.53146362304688,1,81.02534912967798,173.55681275272485,3,264.58526785714287,Stock Sufficient,6175760868.419999,0.9998763631783157,C,Stock Sufficient
30,85,30_85,9877.39,76.56891472868216,55.420460081886574,129,42988,73.51878356933594,1,91.44375913511284,164.96254270444877,6,459.41348837209296,Stock Sufficient,6175770745.809999,0.9998779623608297,C,Review Overstock Risk
16,59,16_59,9767.51,96.7080198019802,123.81683637550913,101,57197,80.87335968017578,2,288.9206912664194,450.66741062677096,2,193.4160396039604,Reorder Required,6175780513.32,0.9998795437534037,C,Reorder Required - Low Priority
20,19,20_19,9627.36,165.98896551724138,266.2366238971907,58,203742,165.98896551724138,1,439.29042943036467,605.2793949476061,4,663.9558620689655,Stock Sufficient,6175790140.679999,0.9998811024552234,C,Stock Sufficient
19,54,19_54,9579.03,82.57784482758622,77.06264712732991,116,203819,126.34175872802734,3,220.23609331397384,599.2613694980558,1,82.57784482758622,Reorder Required,6175799719.709999,0.9998826533322542,C,Reorder Required - Low Priority
43,25,43_25,9534.45,73.34192307692308,91.22662156585444,130,41062,53.66344451904297,3,260.7150868656156,421.7054204227445,5,366.7096153846154,Reorder Required,6175809254.159999,0.9998841969916339,C,Reorder Required - Low Priority
28,54,28_54,9522.95,83.53464912280702,86.59677179476162,114,206302,92.20523834228516,4,285.76934692271334,654.590300291854,2,167.06929824561405,Reorder Required,6175818777.109999,0.9998857387891249,C,Reorder Required - Low Priority
30,12,30_12,9454.85,72.17442748091604,29.10720643415423,131,42988,68.61980438232422,3,83.1850146770789,289.0444278240516,2,144.34885496183207,Reorder Required,6175828231.959999,0.9998872695609982,C,Reorder Required - Low Priority
28,99,28_99,9380.86,323.47793103448276,682.5940566397074,29,206302,188.64857482910156,4,2252.5603869110346,3007.154686227441,2,646.9558620689655,Reorder Required,6175837612.819999,0.9998887883536425,C,Reorder Required - Low Priority
43,87,43_87,9285.8,82.17522123893805,58.06040312371347,113,41062,81.51311492919922,2,135.48118573176794,298.5074155901664,1,82.17522123893805,Reorder Required,6175846898.619999,0.9998902917557545,C,Reorder Required - Low Priority
44,28,44_28,9259.0,70.6793893129771,57.52439991671394,131,39910,70.67195129394531,3,164.39805249558805,376.413906377424,4,282.7175572519084,Reorder Required,6175856157.619999,0.9998917908188568,C,Reorder Required - Low Priority
19,99,19_99,9170.36,316.2193103448276,588.4163836090115,29,203819,325.36053466796875,1,970.8870329548689,1296.2475676228378,2,632.4386206896552,Reorder Required,6175865327.979999,0.9998932755308463,C,Reorder Required - Low Priority
23,60,23_60,9167.4,116.04303797468354,47.047969747047034,79,114533,206.3284912109375,2,109.78419688234844,522.4411793042234,1,116.04303797468354,Reorder Required,6175874495.379998,0.9998947597636019,C,Reorder Required - Low Priority
24,54,24_54,9165.85,79.01594827586207,76.93812826441832,116,203819,132.1450653076172,2,179.53145835098292,443.8215889662173,3,237.04784482758623,Reorder Required,6175883661.229999,0.9998962437454074,C,Reorder Required - Low Priority
1,54,1_54,9135.56,77.42,75.51324099660908,118,151315,136.09561157226562,2,176.20655176765177,448.397774912183,6,464.52,Stock Sufficient,6175892796.789999,0.9998977228231605,C,Review Overstock Risk
15,60,15_60,9061.8,104.15862068965517,60.8314112397881,87,123737,173.10269165039062,3,173.84910668965858,693.1571816408305,4,416.63448275862066,Reorder Required,6175901858.589999,0.9998991899589226,C,Reorder Required - Low Priority
31,54,31_54,8983.67,78.80412280701755,83.32231284215116,114,203750,180.79318237304688,2,194.42864903494575,556.0150137810394,2,157.6082456140351,Reorder Required,6175910842.259999,0.999900644445176,C,Reorder Required - Low Priority
37,25,37_25,8798.32,67.16274809160305,35.93587806621539,131,39910,61.66299057006836,2,83.8546601260956,207.18064126623233,2,134.3254961832061,Reorder Required,6175919640.579999,0.9999020689226438,C,Reorder Required - Low Priority
16,58,16_58,8540.0,854.0,757.0146042918268,10,57197,1174.6917724609375,3,2163.4597985634027,5687.535115946215,2,1708.0,Reorder Required,6175928180.579999,0.9999034515772386,C,Reorder Required - Low Priority
32,54,32_54,8490.31,73.19232758620689,87.19989250449858,116,203007,119.45187377929688,1,143.87982263242264,263.3316964117195,5,365.96163793103443,Stock Sufficient,6175936670.889999,0.9999048261868562,C,Stock Sufficient
30,42,30_42,8447.92,64.4879389312977,22.994094717408757,131,42988,70.77716064453125,4,75.88051256744889,358.9891551455739,7,451.4155725190839,Stock Sufficient,6175945118.809999,0.9999061939333908,C,Review Overstock Risk
38,12,38_12,8361.67,63.82954198473283,21.32829982991523,131,39690,44.761451721191406,2,49.76857195501273,139.29147539739554,6,382.97725190839697,Stock Sufficient,6175953480.48,0.9999075477157615,C,Review Overstock Risk
41,54,41_54,8274.32,70.72068376068376,79.03991156509534,117,196321,122.87574005126953,1,130.4158540824073,253.29159413367682,2,141.4413675213675,Reorder Required,6175961754.799999,0.9999088873558748,C,Reorder Required - Low Priority
26,60,26_60,8242.6,105.67435897435898,40.9554982937925,78,152513,183.6874237060547,2,95.56770488236869,462.94255229447805,2,211.34871794871796,Reorder Required,6175969997.4,0.9999102218604139,C,Reorder Required - Low Priority
36,9,36_9,8223.26,104.09189873417722,79.34890764077653,79,39910,117.61316680908203,2,185.15689721937588,420.38323083753994,1,104.09189873417722,Reorder Required,6175978220.66,0.9999115532337423,C,Reorder Required - Low Priority
30,72,30_72,8189.45,63.48410852713178,38.43695874847385,129,42988,220.47705078125,1,63.420981934981846,283.89803271623185,1,63.48410852713178,Reorder Required,6175986410.11,0.9999128791331183,C,Reorder Required - Low Priority
27,99,27_99,8105.25,324.21,727.2574899522635,25,204184,283.9415283203125,2,1697.0207192860448,2264.90377592667,7,2269.47,Stock Sufficient,6175994515.36,0.9999141914002325,C,Review Overstock Risk
38,59,38_59,8040.03,62.812734375,54.59161349619432,128,39690,50.7028694152832,1,90.07616226872062,140.77903168400383,4,251.2509375,Stock Sufficient,6176002555.389999,0.9999154931080102,C,Stock Sufficient
43,28,43_28,8009.24,76.27847619047618,69.35791814345455,105,41062,167.2736053466797,2,161.84339901912006,496.39060971247943,3,228.83542857142857,Reorder Required,6176010564.629999,0.9999167898307839,C,Reorder Required - Low Priority
36,20,36_20,7818.95,60.612015503875966,44.64606693518488,129,39910,53.4038200378418,4,147.3320208861101,360.94730103747725,1,60.612015503875966,Reorder Required,6176018383.579999,0.9999180557449694,C,Reorder Required - Low Priority
17,54,17_54,7805.15,67.28577586206896,57.10586070815229,116,93188,164.88113403320312,1,94.22467016845128,259.1058042016544,5,336.42887931034477,Stock Sufficient,6176026188.729999,0.9999193194248887,C,Stock Sufficient
35,80,35_80,7689.53,79.27350515463917,79.37519157511313,97,103681,165.5297088623047,2,185.2182295284546,516.277647253064,1,79.27350515463917,Reorder Required,6176033878.259998,0.9999205643855429,C,Reorder Required - Low Priority
12,80,12_80,7672.24,60.41133858267716,60.226887740643996,127,112238,204.2329559326172,2,140.53657441286205,549.0024862780964,5,302.0566929133858,Reorder Required,6176041550.499998,0.9999218065468881,C,Reorder Required - Low Priority
35,98,35_98,7598.23,73.05990384615384,103.8791732725886,104,103681,103.06059265136719,2,242.3971038888292,448.51828919156355,4,292.2396153846154,Reorder Required,6176049148.729998,0.9999230367257665,C,Reorder Required - Low Priority
30,56,30_56,7591.28,93.7195061728395,112.3116915875328,81,42988,149.72756958007812,1,185.31429111942913,335.04186069950725,7,656.0365432098765,Stock Sufficient,6176056740.009997,0.9999242657794167,C,Review Overstock Risk
42,85,42_85,7574.46,59.17546875,31.596197739436423,128,39690,67.1190414428711,1,52.1337262700701,119.25276771294119,1,59.17546875,Reorder Required,6176064314.469997,0.9999254921098527,C,Reorder Required - Low Priority
30,31,30_31,7396.97,64.88570175438596,78.5889552460861,114,42988,115.86824035644531,3,224.59810460996331,572.2028256792993,4,259.54280701754385,Reorder Required,6176071711.439998,0.9999266897040633,C,Reorder Required - Low Priority
9,60,9_60,7348.4,83.50454545454545,36.862041371089134,88,125833,142.58465576171875,2,86.01581809219142,371.1851296156289,2,167.0090909090909,Reorder Required,6176079059.839997,0.9999278794346282,C,Reorder Required - Low Priority
42,28,42_28,7265.51,55.46190839694657,22.841460081126563,131,39690,45.952301025390625,2,53.299459341369186,145.20406139215044,2,110.92381679389314,Reorder Required,6176086325.3499975,0.9999290557450247,C,Reorder Required - Low Priority
5,59,5_59,7123.46,85.82481927710843,133.98863784520418,83,34875,164.59373474121094,2,312.65610559356475,641.8435750759866,4,343.2992771084337,Reorder Required,6176093448.809998,0.9999302090570505,C,Reorder Required - Low Priority
1,99,1_99,7040.36,281.6144,478.0814810615446,25,151315,338.2919921875,3,1366.3013353380156,2381.1773119005156,5,1408.072,Reorder Required,6176100489.169997,0.999931348914908,C,Reorder Required - Low Priority
33,20,33_20,6979.49,55.39277777777777,39.11981627030247,126,39690,35.217445373535156,2,91.28422829955895,161.71911904662926,7,387.7494444444444,Stock Sufficient,6176107468.659997,0.9999324789177088,C,Review Overstock Risk
38,25,38_25,6940.4400000000005,53.388000000000005,35.45527186393777,130,39690,48.04141616821289,4,117.00239715099463,309.1680618238462,6,320.32800000000003,Stock Sufficient,6176114409.099997,0.9999336025981836,C,Review Overstock Risk
7,59,7_59,6916.11,68.47633663366337,76.07317656996811,101,70713,121.7293701171875,3,217.40830140536602,582.5964117569285,6,410.85801980198016,Reorder Required,6176121325.209996,0.9999347223395502,C,Reorder Required - Low Priority
33,42,33_42,6847.0,58.02542372881356,28.04032174986609,118,39690,48.0844841003418,4,92.53306177455809,284.87099817592525,5,290.12711864406776,Stock Sufficient,6176128172.209996,0.9999358308917763,C,Stock Sufficient
34,60,34_60,6802.400000000001,72.36595744680852,31.640094861376113,94,158114,104.01457977294922,2,73.83065459175347,281.85981413765194,7,506.56170212765966,Stock Sufficient,6176134974.609996,0.999936932223113,C,Review Overstock Risk
38,56,38_56,6647.65,116.62543859649122,145.7919115440881,57,39690,81.3443374633789,2,340.1984826734142,502.88715760017203,7,816.3780701754386,Stock Sufficient,6176141622.259995,0.9999380084999065,C,Review Overstock Risk
8,54,8_54,6625.4,59.688288288288284,58.742523700295436,111,155078,138.97772216796875,2,137.07288161321827,415.02832594915577,2,119.37657657657657,Reorder Required,6176148247.659995,0.9999390811743506,C,Reorder Required - Low Priority
7,54,7_54,6557.46,59.07621621621622,55.14749073750984,111,70713,92.5069808959961,2,128.68404339752124,313.6980051895134,8,472.60972972972974,Stock Sufficient,6176154805.119995,0.9999401428490813,C,Review Overstock Risk
44,42,44_42,6399.81,52.0309756097561,26.037850929130016,123,39910,67.76422882080078,2,60.75808516639053,196.28654280799208,6,312.1858536585366,Stock Sufficient,6176161204.929996,0.9999411789997491,C,Review Overstock Risk
16,54,16_54,6354.5,61.10096153846154,58.66263809107403,104,57197,60.63568878173828,2,136.88647234841935,258.15784991189594,2,122.20192307692308,Reorder Required,6176167559.429996,0.9999422078145761,C,Reorder Required - Low Priority
42,31,42_31,6226.4,56.09369369369369,121.51286777298284,111,39690,91.57318878173828,2,283.5444902522115,466.6908678156881,8,448.7495495495495,Reorder Required,6176173785.829995,0.9999432158895842,C,Reorder Required - Low Priority
24,99,24_99,5933.41,228.20807692307693,486.90144824610445,26,203819,366.8931579589844,2,1136.1613422204252,1869.947658138394,6,1369.2484615384615,Reorder Required,6176179719.239995,0.9999441765285303,C,Reorder Required - Low Priority
37,6,37_6,5740.3,47.4404958677686,32.57833448912635,121,39910,151.50466918945312,2,76.01999208218191,379.0293304610882,8,379.5239669421488,Stock Sufficient,6176185459.539995,0.9999451059023209,C,Review Overstock Risk
15,80,15_80,5692.59,46.6605737704918,44.40554937584429,122,123737,122.064208984375,3,126.90590163400174,493.09852858712674,3,139.9817213114754,Reorder Required,6176191152.129995,0.9999460275517026,C,Reorder Required - Low Priority
34,99,34_99,5470.36,237.84173913043477,566.5477946591986,23,158114,207.6591796875,2,1322.01229865035,1737.33065802535,7,1664.8921739130435,Reorder Required,6176196622.489995,0.9999469132213032,C,Reorder Required - Low Priority
30,25,30_25,5455.67,42.622421875,27.85343874629932,128,42988,62.34558868408203,4,91.91634786278776,341.29870259911587,1,42.622421875,Reorder Required,6176202078.159995,0.9999477965125437,C,Reorder Required - Low Priority
26,54,26_54,5409.3,48.73243243243243,48.632575973802446,111,152513,173.26422119140625,3,138.98625260780582,658.7789161820245,1,48.73243243243243,Reorder Required,6176207487.459995,0.999948672296326,C,Reorder Required - Low Priority
42,32,42_32,5326.27,41.28891472868217,33.25722325770725,129,39690,45.50267791748047,1,54.87441837521696,100.37709629269743,7,289.0224031007752,Stock Sufficient,6176212813.729996,0.9999495346372732,C,Review Overstock Risk
15,54,15_54,5229.58,55.04821052631579,61.758686648527025,95,123737,181.78538513183594,4,203.80366594013918,930.9452064674829,1,55.04821052631579,Reorder Required,6176218043.309996,0.9999503813237857,C,Reorder Required - Low Priority
31,19,31_19,5222.12,40.7978125,27.926107163707897,128,203750,142.094970703125,3,79.8095701675062,506.0944822768812,8,326.3825,Reorder Required,6176223265.429996,0.999951226802499,C,Reorder Required - Low Priority
38,32,38_32,5198.12,44.05186440677966,29.72578753132582,118,39690,49.472999572753906,3,84.95284759376868,233.3718463120304,3,132.15559322033897,Reorder Required,6176228463.549995,0.9999520683955322,C,Reorder Required - Low Priority
3,54,3_54,5126.2,51.779797979797976,41.58361701488224,99,37392,67.18159484863281,3,118.84114676323178,320.3859313091302,7,362.4585858585858,Stock Sufficient,6176233589.749995,0.9999528983444764,C,Review Overstock Risk
43,52,43_52,5009.71,38.83496124031008,29.20266027918173,129,41062,53.11436080932617,2,68.14301706991824,174.3717386885706,5,194.17480620155038,Stock Sufficient,6176238599.459995,0.9999537094332996,C,Stock Sufficient
38,6,38_6,4882.09,39.69178861788618,23.98977586295777,123,39690,120.2095718383789,3,68.5599925837734,429.1887080989101,2,79.38357723577236,Reorder Required,6176243481.549995,0.9999544998600176,C,Reorder Required - Low Priority
34,54,34_54,4656.57,47.0360606060606,54.75958797451955,99,158114,99.12535858154297,1,90.35332015795724,189.4786787395002,3,141.1081818181818,Reorder Required,6176248138.119995,0.9999552537742924,C,Reorder Required - Low Priority
33,9,33_9,4525.94,44.37196078431372,42.535528493673034,102,39690,33.917320251464844,2,99.25463010945839,167.08927061238808,5,221.8598039215686,Stock Sufficient,6176252664.059995,0.9999559865391328,C,Stock Sufficient
44,25,44_25,4492.94,34.297251908396944,22.28340013599068,131,39910,67.76422882080078,2,51.99725303537241,187.52571067697397,8,274.37801526717556,Stock Sufficient,6176257156.999994,0.9999567139611626,C,Review Overstock Risk
45,54,45_54,4450.59,47.346702127659576,50.22527188894969,94,118221,171.50343322753906,2,117.19828012072755,460.20514657580566,4,189.3868085106383,Reorder Required,6176261607.589994,0.9999574345265857,C,Reorder Required - Low Priority
30,32,30_32,4323.42,39.66440366972477,34.33154198215657,109,42988,61.95542907714844,1,56.64704427055834,118.60247334770678,1,39.66440366972477,Reorder Required,6176265931.0099945,0.99995813450276,C,Reorder Required - Low Priority
25,54,25_54,4278.56,47.017142857142865,47.188189630827345,91,128107,134.5570068359375,3,134.85836423034988,538.5293847381624,8,376.1371428571429,Reorder Required,6176270209.569995,0.9999588272159502,C,Reorder Required - Low Priority
9,54,9_54,4270.22,50.835952380952385,40.04769021870208,84,125833,187.24510192871094,3,114.45164640454242,676.1869521906752,3,152.50785714285715,Reorder Required,6176274479.789995,0.9999595185788664,C,Reorder Required - Low Priority
36,12,36_12,4228.81,36.143675213675216,16.101405785611234,117,39910,52.82910919189453,1,26.567319546258535,79.39642873815306,7,253.00572649572652,Stock Sufficient,6176278708.599996,0.999960203237365,C,Review Overstock Risk
37,52,37_52,4208.32,32.124580152671754,31.889950267938694,131,39910,56.65056228637695,3,91.137773289609,261.0894601487399,2,64.24916030534351,Reorder Required,6176282916.919995,0.9999608845784639,C,Reorder Required - Low Priority
44,6,44_6,4161.84,34.97344537815126,25.799307717586863,119,39910,188.4553985595703,4,85.13771546803665,838.9593097063179,1,34.97344537815126,Reorder Required,6176287078.759995,0.9999615583942951,C,Reorder Required - Low Priority
42,52,42_52,4151.56,31.935076923076927,14.584159892207667,130,39690,45.50267791748047,3,41.679834766369666,178.18786851881106,6,191.61046153846155,Stock Sufficient,6176291230.319996,0.9999622305457601,C,Review Overstock Risk
23,45,23_45,4128.85,40.08592233009709,26.287170822974872,103,114533,220.2395477294922,3,75.12568049684717,735.8443236853237,7,280.6014563106796,Reorder Required,6176295359.169996,0.9999628990203999,C,Reorder Required - Low Priority
38,20,38_20,4109.29,55.530945945945945,56.77554596515011,74,39690,52.559139251708984,3,162.25791489451856,319.9353326496455,7,388.7166216216216,Stock Sufficient,6176299468.459996,0.9999635643282103,C,Review Overstock Risk
44,32,44_32,4085.33,34.330504201680675,20.510148825115138,119,39910,77.44483184814453,3,58.61562272923258,290.9501182736662,7,240.31352941176473,Reorder Required,6176303553.789996,0.9999642257568163,C,Reorder Required - Low Priority
43,6,43_6,3884.78,38.463168316831684,33.36710589579783,101,41062,131.05084228515625,1,55.055724728066416,186.10656701322267,5,192.31584158415842,Stock Sufficient,6176307438.569996,0.999964854715706,C,Stock Sufficient
17,41,17_41,3878.81,38.02754901960784,43.87489289566966,102,93188,123.0816650390625,1,72.39357327785494,195.47523831691745,3,114.08264705882351,Reorder Required,6176311317.379996,0.9999654827080325,C,Reorder Required - Low Priority
29,80,29_80,3849.5,33.76754385964912,33.35400750918603,114,93638,124.25284576416016,4,110.0682247803139,607.0796078369546,7,236.37280701754386,Reorder Required,6176315166.879996,0.999966105954972,C,Reorder Required - Low Priority
5,54,5_54,3844.94,44.708604651162794,46.995197005220724,86,34875,1.4584872722625732,1,77.54207505861419,79.00056233087676,6,268.25162790697675,Stock Sufficient,6176319011.819996,0.9999667284636321,C,Review Overstock Risk
37,20,37_20,3764.63,63.807288135593225,64.5021550784187,59,39910,63.807288135593225,1,106.42855587939084,170.23584401498408,4,255.2291525423729,Stock Sufficient,6176322776.449996,0.9999673379698344,C,Stock Sufficient
26,99,26_99,3735.21,155.63375,309.9055864475712,24,152513,354.81829833984375,2,723.1499276254157,1432.7865243051033,5,778.1687499999999,Reorder Required,6176326511.659996,0.9999679427128402,C,Reorder Required - Low Priority
38,23,38_23,3722.46,39.600638297872344,34.77348909261504,94,39690,45.6617431640625,4,114.75251400562962,297.3994866618796,8,316.80510638297875,Stock Sufficient,6176330234.119996,0.9999685453915783,C,Review Overstock Risk
43,85,43_85,3687.02,76.81291666666667,83.81273865901782,48,41062,129.7247772216797,4,276.58203757475883,795.4811464614776,1,76.81291666666667,Reorder Required,6176333921.139997,0.9999691423324618,C,Reorder Required - Low Priority
43,20,43_20,3559.02,44.48775,40.672333736611165,80,41062,73.57424926757812,3,116.23680501544361,336.959552818178,3,133.46325,Reorder Required,6176337480.159997,0.9999697185497167,C,Reorder Required - Low Priority
29,54,29_54,3519.7200000000003,38.25782608695653,37.82884706077419,92,93638,60.7829475402832,2,88.27181312776935,209.83770820833575,5,191.28913043478263,Reorder Required,6176340999.879997,0.99997028840417,C,Reorder Required - Low Priority
33,55,33_55,3440.1,31.852777777777778,23.538023397959012,108,39690,41.29253387451172,1,38.83773860663237,80.13027248114409,2,63.705555555555556,Reorder Required,6176344439.979998,0.9999708453678787,C,Reorder Required - Low Priority
38,31,38_31,3419.73,31.960093457943927,51.36895910396808,107,39690,62.22104263305664,2,119.86701977220389,244.30910503831717,7,223.7206542056075,Reorder Required,6176347859.709997,0.9999713990336161,C,Reorder Required - Low Priority
42,23,42_23,3357.01,46.62513888888889,32.164159871853144,72,39690,45.50267791748047,1,53.07086378855769,98.57354170603816,2,93.25027777777778,Reorder Required,6176351216.719997,0.9999719425447755,C,Reorder Required - Low Priority
30,20,30_20,3288.2,45.669444444444444,41.31994600329459,72,42988,60.463775634765625,4,136.35582181087213,378.21092434993466,6,274.01666666666665,Reorder Required,6176354504.919997,0.9999724749153656,C,Reorder Required - Low Priority
44,52,44_52,3270.89,24.968625954198473,15.751779082101205,131,39910,77.1407470703125,3,45.016754771669895,276.43899598260737,2,49.937251908396945,Reorder Required,6176357775.809998,0.9999730044834086,C,Reorder Required - Low Priority
37,23,37_23,3230.37,43.0716,22.678528423587355,75,39910,57.53837203979492,2,52.9192660776466,167.99601015723644,8,344.5728,Stock Sufficient,6176361006.179997,0.999973527491128,C,Review Overstock Risk
30,6,30_6,3110.5,27.52654867256637,22.72757378831742,113,42988,130.8137969970703,3,64.9527656813251,457.39415667253604,2,55.05309734513274,Reorder Required,6176364116.679997,0.9999740310914931,C,Reorder Required - Low Priority
42,20,42_20,3105.9900000000002,66.08489361702128,82.98291204066841,47,39690,81.0516586303711,2,193.63667342765936,355.7399906884016,3,198.25468085106382,Reorder Required,6176367222.669997,0.9999745339616739,C,Reorder Required - Low Priority
29,19,29_19,3004.98,41.73583333333333,66.35201351795831,72,93638,69.57865905761719,4,218.9616446092624,497.27628083973116,5,208.67916666666667,Reorder Required,6176370227.649997,0.9999750204779976,C,Reorder Required - Low Priority
14,51,14_51,2909.54,34.63738095238095,42.42316402709721,84,200898,125.50032806396484,2,98.99243297773381,349.9930891056635,4,138.5495238095238,Reorder Required,6176373137.189997,0.9999754915422657,C,Reorder Required - Low Priority
36,31,36_31,2813.5,90.75806451612904,95.39775250390178,31,39910,102.49455261230469,2,222.60611242803415,427.59521765264356,6,544.5483870967743,Stock Sufficient,6176375950.689997,0.9999759470573363,C,Review Overstock Risk
38,52,38_52,2760.27,21.070763358778624,10.881429389866344,131,39690,45.9892463684082,3,31.09786112766583,169.06560023289043,4,84.2830534351145,Reorder Required,6176378710.959997,0.9999763939542917,C,Reorder Required - Low Priority
21,80,21_80,2725.5099999999998,40.0810294117647,42.52880481771152,68,140167,133.73306274414062,2,99.23894073179767,366.70506622007895,6,240.48617647058822,Reorder Required,6176381436.469997,0.9999768352234867,C,Reorder Required - Low Priority
44,26,44_26,2596.96,129.848,41.76319591017405,20,39910,122.07552337646484,2,97.45242880595097,341.60347555888063,5,649.24,Stock Sufficient,6176384033.429997,0.9999772556800062,C,Stock Sufficient
43,31,43_31,2592.9,28.810000000000002,30.59398064465285,90,41062,54.479713439941406,3,87.43404265582397,250.8731829756482,5,144.05,Reorder Required,6176386626.329997,0.999977675479198,C,Reorder Required - Low Priority
33,12,33_12,2589.92,21.764033613445378,11.453573590755882,119,39690,30.395557403564453,1,18.898396424747204,49.29395382831166,2,43.528067226890755,Reorder Required,6176389216.249997,0.999978094795918,C,Reorder Required - Low Priority
33,25,33_25,2537.11,30.203690476190477,31.457804700546724,84,39690,173.0692138671875,2,73.40528918249551,419.5437169168705,1,30.203690476190477,Reorder Required,6176391753.359997,0.9999785055625221,C,Reorder Required - Low Priority
37,32,37_32,2507.99,119.42809523809522,74.73842101750931,21,39910,43.14592361450195,2,174.39854624496488,260.6903934739688,1,119.42809523809522,Reorder Required,6176394261.349997,0.9999789116145007,C,Reorder Required - Low Priority
8,99,8_99,2505.38,108.92956521739131,152.83209219384463,23,155078,194.7711639404297,3,436.7763653662029,1021.089857187492,2,217.85913043478263,Reorder Required,6176396766.729997,0.9999793172439115,C,Reorder Required - Low Priority
17,49,17_49,2500.06,43.10448275862069,37.28967498187781,58,93188,101.15739440917969,4,123.05592744019677,527.6855050769155,2,86.20896551724138,Reorder Required,6176399266.789997,0.9999797220119967,C,Reorder Required - Low Priority
16,51,16_51,2430.16,37.38707692307692,45.05252912306494,65,57197,37.38707692307692,2,105.12793121332803,179.90208505948186,8,299.09661538461535,Stock Sufficient,6176401696.949997,0.9999801154630377,C,Review Overstock Risk
40,49,40_49,2420.47,41.73224137931034,22.326311363469973,58,155083,117.03546142578125,1,36.838413749725454,153.8738751755067,7,292.1256896551724,Stock Sufficient,6176404117.419997,0.9999805073452354,C,Review Overstock Risk
16,49,16_49,2344.81,49.88957446808511,26.83003410824833,47,57197,108.18331909179688,3,76.67712070308185,401.2270779784725,6,299.33744680851066,Reorder Required,6176406462.229998,0.9999808869778256,C,Reorder Required - Low Priority
34,19,34_19,2339.72,35.9956923076923,40.05518259887035,65,158114,157.39088439941406,2,93.46686108317785,408.24862988200596,5,179.97846153846152,Reorder Required,6176408801.949998,0.9999812657863278,C,Reorder Required - Low Priority
30,52,30_52,2326.59,17.896846153846155,10.422541539696088,130,42988,60.01415252685547,3,29.78641295973878,209.8288705403052,1,17.896846153846155,Reorder Required,6176411128.539998,0.9999816424690391,C,Reorder Required - Low Priority
42,27,42_27,2279.47,33.03579710144927,25.98541261632341,69,39690,52.357933044433594,1,42.875930816933625,95.23386386136721,1,33.03579710144927,Reorder Required,6176413408.009998,0.9999820115228646,C,Reorder Required - Low Priority
16,98,16_98,2222.69,34.72953125,34.252048272882845,64,57197,52.95208740234375,3,97.88837498869258,256.74463719572384,4,138.918125,Reorder Required,6176415630.699998,0.9999823713838178,C,Reorder Required - Low Priority
7,49,7_49,2222.65,35.8491935483871,24.481280791148155,62,70713,105.81576538085938,2,57.125902876524336,268.75743363824307,3,107.5475806451613,Reorder Required,6176417853.3499975,0.999982731238295,C,Reorder Required - Low Priority
45,49,45_49,2209.83,49.10733333333333,31.900937176316184,45,118221,102.81497955322266,1,52.6365463409217,155.45152589414437,8,392.85866666666664,Stock Sufficient,6176420063.179997,0.9999830890171713,C,Review Overstock Risk
7,19,7_19,2180.71,57.3871052631579,61.97619625473022,38,70713,57.3871052631579,3,177.12076927553696,349.2820850650106,6,344.3226315789474,Reorder Required,6176422243.8899975,0.999983442081422,C,Reorder Required - Low Priority
33,22,33_22,2180.22,38.9325,24.13916788879924,56,39690,42.650489807128906,4,79.65925403303748,250.2612132615531,3,116.79749999999999,Reorder Required,6176424424.109998,0.9999837950663402,C,Reorder Required - Low Priority
9,49,9_49,2177.95,38.89196428571428,27.95168268928255,56,125833,101.04739379882812,2,65.22392043804888,267.31870803570513,8,311.13571428571424,Stock Sufficient,6176426602.059998,0.9999841476837377,C,Review Overstock Risk
12,45,12_45,2095.13,30.364202898550726,28.838789054582328,69,112238,30.364202898550726,1,47.58400194006084,77.94820483861156,5,151.82101449275362,Stock Sufficient,6176428697.189998,0.9999844868922999,C,Stock Sufficient
17,45,17_45,2047.96,22.021075268817206,20.887596770122443,93,93188,110.39722442626953,3,59.69432510887502,390.8859983876836,8,176.16860215053765,Reorder Required,6176430745.149998,0.9999848184638812,C,Reorder Required - Low Priority
33,59,33_59,2033.0,28.23611111111111,48.59091054385005,72,39690,28.23611111111111,1,80.17500239735259,108.4111135084637,2,56.47222222222222,Reorder Required,6176432778.149998,0.9999851476133884,C,Reorder Required - Low Priority
44,20,44_20,2002.37,34.52362068965517,31.167755025463155,58,39910,79.12293243408203,1,51.426795792014204,130.54972822609625,1,34.52362068965517,Reorder Required,6176434780.519998,0.999985471803796,C,Reorder Required - Low Priority
5,19,5_19,1985.2,47.266666666666666,38.33856739099018,42,34875,68.78143310546875,2,89.46122124438378,227.02408745532128,2,94.53333333333333,Reorder Required,6176436765.719997,0.9999857932143231,C,Reorder Required - Low Priority
6,45,6_45,1961.52,36.324444444444445,38.641157433476835,54,202505,36.324444444444445,3,110.43193909778196,219.4052724311153,8,290.59555555555556,Stock Sufficient,6176438727.239998,0.9999861107909791,C,Review Overstock Risk
41,45,41_45,1869.26,25.606301369863015,22.769777087844687,73,196321,131.4475555419922,2,53.13219049023949,316.0273015742239,4,102.42520547945206,Reorder Required,6176440596.499998,0.999986413430432,C,Reorder Required - Low Priority
22,45,22_45,1854.8300000000002,26.881594202898555,17.785325380541416,69,119557,26.881594202898555,1,29.345786877893335,56.227381080791886,5,134.40797101449277,Stock Sufficient,6176442451.329998,0.9999867137336196,C,Stock Sufficient
10,45,10_45,1847.0,27.984848484848484,21.679738732631247,66,126512,0.0,1,35.77156890884156,35.77156890884156,7,195.89393939393938,Stock Sufficient,6176444298.329998,0.999987012769104,C,Review Overstock Risk
5,49,5_49,1823.65,41.44659090909091,31.42206763756087,44,34875,70.5226821899414,1,51.84641160197543,122.36909379191684,4,165.78636363636363,Stock Sufficient,6176446121.979998,0.9999873080241451,C,Stock Sufficient
26,45,26_45,1810.46,31.762456140350878,24.74834296622574,57,152513,31.762456140350878,4,81.66953178854493,208.71935634994844,6,190.57473684210527,Reorder Required,6176447932.439998,0.9999876011436812,C,Reorder Required - Low Priority
43,22,43_22,1793.06,85.38380952380952,97.20294745923042,21,41062,33.66740036010742,2,226.818448889147,294.15324960936186,2,170.76761904761904,Reorder Required,6176449725.499998,0.999987891446099,C,Reorder Required - Low Priority
36,56,36_56,1783.3,137.17692307692306,203.93942721572236,13,39910,137.17692307692306,2,475.8829413872741,750.2367875411203,8,1097.4153846153845,Stock Sufficient,6176451508.799998,0.9999881801683402,C,Review Overstock Risk
7,45,7_45,1747.33,23.936027397260272,22.662336518974364,73,70713,77.51475524902344,1,37.3928552563077,114.90761050533114,5,119.68013698630136,Stock Sufficient,6176453256.129998,0.9999884630669178,C,Stock Sufficient
13,45,13_45,1732.29,21.92772151898734,17.52305470013771,79,219622,90.29288482666016,1,28.91304025522722,119.20592508188737,4,87.71088607594936,Reorder Required,6176454988.419998,0.9999887435304692,C,Reorder Required - Low Priority
37,27,37_27,1729.53,24.35957746478873,14.293752924828956,71,39910,64.74349975585938,4,47.16938465193555,306.14338367537306,1,24.35957746478873,Reorder Required,6176456717.949998,0.9999890235471671,C,Reorder Required - Low Priority
40,99,40_99,1710.47,71.26958333333333,122.41240681931345,24,155083,256.297607421875,3,349.84043834493895,1118.733260610564,5,356.34791666666666,Reorder Required,6176458428.419998,0.9999893004779875,C,Reorder Required - Low Priority
29,49,29_49,1675.34,44.0878947368421,25.82249837787015,38,93638,44.0878947368421,1,42.60712232348575,86.69501706032784,3,132.26368421052632,Stock Sufficient,6176460103.759998,0.9999895717211431,C,Stock Sufficient
36,59,36_59,1664.93,26.853709677419356,31.081357136111798,62,39910,26.853709677419356,1,51.284239274584465,78.13794895200382,5,134.26854838709679,Stock Sufficient,6176461768.689999,0.9999898412788849,C,Stock Sufficient
33,41,33_41,1634.5,32.69,23.382770999003444,50,39690,42.650489807128906,3,66.82524319683635,194.7767126182231,3,98.07,Reorder Required,6176463403.189999,0.9999901059099078,C,Reorder Required - Low Priority
35,51,35_51,1606.46,22.311944444444446,26.327288239107336,72,103681,22.311944444444446,1,43.4400255945271,65.75197003897155,1,22.311944444444446,Reorder Required,6176465009.649999,0.9999903660011608,C,Reorder Required - Low Priority
28,45,28_45,1566.31,30.121346153846154,40.846015574942136,52,206302,30.121346153846154,1,67.39592569865452,97.51727185250067,3,90.36403846153846,Reorder Required,6176466575.959999,0.9999906195919944,C,Reorder Required - Low Priority
12,49,12_49,1510.16,40.81513513513514,31.27244248550166,37,112238,40.81513513513514,1,51.59953010107774,92.41466523621287,3,122.44540540540541,Stock Sufficient,6176468086.119999,0.9999908640919549,C,Stock Sufficient
44,23,44_23,1484.91,17.469529411764707,10.774475891118385,85,39910,66.95936584472656,1,17.777885220345336,84.7372510650719,5,87.34764705882354,Stock Sufficient,6176469571.029999,0.9999911045038559,C,Stock Sufficient
2,45,2_45,1476.03,28.385192307692307,30.836586271886013,52,202307,32.624473571777344,3,88.12738135556441,186.00080207089644,1,28.385192307692307,Reorder Required,6176471047.0599985,0.9999913434780551,C,Reorder Required - Low Priority
36,25,36_25,1464.11,14.6411,18.92147088346832,100,39910,27.08896255493164,4,62.44085391544545,170.796704135172,4,58.5644,Reorder Required,6176472511.169998,0.9999915805223664,C,Reorder Required - Low Priority
37,22,37_22,1463.67,77.03526315789475,42.03444187917293,19,39910,78.60765838623047,2,98.08536835731145,255.30068512977238,2,154.0705263157895,Reorder Required,6176473974.839998,0.9999918174954403,C,Reorder Required - Low Priority
22,51,22_51,1456.92,36.423,33.03342830589985,40,119557,36.423,3,94.40570068710402,203.674700687104,7,254.961,Stock Sufficient,6176475431.759998,0.9999920533756665,C,Review Overstock Risk
33,52,33_52,1415.65,19.130405405405405,17.697234319890807,74,39690,120.24413299560547,3,50.576639842579155,411.30903882939555,7,133.91283783783783,Reorder Required,6176476847.409998,0.9999922825741415,C,Reorder Required - Low Priority
32,51,32_51,1385.41,23.481525423728815,28.191761746857605,59,203007,23.481525423728815,2,65.78413348583513,112.74718433329275,4,93.92610169491526,Reorder Required,6176478232.819998,0.9999925068766594,C,Reorder Required - Low Priority
1,45,1_45,1357.63,23.010677966101696,17.60215483129412,59,151315,80.0233154296875,2,41.073790047521946,201.12042090689695,7,161.07474576271187,Reorder Required,6176479590.449998,0.9999927266815022,C,Reorder Required - Low Priority
42,22,42_22,1250.82,178.6885714285714,142.40182248699998,7,39690,178.6885714285714,1,234.96300710354996,413.65157853212133,6,1072.1314285714284,Stock Sufficient,6176480841.269998,0.9999929291934483,C,Review Overstock Risk
23,51,23_51,1227.32,34.09222222222222,28.453658475403838,36,114533,34.09222222222222,2,66.39525702982965,134.5797014742741,6,204.5533333333333,Stock Sufficient,6176482068.589997,0.9999931279006657,C,Review Overstock Risk
38,22,38_22,1223.08,50.961666666666666,50.568513976555614,24,39690,165.74085998535156,2,117.9992191862523,449.4809391569554,4,203.84666666666666,Reorder Required,6176483291.669997,0.9999933259214131,C,Reorder Required - Low Priority
32,45,32_45,1215.86,18.9978125,17.67071323546392,64,203007,96.47628784179688,2,41.233767818758075,234.18634350235183,2,37.995625,Reorder Required,6176484507.529997,0.9999935227732181,C,Reorder Required - Low Priority
11,45,11_45,1173.99,20.596315789473685,35.07285604034932,57,207499,20.596315789473685,2,81.84083932764487,123.03347090659224,3,61.788947368421056,Reorder Required,6176485681.519997,0.99999371284613,C,Reorder Required - Low Priority
7,51,7_51,1164.64,44.79384615384616,55.9987067762764,26,70713,44.79384615384616,4,184.7957323617121,363.97111697709676,8,358.3507692307693,Reorder Required,6176486846.159997,0.9999939014052457,C,Reorder Required - Low Priority
34,51,34_51,1163.97,20.78517857142857,24.686741380091707,56,158114,20.78517857142857,2,57.6053353763626,99.17569251921975,4,83.14071428571428,Reorder Required,6176488010.129997,0.9999940898558861,C,Reorder Required - Low Priority
20,47,20_47,1127.92,125.32444444444445,252.40203520926246,9,203742,158.54624938964844,1,416.46335809528307,575.0096074849315,8,1002.5955555555556,Stock Sufficient,6176489138.049997,0.9999942724699108,C,Review Overstock Risk
39,45,39_45,1114.06,19.89392857142857,13.246630676731133,56,184109,19.89392857142857,1,21.85694061660637,41.75086918803494,8,159.15142857142857,Stock Sufficient,6176490252.109998,0.9999944528399551,C,Review Overstock Risk
5,45,5_45,1090.65,19.47589285714286,15.232264533701983,56,34875,19.47589285714286,2,35.54376389720645,74.49554961149218,1,19.47589285714286,Reorder Required,6176491342.759997,0.999994629419842,C,Reorder Required - Low Priority
41,51,41_51,1071.66,17.28483870967742,19.24167460947299,62,196321,17.28483870967742,1,31.748763105630434,49.033601815307854,3,51.85451612903226,Stock Sufficient,6176492414.419997,0.9999948029251842,C,Stock Sufficient
16,45,16_45,1047.1499999999999,19.757547169811318,16.82171214939654,53,57197,30.47762107849121,4,55.511650093008576,177.4221344069734,2,39.515094339622635,Reorder Required,6176493461.569997,0.9999949724622753,C,Reorder Required - Low Priority
30,22,30_22,996.07,52.42473684210527,47.62978670822855,19,42988,164.96238708496094,1,78.5891480685771,243.55153515353805,5,262.12368421052633,Stock Sufficient,6176494457.639997,0.9999951337293435,C,Stock Sufficient
13,51,13_51,981.82,24.5455,33.81957678775068,40,219622,24.5455,3,96.652421723321,170.28892172332098,2,49.091,Reorder Required,6176495439.459996,0.9999952926892889,C,Reorder Required - Low Priority
39,51,39_51,939.46,16.197586206896553,15.638951742851724,58,184109,16.197586206896553,3,44.69430734296609,93.28706596365575,2,32.395172413793105,Reorder Required,6176496378.919996,0.9999954447910085,C,Reorder Required - Low Priority
3,98,3_98,901.99,37.58291666666667,35.27405925521728,24,37392,37.58291666666667,1,58.20219777110851,95.78511443777518,5,187.91458333333335,Stock Sufficient,6176497280.909996,0.9999955908262097,C,Stock Sufficient
24,45,24_45,895.19,22.37975,20.184591798937713,40,203819,22.37975,4,66.60915293649445,156.12815293649447,1,22.37975,Reorder Required,6176498176.099996,0.999995735760468,C,Reorder Required - Low Priority
40,51,40_51,891.4100000000001,22.85666666666667,30.420644334964145,39,155083,22.85666666666667,2,70.98512486114701,116.69845819448035,7,159.99666666666667,Stock Sufficient,6176499067.509995,0.9999958800827318,C,Review Overstock Risk
19,51,19_51,889.0400000000001,27.782500000000002,34.98805611873489,32,203819,27.782500000000002,2,81.64296274890663,137.20796274890662,8,222.26000000000002,Stock Sufficient,6176499956.549995,0.9999960240212845,C,Review Overstock Risk
42,49,42_49,884.34,34.01307692307692,12.145128659419223,26,39690,45.50267791748047,1,20.039462288041715,65.54214020552219,1,34.01307692307692,Reorder Required,6176500840.889996,0.9999961671988916,C,Reorder Required - Low Priority
10,47,10_47,875.0,175.0,198.5472236018424,5,126512,481.8892517089844,4,655.2058378860798,2582.7628447220172,1,175.0,Reorder Required,6176501715.889996,0.9999963088643214,C,Reorder Required - Low Priority
43,32,43_32,873.13,19.40288888888889,14.631875170671089,45,41062,61.89478302001953,1,24.142594031607295,86.03737705162683,3,58.208666666666666,Reorder Required,6176502589.019996,0.999996450226992,C,Reorder Required - Low Priority
33,31,33_31,849.9,40.47142857142857,39.80909522781375,21,39690,42.115535736083984,2,92.89262792201083,177.1236993941788,7,283.29999999999995,Stock Sufficient,6176503438.919995,0.9999965878286476,C,Review Overstock Risk
44,31,44_31,849.6800000000001,12.314202898550725,14.37934347738379,69,39910,77.99315643310547,2,33.55351323016648,189.53982609637742,4,49.2568115942029,Reorder Required,6176504288.599996,0.9999967253946848,C,Reorder Required - Low Priority
29,51,29_51,828.49,18.82931818181818,12.893381463790815,44,93638,18.82931818181818,3,36.84778643147658,93.33574097693112,4,75.31727272727272,Reorder Required,6176505117.089995,0.9999968595299898,C,Reorder Required - Low Priority
1,51,1_51,822.93,39.18714285714285,41.94948153944899,21,151315,39.18714285714285,2,97.88711745055409,176.2614031648398,8,313.4971428571428,Stock Sufficient,6176505940.019996,0.9999969927651123,C,Review Overstock Risk
40,45,40_45,812.71,18.47068181818182,16.076673466761434,44,155083,107.43473815917969,2,37.514151929987214,252.38362824834658,8,147.76545454545456,Reorder Required,6176506752.729996,0.9999971243455825,C,Reorder Required - Low Priority
30,41,30_41,761.5,26.25862068965517,34.203401744368925,29,42988,78.48636627197266,2,79.81200913320048,236.7847416771458,4,105.03448275862068,Reorder Required,6176507514.229996,0.9999972476349823,C,Reorder Required - Low Priority
34,45,34_45,704.48,19.04,19.67060186618035,37,158114,19.04,1,32.45649307919757,51.49649307919757,6,114.24,Stock Sufficient,6176508218.709995,0.9999973616926531,C,Review Overstock Risk
3,49,3_49,699.92,16.664761904761903,9.186446070453066,42,37392,74.78250122070312,1,15.157636016247558,89.94013723695068,7,116.65333333333332,Stock Sufficient,6176508918.629995,0.9999974750120446,C,Review Overstock Risk
44,27,44_27,696.66,13.397307692307692,6.682150386351838,52,39910,49.65450668334961,2,15.592479708622388,114.90149307532161,7,93.78115384615384,Reorder Required,6176509615.289995,0.9999975878036313,C,Reorder Required - Low Priority
38,27,38_27,647.13,12.444807692307693,8.507174017628545,52,39690,45.9892463684082,3,24.31251508514811,162.28025419037272,6,74.66884615384616,Reorder Required,6176510262.419995,0.9999976925761451,C,Reorder Required - Low Priority
26,51,26_51,645.08,32.254000000000005,37.6743906317499,20,152513,32.254000000000005,3,107.6690318853398,204.43103188533982,2,64.50800000000001,Reorder Required,6176510907.499995,0.9999977970167571,C,Reorder Required - Low Priority
37,49,37_49,632.15,19.156060606060606,11.0264488672107,33,39910,56.240962982177734,2,25.72969332915766,138.21161929351314,4,76.62424242424242,Reorder Required,6176511539.649995,0.9999978993639587,C,Reorder Required - Low Priority
30,23,30_23,587.52,17.28,13.822291613713894,34,42988,360.65106201171875,1,22.806781162627924,383.4578431743467,6,103.68,Reorder Required,6176512127.169995,0.9999979944854139,C,Reorder Required - Low Priority
26,47,26_47,548.92,91.48666666666666,81.45966527470307,6,152513,107.97708129882812,1,134.40844770326007,242.3855290020882,8,731.8933333333333,Stock Sufficient,6176512676.089995,0.9999980833573999,C,Review Overstock Risk
33,32,33_32,545.0,25.952380952380953,22.907370408836083,21,39690,28.392663955688477,4,75.59432234915907,189.164978171913,7,181.66666666666666,Reorder Required,6176513221.089995,0.9999981715947248,C,Reorder Required - Low Priority
4,45,4_45,522.08,14.110270270270272,12.130870511606718,37,205863,160.99700927734375,3,34.66861870913412,517.6596465411653,6,84.66162162162163,Reorder Required,6176513743.169995,0.9999982561212248,C,Reorder Required - Low Priority
20,45,20_45,486.18,16.7648275862069,7.859771271067469,29,203742,16.7648275862069,1,12.968622597261323,29.73345018346822,2,33.5296551724138,Stock Sufficient,6176514229.349996,0.9999983348353948,C,Stock Sufficient
35,49,35_49,464.23,18.569200000000002,15.980095932127565,25,103681,113.25323486328125,2,37.28879285214258,263.7952625787051,8,148.55360000000002,Reorder Required,6176514693.579995,0.9999984099957862,C,Reorder Required - Low Priority
17,51,17_51,459.01,15.827931034482758,21.793765717239662,29,93188,15.827931034482758,4,71.91942686689089,135.23115100482192,3,47.48379310344827,Reorder Required,6176515152.589995,0.9999984843110421,C,Reorder Required - Low Priority
36,22,36_22,440.67,110.1675,47.46046029766954,4,39910,123.55457305908203,2,110.74672393856623,357.8558700567303,8,881.34,Stock Sufficient,6176515593.259995,0.9999985556569907,C,Review Overstock Risk
18,45,18_45,425.5,19.34090909090909,17.3425205256277,22,120653,19.34090909090909,1,28.615158867285707,47.956067958194794,3,58.022727272727266,Stock Sufficient,6176516018.759995,0.9999986245468654,C,Stock Sufficient
28,47,28_47,415.5,83.1,121.52180874229941,5,206302,83.1,1,200.51098442479403,283.610984424794,1,83.1,Reorder Required,6176516434.259995,0.9999986918177066,C,Reorder Required - Low Priority
16,47,16_47,375.0,375.0,0.0,1,57197,375.0,4,0.0,1500.0,3,1125.0,Reorder Required,6176516809.259995,0.9999987525314622,C,Reorder Required - Low Priority
31,51,31_51,348.6,8.938461538461539,8.530444098534296,39,203750,8.938461538461539,2,19.90538506640101,37.78230814332409,1,8.938461538461539,Reorder Required,6176517157.859996,0.9999988089709695,C,Reorder Required - Low Priority
25,45,25_45,326.16,19.185882352941178,11.11214597795107,17,128107,19.185882352941178,4,36.670081727238525,113.41361113900324,1,19.185882352941178,Reorder Required,6176517484.019996,0.9999988617773656,C,Reorder Required - Low Priority
41,47,41_47,309.0,103.0,152.4204710660612,3,196321,103.0,2,355.6659106521174,561.6659106521174,2,206.0,Reorder Required,6176517793.019996,0.9999989118055003,C,Reorder Required - Low Priority
22,49,22_49,303.92,17.87764705882353,11.354032064321776,17,119557,104.77706146240234,2,26.494093119421695,236.0482160442264,3,53.632941176470595,Reorder Required,6176518096.939996,0.9999989610111659,C,Reorder Required - Low Priority
43,23,43_23,287.58,26.14363636363636,12.671133550497581,11,41062,26.14363636363636,4,41.814740716642014,146.38928617118745,2,52.28727272727272,Reorder Required,6176518384.519996,0.9999990075713308,C,Reorder Required - Low Priority
5,98,5_98,268.0,26.8,27.357915775065095,10,34875,26.8,1,45.140561028857405,71.9405610288574,2,53.6,Reorder Required,6176518652.519996,0.9999990509614282,C,Reorder Required - Low Priority
19,45,19_45,260.64,17.375999999999998,23.541961867512843,15,203819,17.375999999999998,3,67.28019220622919,119.40819220622919,6,104.25599999999999,Reorder Required,6176518913.159996,0.9999990931599169,C,Reorder Required - Low Priority
35,47,35_47,259.0,64.75,48.286471535341384,4,103681,64.75,1,79.67267803331328,144.42267803331328,3,194.25,Stock Sufficient,6176519172.159996,0.9999991350928842,C,Stock Sufficient
18,51,18_51,248.64000000000001,9.20888888888889,8.402249393572822,27,120653,9.20888888888889,2,19.606248827272466,38.024026605050246,2,18.41777777777778,Reorder Required,6176519420.799996,0.9999991753485328,C,Reorder Required - Low Priority
38,26,38_26,234.77,5.72609756097561,3.783279581295031,41,39690,27.365995407104492,1,6.242411309136801,33.60840671624129,2,11.45219512195122,Reorder Required,6176519655.569997,0.9999992133585819,C,Reorder Required - Low Priority
38,44,38_44,227.57,5.550487804878049,4.067386108558857,41,39690,85.65856170654297,4,13.422374158244228,356.0566209844161,3,16.651463414634147,Reorder Required,6176519883.139997,0.9999992502029268,C,Reorder Required - Low Priority
1,47,1_47,224.0,224.0,0.0,1,151315,0.0,4,0.0,0.0,8,1792.0,Stock Sufficient,6176520107.139997,0.9999992864692768,C,Review Overstock Risk
38,49,38_49,220.23,12.235,5.566473432128123,18,39690,39.97486877441406,4,18.369362326022806,178.26883742367906,6,73.41,Reorder Required,6176520327.369996,0.9999993221252512,C,Reorder Required - Low Priority
31,45,31_45,217.85000000000002,12.814705882352943,7.103422694067151,17,203750,12.814705882352943,2,16.57549857681068,42.204910341516566,2,25.629411764705885,Reorder Required,6176520545.219996,0.9999993573958957,C,Reorder Required - Low Priority
11,47,11_47,213.0,71.0,13.527749258468683,3,207499,0.0,3,38.660735895737936,38.660735895737936,7,497.0,Stock Sufficient,6176520758.219996,0.9999993918813089,C,Review Overstock Risk
11,51,11_51,194.95,12.184375,9.048987397309526,16,207499,12.184375,2,21.115381159980274,45.48413115998027,2,24.36875,Reorder Required,6176520953.169996,0.9999994234443667,C,Reorder Required - Low Priority
30,26,30_26,189.47,7.894583333333333,5.079030187440072,24,42988,7.894583333333333,3,14.515278257406766,38.199028257406766,5,39.47291666666666,Stock Sufficient,6176521142.639997,0.9999994541201941,C,Stock Sufficient
45,45,45_45,179.72,13.824615384615385,6.923135868694926,13,118221,206.40960693359375,3,19.785518069265475,639.0143388700467,5,69.12307692307692,Reorder Required,6176521322.359997,0.9999994832174639,C,Reorder Required - Low Priority
3,51,3_51,164.9,3.3653061224489798,3.829385885295891,49,37392,3.3653061224489798,4,12.63697342147644,26.098197911272358,3,10.09591836734694,Reorder Required,6176521487.259996,0.9999995099153259,C,Reorder Required - Low Priority
15,45,15_45,164.13,14.92090909090909,8.853598652012021,11,123737,14.92090909090909,4,29.216875551639667,88.90051191527603,5,74.60454545454544,Reorder Required,6176521651.389997,0.9999995364885226,C,Reorder Required - Low Priority
2,47,2_47,156.0,78.0,110.30865786510141,2,202307,78.0,4,364.0185709548346,676.0185709548346,8,624.0,Reorder Required,6176521807.389997,0.9999995617454449,C,Reorder Required - Low Priority
38,24,38_24,151.24,8.402222222222223,6.231373708954839,18,39690,8.402222222222223,2,14.540613798841463,31.34505824328591,4,33.60888888888889,Stock Sufficient,6176521958.629996,0.9999995862317073,C,Stock Sufficient
44,24,44_24,149.87,13.624545454545455,10.443926812876816,11,39910,49.65450668334961,2,24.370405856283973,123.6794192229832,2,27.24909090909091,Reorder Required,6176522108.499996,0.999999610496162,C,Reorder Required - Low Priority
25,47,25_47,148.0,148.0,0.0,1,128107,148.0,3,0.0,444.0,7,1036.0,Stock Sufficient,6176522256.499996,0.9999996344578576,C,Review Overstock Risk
33,6,33_6,135.23,9.659285714285714,3.488941793031927,14,39690,9.659285714285714,3,9.970990342799896,38.94884748565703,1,9.659285714285714,Reorder Required,6176522391.729996,0.9999996563520474,C,Reorder Required - Low Priority
36,52,36_52,122.35,5.319565217391304,6.4630118775725816,23,39910,5.319565217391304,2,15.081130434218553,25.72026086900116,8,42.55652173913043,Stock Sufficient,6176522514.079996,0.999999676160922,C,Review Overstock Risk
37,26,37_26,120.44,20.073333333333334,20.570665197476394,6,39910,20.073333333333334,3,58.788571491404674,119.00857149140467,4,80.29333333333334,Reorder Required,6176522634.519996,0.9999996956605612,C,Reorder Required - Low Priority
21,47,21_47,120.0,60.0,25.45584412271571,2,140167,168.0552215576172,3,72.74984536066037,576.915510033512,1,60.0,Reorder Required,6176522754.519996,0.999999715088963,C,Reorder Required - Low Priority
33,24,33_24,119.22,9.935,3.662531414696175,12,39690,9.935,2,8.546342638813401,28.416342638813404,2,19.87,Reorder Required,6176522873.739996,0.9999997343910803,C,Reorder Required - Low Priority
36,6,36_6,101.84,16.973333333333333,7.806557926939802,6,39910,16.973333333333333,2,18.21623115795361,52.16289782462027,4,67.89333333333333,Stock Sufficient,6176522975.579996,0.9999997508793174,C,Stock Sufficient
38,33,38_33,100.58,5.293684210526315,4.269573502674107,19,39690,361.42950439453125,3,12.201945084914254,1096.490458268508,7,37.05578947368421,Reorder Required,6176523076.159996,0.9999997671635561,C,Reorder Required - Low Priority
18,96,18_96,90.64,11.33,13.560045301230693,8,120653,11.33,3,38.75303423420084,72.74303423420085,4,45.32,Reorder Required,6176523166.799996,0.9999997818384756,C,Reorder Required - Low Priority
44,33,44_33,90.58,15.096666666666666,12.06307534033783,6,39910,62.39452362060547,2,28.14861183788643,152.93765907909736,3,45.29,Reorder Required,6176523257.379996,0.9999997965036809,C,Reorder Required - Low Priority
4,51,4_51,85.36,7.76,4.726021582684531,11,205863,7.76,4,15.595871222858952,46.63587122285895,6,46.56,Reorder Required,6176523342.739996,0.9999998103237506,C,Reorder Required - Low Priority
36,23,36_23,80.64,16.128,9.323621613943798,5,39910,16.128,3,26.64582747073169,75.02982747073169,1,16.128,Reorder Required,6176523423.379996,0.9999998233796368,C,Reorder Required - Low Priority
25,19,25_19,78.0,13.0,14.936532395439043,6,128107,13.0,3,42.686874446368165,81.68687444636817,7,91.0,Stock Sufficient,6176523501.379996,0.9999998360080979,C,Review Overstock Risk
33,33,33_33,77.63,9.70375,9.795303448227479,8,39690,9.70375,3,27.993839359009606,57.105089359009604,2,19.4075,Reorder Required,6176523579.009996,0.9999998485766548,C,Reorder Required - Low Priority
43,49,43_49,75.79,9.47375,4.507507824254361,8,41062,64.78253936767578,3,12.881933735752616,207.22955183877997,1,9.47375,Reorder Required,6176523654.799996,0.9999998608473096,C,Reorder Required - Low Priority
15,51,15_51,70.22,4.38875,3.6822834853751645,16,123737,4.38875,4,12.151535501738042,29.706535501738042,3,13.16625,Reorder Required,6176523725.019997,0.9999998722161628,C,Reorder Required - Low Priority
14,47,14_47,64.92,32.46,24.692168799034242,2,200898,32.46,1,40.742078518406494,73.2020785184065,8,259.68,Stock Sufficient,6176523789.939997,0.9999998827269282,C,Review Overstock Risk
9,45,9_45,58.85,11.77,0.2738612787525832,5,125833,11.77,4,0.9037422198835245,47.983742219883524,6,70.62,Stock Sufficient,6176523848.789997,0.9999998922549402,C,Review Overstock Risk
30,27,30_27,56.879999999999995,8.125714285714285,6.463267638851773,7,42988,8.125714285714285,1,10.664391604105425,18.79010588981971,6,48.75428571428571,Stock Sufficient,6176523905.669997,0.9999999014640027,C,Review Overstock Risk
3,80,3_80,54.88,6.097777777777778,4.560221424935904,9,37392,89.646728515625,4,15.04873070228848,373.6356447647885,1,6.097777777777778,Reorder Required,6176523960.549997,0.9999999103492585,C,Reorder Required - Low Priority
33,23,33_23,45.28,5.66,4.356827154839042,8,39690,127.6107177734375,1,7.188764805484419,134.79948257892192,5,28.3,Reorder Required,6176524005.829997,0.9999999176802421,C,Reorder Required - Low Priority
30,49,30_49,44.79,11.1975,12.211034285978126,4,42988,11.1975,3,34.89771746386143,68.49021746386143,6,67.185,Reorder Required,6176524050.619997,0.999999924931893,C,Reorder Required - Low Priority
33,44,33_44,43.17,4.317,3.160320131463478,10,39690,217.87229919433594,3,9.03182780919787,662.6487253922057,6,25.902,Reorder Required,6176524093.789997,0.9999999319212606,C,Reorder Required - Low Priority
45,51,45_51,42.760000000000005,4.276000000000001,5.383074709989945,10,118221,4.276000000000001,2,12.561148482523402,21.113148482523403,4,17.104000000000003,Reorder Required,6176524136.549997,0.9999999388442479,C,Reorder Required - Low Priority
37,55,37_55,41.580000000000005,10.395000000000001,2.9700000000000006,4,39910,10.395000000000001,1,4.900500000000001,15.295500000000002,6,62.370000000000005,Stock Sufficient,6176524178.129997,0.9999999455761891,C,Review Overstock Risk
42,44,42_44,36.57,4.57125,4.831830287641674,8,39690,238.9938201904297,2,11.274845874382114,489.26248625524147,3,13.713750000000001,Reorder Required,6176524214.699997,0.9999999514969945,C,Reorder Required - Low Priority
14,45,14_45,32.32,8.08,8.010110278059015,4,200898,8.08,2,18.69121087570305,34.851210875703046,2,16.16,Reorder Required,6176524247.019997,0.9999999567297106,C,Reorder Required - Low Priority
39,19,39_19,29.13,5.826,5.8265881955051535,5,184109,96.81243896484375,2,13.596066079936504,207.220944009624,7,40.782,Reorder Required,6176524276.149997,0.9999999614459552,C,Reorder Required - Low Priority
37,24,37_24,28.849999999999998,5.77,0.8366600265340756,5,39910,5.77,1,1.3804890437812245,7.150489043781224,8,46.16,Stock Sufficient,6176524304.999997,0.9999999661168668,C,Review Overstock Risk
43,44,43_44,27.86,4.6433333333333335,2.5019725551385785,6,41062,4.6433333333333335,4,8.256509431957308,26.829842765290643,6,27.86,Stock Sufficient,6176524332.859997,0.999999970627494,C,Review Overstock Risk
21,45,21_45,23.46,7.82,10.540265651301205,3,140167,7.82,2,24.59520794789099,40.23520794789099,7,54.74,Stock Sufficient,6176524356.319997,0.9999999744257466,C,Review Overstock Risk
24,51,24_51,20.259999999999998,2.251111111111111,1.1874388873163584,9,203819,2.251111111111111,2,2.770832095237819,7.273054317460041,7,15.757777777777775,Stock Sufficient,6176524376.579997,0.9999999777059085,C,Review Overstock Risk
38,34,38_34,17.9,8.95,4.228498551495553,2,39690,0.0,1,6.977022609967663,6.977022609967663,1,8.95,Stock Sufficient,6176524394.479997,0.9999999806039783,C,Stock Sufficient
36,32,36_32,16.5,4.125,0.5951190357119043,4,39910,51.78529357910156,3,1.7007810705672852,157.05666180787196,6,24.75,Reorder Required,6176524410.979997,0.9999999832753836,C,Reorder Required - Low Priority
7,47,7_47,15.0,15.0,0.0,1,70713,15.0,1,0.0,15.0,3,45.0,Stock Sufficient,6176524425.979997,0.9999999857039339,C,Stock Sufficient
30,44,30_44,14.13,3.5325,0.6574889099191455,4,42988,0.0,2,1.5342190603039705,1.5342190603039705,1,3.5325,Stock Sufficient,6176524440.109997,0.9999999879916281,C,Stock Sufficient
8,45,8_45,11.97,11.97,0.0,1,155078,11.97,3,0.0,35.910000000000004,1,11.97,Reorder Required,6176524452.079997,0.9999999899296113,C,Reorder Required - Low Priority
27,45,27_45,11.97,11.97,0.0,1,204184,11.97,2,0.0,23.94,3,35.910000000000004,Stock Sufficient,6176524464.049997,0.9999999918675945,C,Stock Sufficient
33,56,33_56,9.0,9.0,0.0,1,39690,9.0,2,0.0,18.0,4,36.0,Stock Sufficient,6176524473.049997,0.9999999933247246,C,Stock Sufficient
10,51,10_51,8.77,8.77,0.0,1,126512,8.77,3,0.0,26.31,7,61.39,Stock Sufficient,6176524481.819998,0.999999994744617,C,Review Overstock Risk
25,51,25_51,7.0,7.0,0.0,1,128107,7.0,2,0.0,14.0,3,21.0,Stock Sufficient,6176524488.819998,0.9999999958779404,C,Stock Sufficient
37,44,37_44,6.85,1.7125,0.4802343178074636,4,39910,247.6357879638672,4,1.5847732487646298,992.1279251042333,1,1.7125,Reorder Required,6176524495.669998,0.9999999969869784,C,Reorder Required - Low Priority
9,98,9_98,6.0,6.0,0.0,1,125833,6.0,1,0.0,6.0,6,36.0,Stock Sufficient,6176524501.669998,0.9999999979583986,C,Review Overstock Risk
43,27,43_27,4.47,4.47,0.0,1,41062,4.47,4,0.0,17.88,7,31.29,Stock Sufficient,6176524506.139998,0.9999999986821065,C,Review Overstock Risk
43,26,43_26,3.25,3.25,0.0,1,41062,64.90583038330078,3,0.0,194.71749114990234,1,3.25,Reorder Required,6176524509.389998,0.9999999992082924,C,Reorder Required - Low Priority
12,96,12_96,2.0,1.0,0.0,2,112238,3.21359920501709,2,0.0,6.42719841003418,3,3.0,Reorder Required,6176524511.389998,0.9999999995320991,C,Reorder Required - Low Priority
9,80,9_80,1.88,1.88,0.0,1,125833,197.94595336914062,2,0.0,395.89190673828125,7,13.16,Reorder Required,6176524513.269999,0.9999999998364775,C,Reorder Required - Low Priority
20,96,20_96,1.01,1.01,0.0,1,203742,0.0,1,0.0,0.0,2,2.02,Stock Sufficient,6176524514.279999,0.9999999999999999,C,Stock Sufficient
